ISO-10303-21;
HEADER;
FILE_DESCRIPTION (('ViewDefinition [CoordinationView]'), '2;1');
FILE_NAME ('', '2026-10-10T11:06:53', (''), (''), '', 'Cabinplanner 2020', '');
FILE_SCHEMA (('IFC2X3'));
ENDSEC;
DATA;
#1= IFCPROJECT('2xS4WMDLP0EQvDN$Ei_0Uv',#2,'Default Project','walls: 177.83 m2, floors: 101.27 m2, roofs: 115.23 m2, poles: 0 m2, triangles: 20.11 m2, beams: 54.44 m2, fences: 0 m2, raingutters: 0 m, items: 0 m2, windows: 98.0 m2, doors: 161.5 m2, stairs: 0 m2',$,$,$,(#11),#7);
#2= IFCOWNERHISTORY(#3,#6,$,.ADDED.,$,$,$,1791630413);
#3= IFCPERSONANDORGANIZATION(#4,#5,$);
#4= IFCPERSON($,'',$,$,$,$,$,$);
#5= IFCORGANIZATION($,'BIM-Tools',$,$,$);
#6= IFCAPPLICATION(#5,'1.0.0','IFC for cabinplanner','cabinplanner');
#7= IFCUNITASSIGNMENT((#8,#9,#10));
#8= IFCSIUNIT(*,.LENGTHUNIT.,.MILLI.,.METRE.);
#9= IFCSIUNIT(*,.AREAUNIT.,$,.SQUARE_METRE.);
#10= IFCSIUNIT(*,.VOLUMEUNIT.,$,.CUBIC_METRE.);
#11= IFCGEOMETRICREPRESENTATIONCONTEXT($,'Model',3,1.E-5,#12,#14);
#12= IFCAXIS2PLACEMENT3D(#13,$,$);
#13= IFCCARTESIANPOINT((0., 0., 0.));
#14= IFCDIRECTION((0., 1., 0.));
#15= IFCSITE('0b39K_Gzj2FxRL4c2xEum2',#2,'Default Site','Description of Default Site',$,$,$,$,$,$,$,$,$,$);
#16= IFCBUILDING('2q9gcLXWjAX99Frwta$Kne',#2,'Default Building','Description of Default Building',$,$,$,$,$,$,$,$);
#17= IFCBUILDINGSTOREY('1A3X68qAf4VOvtOsGTLwhr',#2,$,$,$,$,$,$,$,$);
#18= IFCRELAGGREGATES('3Qn90zguXBd9jkKEfQrpnj',#2,'BuildingContainer',$,#16,(#17));
#19= IFCRELAGGREGATES('22jaBjO690GBF3mDYtQlum',#2,'ProjectContainer',$,#15,(#16));
#20= IFCRELAGGREGATES('1Dn0VYoW51GAoQb7UfHXsK',#2,$,$,#1,(#15));
#21= IFCRELCONTAINEDINSPATIALSTRUCTURE('11Wmp60ELFauNAcp3d$6aH',#2,'Default Building','Contents of Building Storey',(#23,#60,#94,#128,#182,#216,#250,#284,#318,#352,#386,#420,#454,#508,#542,#576,#630,#664,#698,#732,#766,#800,#854,#888,#922,#956,#990,#1044,#1078,#1112,#1166,#1200,#1254,#1288,#1322,#1381,#1415,#1449,#1483,#1517,#1571,#1605,#1659,#1758,#1792,#1846,#1878,#1910,#1942,#1974,#2006,#2038,#2070,#2102,#2134,#2166,#2198,#2230,#2262,#2294,#2326,#2358,#2390,#2422,#2454,#2486,#2518,#2550,#2582,#2614,#2646,#2678,#2710,#2742,#2774,#2806,#2838,#2870,#2902,#2934,#2966,#2998,#3030,#3062,#3094,#3126,#3158,#3190,#3222,#3254,#3286,#3318,#3350,#3382,#3414,#3447,#3479,#3537,#3569,#3627,#3659,#3691,#3723,#3755,#3787,#3819,#3851,#3883,#3915,#3947,#3979,#4011,#4043,#4075,#4107,#4139,#4171,#4203,#4235,#4267,#4299,#4331,#4363,#4395,#4427,#4459,#4491,#4523,#4555,#4587,#4619,#4651,#4683,#4715,#4747,#4779,#4811,#4843,#4875,#4907,#4939,#4971,#5003,#5035,#5067,#5099,#5131,#5163,#5195,#5227,#5259,#5291,#5323,#5355,#5387,#5419,#5451,#5483,#5515,#5547,#5579,#5611,#5643,#5675,#5707,#5739,#5771,#5803,#5835,#5867,#5899,#5931,#5963,#5995,#6027,#6059,#6091,#6123,#6155,#6187,#6219,#6251,#6283,#6315,#6347,#6379,#6411,#6443,#6475,#6507,#6539,#6571,#6603,#6635,#6667,#6699,#6731,#6763,#6795,#6827,#6859,#6891,#6923,#6955,#6987,#7019,#7051,#7083,#7118,#7332,#7442,#7656,#7870,#7980,#8090,#8200,#8362,#8524,#8686,#8822,#8984,#9432),#17);
#22= IFCWALL('1eITosPDD5oearuZVZGluB',#2,$,$,$,$,$,$);
#23= IFCWALL('2IBQyLLin3hPdvkJ_cZI7T',#2,$,$,$,$,#24,$);
#24= IFCPRODUCTDEFINITIONSHAPE($,$,(#25));
#25= IFCSHAPEREPRESENTATION(#11,'Body','Brep',(#53));
#26= IFCCARTESIANPOINT((-5651.,-599.,0.));
#27= IFCCARTESIANPOINT((-5651.,-401.,0.));
#28= IFCCARTESIANPOINT((-5651.,-401.,2322.2999999999997));
#29= IFCCARTESIANPOINT((-5651.,-599.,2267.7000000000003));
#30= IFCCARTESIANPOINT((-5709.,-599.,0.));
#31= IFCCARTESIANPOINT((-5709.,-401.,0.));
#32= IFCCARTESIANPOINT((-5709.,-401.,2322.2999999999997));
#33= IFCCARTESIANPOINT((-5709.,-599.,2267.7000000000003));
#34= IFCCLOSEDSHELL((#37,#40,#43,#46,#49,#52));
#35= IFCPOLYLOOP((#26,#27,#28,#29));
#36= IFCFACEOUTERBOUND(#35,.T.);
#37= IFCFACE((#36));
#38= IFCPOLYLOOP((#30,#31,#32,#33));
#39= IFCFACEOUTERBOUND(#38,.T.);
#40= IFCFACE((#39));
#41= IFCPOLYLOOP((#26,#27,#31,#30));
#42= IFCFACEOUTERBOUND(#41,.T.);
#43= IFCFACE((#42));
#44= IFCPOLYLOOP((#27,#28,#32,#31));
#45= IFCFACEOUTERBOUND(#44,.T.);
#46= IFCFACE((#45));
#47= IFCPOLYLOOP((#28,#29,#33,#32));
#48= IFCFACEOUTERBOUND(#47,.T.);
#49= IFCFACE((#48));
#50= IFCPOLYLOOP((#29,#26,#30,#33));
#51= IFCFACEOUTERBOUND(#50,.T.);
#52= IFCFACE((#51));
#53= IFCFACETEDBREP(#34);
#54= IFCCOLOURRGB($,0.9764705882352941,0.8235294117647058,0.6823529411764706);
#55= IFCSURFACESTYLERENDERING(#54,0.,IFCNORMALISEDRATIOMEASURE(0.92),$,$,$,IFCNORMALISEDRATIOMEASURE(0.),$,.NOTDEFINED.);
#56= IFCSURFACESTYLE('Brick-White',.BOTH.,(#55));
#57= IFCPRESENTATIONSTYLEASSIGNMENT((#56));
#58= IFCSTYLEDITEM(#53,(#57),$);
#59= IFCWALL('0uYBJD1OP6lRrm6X5lVsxu',#2,$,$,$,$,$,$);
#60= IFCWALL('13GBGM0SP3svoFoHPKSt$R',#2,$,$,$,$,#61,$);
#61= IFCPRODUCTDEFINITIONSHAPE($,$,(#62));
#62= IFCSHAPEREPRESENTATION(#11,'Body','Brep',(#90));
#63= IFCCARTESIANPOINT((-4041.,-599.,0.));
#64= IFCCARTESIANPOINT((-4041.,-401.,0.));
#65= IFCCARTESIANPOINT((-4041.,-401.,2322.2999999999997));
#66= IFCCARTESIANPOINT((-4041.,-599.,2267.7000000000003));
#67= IFCCARTESIANPOINT((-4099.,-599.,0.));
#68= IFCCARTESIANPOINT((-4099.,-401.,0.));
#69= IFCCARTESIANPOINT((-4099.,-401.,2322.2999999999997));
#70= IFCCARTESIANPOINT((-4099.,-599.,2267.7000000000003));
#71= IFCCLOSEDSHELL((#74,#77,#80,#83,#86,#89));
#72= IFCPOLYLOOP((#63,#64,#65,#66));
#73= IFCFACEOUTERBOUND(#72,.T.);
#74= IFCFACE((#73));
#75= IFCPOLYLOOP((#67,#68,#69,#70));
#76= IFCFACEOUTERBOUND(#75,.T.);
#77= IFCFACE((#76));
#78= IFCPOLYLOOP((#63,#64,#68,#67));
#79= IFCFACEOUTERBOUND(#78,.T.);
#80= IFCFACE((#79));
#81= IFCPOLYLOOP((#64,#65,#69,#68));
#82= IFCFACEOUTERBOUND(#81,.T.);
#83= IFCFACE((#82));
#84= IFCPOLYLOOP((#65,#66,#70,#69));
#85= IFCFACEOUTERBOUND(#84,.T.);
#86= IFCFACE((#85));
#87= IFCPOLYLOOP((#66,#63,#67,#70));
#88= IFCFACEOUTERBOUND(#87,.T.);
#89= IFCFACE((#88));
#90= IFCFACETEDBREP(#71);
#91= IFCPRESENTATIONSTYLEASSIGNMENT((#56));
#92= IFCSTYLEDITEM(#90,(#91),$);
#93= IFCWALL('0RWlXB7PT7ZgfTNbjllTCr',#2,$,$,$,$,$,$);
#94= IFCWALL('2WeZZaPYr3EuYEl8oD3v8r',#2,$,$,$,$,#95,$);
#95= IFCPRODUCTDEFINITIONSHAPE($,$,(#96));
#96= IFCSHAPEREPRESENTATION(#11,'Body','Brep',(#124));
#97= IFCCARTESIANPOINT((-1901.,-471.,0.));
#98= IFCCARTESIANPOINT((-5680.,-471.,0.));
#99= IFCCARTESIANPOINT((-5680.,-471.,2295.));
#100= IFCCARTESIANPOINT((-1901.,-471.,2295.));
#101= IFCCARTESIANPOINT((-1901.,-529.,0.));
#102= IFCCARTESIANPOINT((-5680.,-529.,0.));
#103= IFCCARTESIANPOINT((-5680.,-529.,2295.));
#104= IFCCARTESIANPOINT((-1901.,-529.,2295.));
#105= IFCCLOSEDSHELL((#108,#111,#114,#117,#120,#123));
#106= IFCPOLYLOOP((#97,#98,#99,#100));
#107= IFCFACEOUTERBOUND(#106,.T.);
#108= IFCFACE((#107));
#109= IFCPOLYLOOP((#101,#102,#103,#104));
#110= IFCFACEOUTERBOUND(#109,.T.);
#111= IFCFACE((#110));
#112= IFCPOLYLOOP((#97,#98,#102,#101));
#113= IFCFACEOUTERBOUND(#112,.T.);
#114= IFCFACE((#113));
#115= IFCPOLYLOOP((#98,#99,#103,#102));
#116= IFCFACEOUTERBOUND(#115,.T.);
#117= IFCFACE((#116));
#118= IFCPOLYLOOP((#99,#100,#104,#103));
#119= IFCFACEOUTERBOUND(#118,.T.);
#120= IFCFACE((#119));
#121= IFCPOLYLOOP((#100,#97,#101,#104));
#122= IFCFACEOUTERBOUND(#121,.T.);
#123= IFCFACE((#122));
#124= IFCFACETEDBREP(#105);
#125= IFCPRESENTATIONSTYLEASSIGNMENT((#56));
#126= IFCSTYLEDITEM(#124,(#125),$);
#127= IFCWALL('1s2aSarqb1xPBnq6NPeuKq',#2,$,$,$,$,$,$);
#128= IFCWALL('0RSkWMWGT8TuOpvZ8Kxb1a',#2,$,$,$,$,#129,$);
#129= IFCPRODUCTDEFINITIONSHAPE($,$,(#130));
#130= IFCSHAPEREPRESENTATION(#11,'Body','Brep',(#178));
#131= IFCCARTESIANPOINT((-1971.,-599.,0.));
#132= IFCCARTESIANPOINT((-1971.,205.,0.));
#133= IFCCARTESIANPOINT((-1971.,205.,1980.));
#134= IFCCARTESIANPOINT((-1971.,1755.,1980.));
#135= IFCCARTESIANPOINT((-1971.,1755.,0.));
#136= IFCCARTESIANPOINT((-1971.,2629.,0.));
#137= IFCCARTESIANPOINT((-1971.,2629.,3157.7999999999997));
#138= IFCCARTESIANPOINT((-1971.,-599.,2267.7000000000003));
#139= IFCCARTESIANPOINT((-2029.,-599.,0.));
#140= IFCCARTESIANPOINT((-2029.,205.,0.));
#141= IFCCARTESIANPOINT((-2029.,205.,1980.));
#142= IFCCARTESIANPOINT((-2029.,1755.,1980.));
#143= IFCCARTESIANPOINT((-2029.,1755.,0.));
#144= IFCCARTESIANPOINT((-2029.,2629.,0.));
#145= IFCCARTESIANPOINT((-2029.,2629.,3157.7999999999997));
#146= IFCCARTESIANPOINT((-2029.,-599.,2267.7000000000003));
#147= IFCCLOSEDSHELL((#150,#153,#156,#159,#162,#165,#168,#171,#174,#177));
#148= IFCPOLYLOOP((#131,#132,#133,#134,#135,#136,#137,#138));
#149= IFCFACEOUTERBOUND(#148,.T.);
#150= IFCFACE((#149));
#151= IFCPOLYLOOP((#139,#140,#141,#142,#143,#144,#145,#146));
#152= IFCFACEOUTERBOUND(#151,.T.);
#153= IFCFACE((#152));
#154= IFCPOLYLOOP((#131,#132,#140,#139));
#155= IFCFACEOUTERBOUND(#154,.T.);
#156= IFCFACE((#155));
#157= IFCPOLYLOOP((#132,#133,#141,#140));
#158= IFCFACEOUTERBOUND(#157,.T.);
#159= IFCFACE((#158));
#160= IFCPOLYLOOP((#133,#134,#142,#141));
#161= IFCFACEOUTERBOUND(#160,.T.);
#162= IFCFACE((#161));
#163= IFCPOLYLOOP((#134,#135,#143,#142));
#164= IFCFACEOUTERBOUND(#163,.T.);
#165= IFCFACE((#164));
#166= IFCPOLYLOOP((#135,#136,#144,#143));
#167= IFCFACEOUTERBOUND(#166,.T.);
#168= IFCFACE((#167));
#169= IFCPOLYLOOP((#136,#137,#145,#144));
#170= IFCFACEOUTERBOUND(#169,.T.);
#171= IFCFACE((#170));
#172= IFCPOLYLOOP((#137,#138,#146,#145));
#173= IFCFACEOUTERBOUND(#172,.T.);
#174= IFCFACE((#173));
#175= IFCPOLYLOOP((#138,#131,#139,#146));
#176= IFCFACEOUTERBOUND(#175,.T.);
#177= IFCFACE((#176));
#178= IFCFACETEDBREP(#147);
#179= IFCPRESENTATIONSTYLEASSIGNMENT((#56));
#180= IFCSTYLEDITEM(#178,(#179),$);
#181= IFCWALL('1uLYbzyIn9q8MDc049V102',#2,$,$,$,$,$,$);
#182= IFCWALL('3nlXPuxwX9vPuFBcekKB6$',#2,$,$,$,$,#183,$);
#183= IFCPRODUCTDEFINITIONSHAPE($,$,(#184));
#184= IFCSHAPEREPRESENTATION(#11,'Body','Brep',(#212));
#185= IFCCARTESIANPOINT((-9721.,-599.,0.));
#186= IFCCARTESIANPOINT((-9721.,2629.,0.));
#187= IFCCARTESIANPOINT((-9721.,2629.,3157.7999999999997));
#188= IFCCARTESIANPOINT((-9721.,-599.,2267.7000000000003));
#189= IFCCARTESIANPOINT((-9779.,-599.,0.));
#190= IFCCARTESIANPOINT((-9779.,2629.,0.));
#191= IFCCARTESIANPOINT((-9779.,2629.,3157.7999999999997));
#192= IFCCARTESIANPOINT((-9779.,-599.,2267.7000000000003));
#193= IFCCLOSEDSHELL((#196,#199,#202,#205,#208,#211));
#194= IFCPOLYLOOP((#185,#186,#187,#188));
#195= IFCFACEOUTERBOUND(#194,.T.);
#196= IFCFACE((#195));
#197= IFCPOLYLOOP((#189,#190,#191,#192));
#198= IFCFACEOUTERBOUND(#197,.T.);
#199= IFCFACE((#198));
#200= IFCPOLYLOOP((#185,#186,#190,#189));
#201= IFCFACEOUTERBOUND(#200,.T.);
#202= IFCFACE((#201));
#203= IFCPOLYLOOP((#186,#187,#191,#190));
#204= IFCFACEOUTERBOUND(#203,.T.);
#205= IFCFACE((#204));
#206= IFCPOLYLOOP((#187,#188,#192,#191));
#207= IFCFACEOUTERBOUND(#206,.T.);
#208= IFCFACE((#207));
#209= IFCPOLYLOOP((#188,#185,#189,#192));
#210= IFCFACEOUTERBOUND(#209,.T.);
#211= IFCFACE((#210));
#212= IFCFACETEDBREP(#193);
#213= IFCPRESENTATIONSTYLEASSIGNMENT((#56));
#214= IFCSTYLEDITEM(#212,(#213),$);
#215= IFCWALL('2R5aDr43r2TuXoJbPXsG6l',#2,$,$,$,$,$,$);
#216= IFCWALL('2jpkTgU795Q9tfOrrp0S10',#2,$,$,$,$,#217,$);
#217= IFCPRODUCTDEFINITIONSHAPE($,$,(#218));
#218= IFCSHAPEREPRESENTATION(#11,'Body','Brep',(#246));
#219= IFCCARTESIANPOINT((-5651.,11151.,0.));
#220= IFCCARTESIANPOINT((-5651.,11349.,0.));
#221= IFCCARTESIANPOINT((-5651.,11349.,2267.7000000000003));
#222= IFCCARTESIANPOINT((-5651.,11151.,2322.2999999999997));
#223= IFCCARTESIANPOINT((-5709.,11151.,0.));
#224= IFCCARTESIANPOINT((-5709.,11349.,0.));
#225= IFCCARTESIANPOINT((-5709.,11349.,2267.7000000000003));
#226= IFCCARTESIANPOINT((-5709.,11151.,2322.2999999999997));
#227= IFCCLOSEDSHELL((#230,#233,#236,#239,#242,#245));
#228= IFCPOLYLOOP((#219,#220,#221,#222));
#229= IFCFACEOUTERBOUND(#228,.T.);
#230= IFCFACE((#229));
#231= IFCPOLYLOOP((#223,#224,#225,#226));
#232= IFCFACEOUTERBOUND(#231,.T.);
#233= IFCFACE((#232));
#234= IFCPOLYLOOP((#219,#220,#224,#223));
#235= IFCFACEOUTERBOUND(#234,.T.);
#236= IFCFACE((#235));
#237= IFCPOLYLOOP((#220,#221,#225,#224));
#238= IFCFACEOUTERBOUND(#237,.T.);
#239= IFCFACE((#238));
#240= IFCPOLYLOOP((#221,#222,#226,#225));
#241= IFCFACEOUTERBOUND(#240,.T.);
#242= IFCFACE((#241));
#243= IFCPOLYLOOP((#222,#219,#223,#226));
#244= IFCFACEOUTERBOUND(#243,.T.);
#245= IFCFACE((#244));
#246= IFCFACETEDBREP(#227);
#247= IFCPRESENTATIONSTYLEASSIGNMENT((#56));
#248= IFCSTYLEDITEM(#246,(#247),$);
#249= IFCWALL('1ZYiP8CAfB6gXkzX8k2hXY',#2,$,$,$,$,$,$);
#250= IFCWALL('2V_KeUrWTAifMLmjtvsLK1',#2,$,$,$,$,#251,$);
#251= IFCPRODUCTDEFINITIONSHAPE($,$,(#252));
#252= IFCSHAPEREPRESENTATION(#11,'Body','Brep',(#280));
#253= IFCCARTESIANPOINT((-7811.,11151.,0.));
#254= IFCCARTESIANPOINT((-7811.,11349.,0.));
#255= IFCCARTESIANPOINT((-7811.,11349.,2267.7000000000003));
#256= IFCCARTESIANPOINT((-7811.,11151.,2322.2999999999997));
#257= IFCCARTESIANPOINT((-7869.,11151.,0.));
#258= IFCCARTESIANPOINT((-7869.,11349.,0.));
#259= IFCCARTESIANPOINT((-7869.,11349.,2267.7000000000003));
#260= IFCCARTESIANPOINT((-7869.,11151.,2322.2999999999997));
#261= IFCCLOSEDSHELL((#264,#267,#270,#273,#276,#279));
#262= IFCPOLYLOOP((#253,#254,#255,#256));
#263= IFCFACEOUTERBOUND(#262,.T.);
#264= IFCFACE((#263));
#265= IFCPOLYLOOP((#257,#258,#259,#260));
#266= IFCFACEOUTERBOUND(#265,.T.);
#267= IFCFACE((#266));
#268= IFCPOLYLOOP((#253,#254,#258,#257));
#269= IFCFACEOUTERBOUND(#268,.T.);
#270= IFCFACE((#269));
#271= IFCPOLYLOOP((#254,#255,#259,#258));
#272= IFCFACEOUTERBOUND(#271,.T.);
#273= IFCFACE((#272));
#274= IFCPOLYLOOP((#255,#256,#260,#259));
#275= IFCFACEOUTERBOUND(#274,.T.);
#276= IFCFACE((#275));
#277= IFCPOLYLOOP((#256,#253,#257,#260));
#278= IFCFACEOUTERBOUND(#277,.T.);
#279= IFCFACE((#278));
#280= IFCFACETEDBREP(#261);
#281= IFCPRESENTATIONSTYLEASSIGNMENT((#56));
#282= IFCSTYLEDITEM(#280,(#281),$);
#283= IFCWALL('12ZgTBpknCsg$5pSWxuLZQ',#2,$,$,$,$,$,$);
#284= IFCWALL('0oLG0hNvnCmgXDefLrTD58',#2,$,$,$,$,#285,$);
#285= IFCPRODUCTDEFINITIONSHAPE($,$,(#286));
#286= IFCSHAPEREPRESENTATION(#11,'Body','Brep',(#314));
#287= IFCCARTESIANPOINT((-1901.,11279.,0.));
#288= IFCCARTESIANPOINT((-5680.,11279.,0.));
#289= IFCCARTESIANPOINT((-5680.,11279.,2295.));
#290= IFCCARTESIANPOINT((-1901.,11279.,2295.));
#291= IFCCARTESIANPOINT((-1901.,11221.,0.));
#292= IFCCARTESIANPOINT((-5680.,11221.,0.));
#293= IFCCARTESIANPOINT((-5680.,11221.,2295.));
#294= IFCCARTESIANPOINT((-1901.,11221.,2295.));
#295= IFCCLOSEDSHELL((#298,#301,#304,#307,#310,#313));
#296= IFCPOLYLOOP((#287,#288,#289,#290));
#297= IFCFACEOUTERBOUND(#296,.T.);
#298= IFCFACE((#297));
#299= IFCPOLYLOOP((#291,#292,#293,#294));
#300= IFCFACEOUTERBOUND(#299,.T.);
#301= IFCFACE((#300));
#302= IFCPOLYLOOP((#287,#288,#292,#291));
#303= IFCFACEOUTERBOUND(#302,.T.);
#304= IFCFACE((#303));
#305= IFCPOLYLOOP((#288,#289,#293,#292));
#306= IFCFACEOUTERBOUND(#305,.T.);
#307= IFCFACE((#306));
#308= IFCPOLYLOOP((#289,#290,#294,#293));
#309= IFCFACEOUTERBOUND(#308,.T.);
#310= IFCFACE((#309));
#311= IFCPOLYLOOP((#290,#287,#291,#294));
#312= IFCFACEOUTERBOUND(#311,.T.);
#313= IFCFACE((#312));
#314= IFCFACETEDBREP(#295);
#315= IFCPRESENTATIONSTYLEASSIGNMENT((#56));
#316= IFCSTYLEDITEM(#314,(#315),$);
#317= IFCWALL('2Dcj$aHe9AxP5tDd$h9Ly3',#2,$,$,$,$,$,$);
#318= IFCWALL('2Se1CR8v58N9yThrI87RvH',#2,$,$,$,$,#319,$);
#319= IFCPRODUCTDEFINITIONSHAPE($,$,(#320));
#320= IFCSHAPEREPRESENTATION(#11,'Body','Brep',(#348));
#321= IFCCARTESIANPOINT((-5651.,2431.,0.));
#322= IFCCARTESIANPOINT((-5651.,2629.,0.));
#323= IFCCARTESIANPOINT((-5651.,2629.,3157.7999999999997));
#324= IFCCARTESIANPOINT((-5651.,2431.,3103.2));
#325= IFCCARTESIANPOINT((-5709.,2431.,0.));
#326= IFCCARTESIANPOINT((-5709.,2629.,0.));
#327= IFCCARTESIANPOINT((-5709.,2629.,3157.7999999999997));
#328= IFCCARTESIANPOINT((-5709.,2431.,3103.2));
#329= IFCCLOSEDSHELL((#332,#335,#338,#341,#344,#347));
#330= IFCPOLYLOOP((#321,#322,#323,#324));
#331= IFCFACEOUTERBOUND(#330,.T.);
#332= IFCFACE((#331));
#333= IFCPOLYLOOP((#325,#326,#327,#328));
#334= IFCFACEOUTERBOUND(#333,.T.);
#335= IFCFACE((#334));
#336= IFCPOLYLOOP((#321,#322,#326,#325));
#337= IFCFACEOUTERBOUND(#336,.T.);
#338= IFCFACE((#337));
#339= IFCPOLYLOOP((#322,#323,#327,#326));
#340= IFCFACEOUTERBOUND(#339,.T.);
#341= IFCFACE((#340));
#342= IFCPOLYLOOP((#323,#324,#328,#327));
#343= IFCFACEOUTERBOUND(#342,.T.);
#344= IFCFACE((#343));
#345= IFCPOLYLOOP((#324,#321,#325,#328));
#346= IFCFACEOUTERBOUND(#345,.T.);
#347= IFCFACE((#346));
#348= IFCFACETEDBREP(#329);
#349= IFCPRESENTATIONSTYLEASSIGNMENT((#56));
#350= IFCSTYLEDITEM(#348,(#349),$);
#351= IFCWALL('1Wb1ne5UnFQvlA1X$kYJeY',#2,$,$,$,$,$,$);
#352= IFCWALL('3EQLJIi45Cb9NAVs3nkDcJ',#2,$,$,$,$,#353,$);
#353= IFCPRODUCTDEFINITIONSHAPE($,$,(#354));
#354= IFCSHAPEREPRESENTATION(#11,'Body','Brep',(#382));
#355= IFCCARTESIANPOINT((-1901.,2559.,0.));
#356= IFCCARTESIANPOINT((-4070.,2559.,0.));
#357= IFCCARTESIANPOINT((-4070.,2559.,3130.5));
#358= IFCCARTESIANPOINT((-1901.,2559.,3130.5));
#359= IFCCARTESIANPOINT((-1901.,2501.,0.));
#360= IFCCARTESIANPOINT((-4070.,2501.,0.));
#361= IFCCARTESIANPOINT((-4070.,2501.,3130.5));
#362= IFCCARTESIANPOINT((-1901.,2501.,3130.5));
#363= IFCCLOSEDSHELL((#366,#369,#372,#375,#378,#381));
#364= IFCPOLYLOOP((#355,#356,#357,#358));
#365= IFCFACEOUTERBOUND(#364,.T.);
#366= IFCFACE((#365));
#367= IFCPOLYLOOP((#359,#360,#361,#362));
#368= IFCFACEOUTERBOUND(#367,.T.);
#369= IFCFACE((#368));
#370= IFCPOLYLOOP((#355,#356,#360,#359));
#371= IFCFACEOUTERBOUND(#370,.T.);
#372= IFCFACE((#371));
#373= IFCPOLYLOOP((#356,#357,#361,#360));
#374= IFCFACEOUTERBOUND(#373,.T.);
#375= IFCFACE((#374));
#376= IFCPOLYLOOP((#357,#358,#362,#361));
#377= IFCFACEOUTERBOUND(#376,.T.);
#378= IFCFACE((#377));
#379= IFCPOLYLOOP((#358,#355,#359,#362));
#380= IFCFACEOUTERBOUND(#379,.T.);
#381= IFCFACE((#380));
#382= IFCFACETEDBREP(#363);
#383= IFCPRESENTATIONSTYLEASSIGNMENT((#56));
#384= IFCSTYLEDITEM(#382,(#383),$);
#385= IFCWALL('2EygTBJaj31vgK74FPaASa',#2,$,$,$,$,$,$);
#386= IFCWALL('0f41YUtCvEdOdAbC$JCwA0',#2,$,$,$,$,#387,$);
#387= IFCPRODUCTDEFINITIONSHAPE($,$,(#388));
#388= IFCSHAPEREPRESENTATION(#11,'Body','Brep',(#416));
#389= IFCCARTESIANPOINT((-5651.,-599.,0.));
#390= IFCCARTESIANPOINT((-5651.,-401.,0.));
#391= IFCCARTESIANPOINT((-5651.,-401.,2322.2999999999997));
#392= IFCCARTESIANPOINT((-5651.,-599.,2267.7000000000003));
#393= IFCCARTESIANPOINT((-5709.,-599.,0.));
#394= IFCCARTESIANPOINT((-5709.,-401.,0.));
#395= IFCCARTESIANPOINT((-5709.,-401.,2322.2999999999997));
#396= IFCCARTESIANPOINT((-5709.,-599.,2267.7000000000003));
#397= IFCCLOSEDSHELL((#400,#403,#406,#409,#412,#415));
#398= IFCPOLYLOOP((#389,#390,#391,#392));
#399= IFCFACEOUTERBOUND(#398,.T.);
#400= IFCFACE((#399));
#401= IFCPOLYLOOP((#393,#394,#395,#396));
#402= IFCFACEOUTERBOUND(#401,.T.);
#403= IFCFACE((#402));
#404= IFCPOLYLOOP((#389,#390,#394,#393));
#405= IFCFACEOUTERBOUND(#404,.T.);
#406= IFCFACE((#405));
#407= IFCPOLYLOOP((#390,#391,#395,#394));
#408= IFCFACEOUTERBOUND(#407,.T.);
#409= IFCFACE((#408));
#410= IFCPOLYLOOP((#391,#392,#396,#395));
#411= IFCFACEOUTERBOUND(#410,.T.);
#412= IFCFACE((#411));
#413= IFCPOLYLOOP((#392,#389,#393,#396));
#414= IFCFACEOUTERBOUND(#413,.T.);
#415= IFCFACE((#414));
#416= IFCFACETEDBREP(#397);
#417= IFCPRESENTATIONSTYLEASSIGNMENT((#56));
#418= IFCSTYLEDITEM(#416,(#417),$);
#419= IFCWALL('14Azt8W$DF4BNiaiXskhDw',#2,$,$,$,$,$,$);
#420= IFCWALL('3jHlEb8Zr6FuaMdfB7QWTk',#2,$,$,$,$,#421,$);
#421= IFCPRODUCTDEFINITIONSHAPE($,$,(#422));
#422= IFCSHAPEREPRESENTATION(#11,'Body','Brep',(#450));
#423= IFCCARTESIANPOINT((-4041.,-599.,0.));
#424= IFCCARTESIANPOINT((-4041.,-401.,0.));
#425= IFCCARTESIANPOINT((-4041.,-401.,2322.2999999999997));
#426= IFCCARTESIANPOINT((-4041.,-599.,2267.7000000000003));
#427= IFCCARTESIANPOINT((-4099.,-599.,0.));
#428= IFCCARTESIANPOINT((-4099.,-401.,0.));
#429= IFCCARTESIANPOINT((-4099.,-401.,2322.2999999999997));
#430= IFCCARTESIANPOINT((-4099.,-599.,2267.7000000000003));
#431= IFCCLOSEDSHELL((#434,#437,#440,#443,#446,#449));
#432= IFCPOLYLOOP((#423,#424,#425,#426));
#433= IFCFACEOUTERBOUND(#432,.T.);
#434= IFCFACE((#433));
#435= IFCPOLYLOOP((#427,#428,#429,#430));
#436= IFCFACEOUTERBOUND(#435,.T.);
#437= IFCFACE((#436));
#438= IFCPOLYLOOP((#423,#424,#428,#427));
#439= IFCFACEOUTERBOUND(#438,.T.);
#440= IFCFACE((#439));
#441= IFCPOLYLOOP((#424,#425,#429,#428));
#442= IFCFACEOUTERBOUND(#441,.T.);
#443= IFCFACE((#442));
#444= IFCPOLYLOOP((#425,#426,#430,#429));
#445= IFCFACEOUTERBOUND(#444,.T.);
#446= IFCFACE((#445));
#447= IFCPOLYLOOP((#426,#423,#427,#430));
#448= IFCFACEOUTERBOUND(#447,.T.);
#449= IFCFACE((#448));
#450= IFCFACETEDBREP(#431);
#451= IFCPRESENTATIONSTYLEASSIGNMENT((#56));
#452= IFCSTYLEDITEM(#450,(#451),$);
#453= IFCWALL('29tJ2WMjnFxO1ruHOmCIiU',#2,$,$,$,$,$,$);
#454= IFCWALL('0ZNw6WeT10oPbG_vvPnRQA',#2,$,$,$,$,#455,$);
#455= IFCPRODUCTDEFINITIONSHAPE($,$,(#456));
#456= IFCSHAPEREPRESENTATION(#11,'Body','Brep',(#504));
#457= IFCCARTESIANPOINT((-5680.,-471.,0.));
#458= IFCCARTESIANPOINT((-7000.,-471.,0.));
#459= IFCCARTESIANPOINT((-7000.,-471.,2000.));
#460= IFCCARTESIANPOINT((-7500.,-471.,2000.));
#461= IFCCARTESIANPOINT((-7500.,-471.,0.));
#462= IFCCARTESIANPOINT((-7840.,-471.,0.));
#463= IFCCARTESIANPOINT((-7840.,-471.,2295.));
#464= IFCCARTESIANPOINT((-5680.,-471.,2295.));
#465= IFCCARTESIANPOINT((-5680.,-529.,0.));
#466= IFCCARTESIANPOINT((-7000.,-529.,0.));
#467= IFCCARTESIANPOINT((-7000.,-529.,2000.));
#468= IFCCARTESIANPOINT((-7500.,-529.,2000.));
#469= IFCCARTESIANPOINT((-7500.,-529.,0.));
#470= IFCCARTESIANPOINT((-7840.,-529.,0.));
#471= IFCCARTESIANPOINT((-7840.,-529.,2295.));
#472= IFCCARTESIANPOINT((-5680.,-529.,2295.));
#473= IFCCLOSEDSHELL((#476,#479,#482,#485,#488,#491,#494,#497,#500,#503));
#474= IFCPOLYLOOP((#457,#458,#459,#460,#461,#462,#463,#464));
#475= IFCFACEOUTERBOUND(#474,.T.);
#476= IFCFACE((#475));
#477= IFCPOLYLOOP((#465,#466,#467,#468,#469,#470,#471,#472));
#478= IFCFACEOUTERBOUND(#477,.T.);
#479= IFCFACE((#478));
#480= IFCPOLYLOOP((#457,#458,#466,#465));
#481= IFCFACEOUTERBOUND(#480,.T.);
#482= IFCFACE((#481));
#483= IFCPOLYLOOP((#458,#459,#467,#466));
#484= IFCFACEOUTERBOUND(#483,.T.);
#485= IFCFACE((#484));
#486= IFCPOLYLOOP((#459,#460,#468,#467));
#487= IFCFACEOUTERBOUND(#486,.T.);
#488= IFCFACE((#487));
#489= IFCPOLYLOOP((#460,#461,#469,#468));
#490= IFCFACEOUTERBOUND(#489,.T.);
#491= IFCFACE((#490));
#492= IFCPOLYLOOP((#461,#462,#470,#469));
#493= IFCFACEOUTERBOUND(#492,.T.);
#494= IFCFACE((#493));
#495= IFCPOLYLOOP((#462,#463,#471,#470));
#496= IFCFACEOUTERBOUND(#495,.T.);
#497= IFCFACE((#496));
#498= IFCPOLYLOOP((#463,#464,#472,#471));
#499= IFCFACEOUTERBOUND(#498,.T.);
#500= IFCFACE((#499));
#501= IFCPOLYLOOP((#464,#457,#465,#472));
#502= IFCFACEOUTERBOUND(#501,.T.);
#503= IFCFACE((#502));
#504= IFCFACETEDBREP(#473);
#505= IFCPRESENTATIONSTYLEASSIGNMENT((#56));
#506= IFCSTYLEDITEM(#504,(#505),$);
#507= IFCWALL('0URiWp6N1Dqh8lCa6IkvLl',#2,$,$,$,$,$,$);
#508= IFCWALL('1byMvTv3L63BVrBahRMIYi',#2,$,$,$,$,#509,$);
#509= IFCPRODUCTDEFINITIONSHAPE($,$,(#510));
#510= IFCSHAPEREPRESENTATION(#11,'Body','Brep',(#538));
#511= IFCCARTESIANPOINT((-5651.,-629.,0.));
#512= IFCCARTESIANPOINT((-5651.,2659.,0.));
#513= IFCCARTESIANPOINT((-5651.,2659.,3166.1000000000004));
#514= IFCCARTESIANPOINT((-5651.,-629.,2259.4));
#515= IFCCARTESIANPOINT((-5709.,-629.,0.));
#516= IFCCARTESIANPOINT((-5709.,2659.,0.));
#517= IFCCARTESIANPOINT((-5709.,2659.,3166.1000000000004));
#518= IFCCARTESIANPOINT((-5709.,-629.,2259.4));
#519= IFCCLOSEDSHELL((#522,#525,#528,#531,#534,#537));
#520= IFCPOLYLOOP((#511,#512,#513,#514));
#521= IFCFACEOUTERBOUND(#520,.T.);
#522= IFCFACE((#521));
#523= IFCPOLYLOOP((#515,#516,#517,#518));
#524= IFCFACEOUTERBOUND(#523,.T.);
#525= IFCFACE((#524));
#526= IFCPOLYLOOP((#511,#512,#516,#515));
#527= IFCFACEOUTERBOUND(#526,.T.);
#528= IFCFACE((#527));
#529= IFCPOLYLOOP((#512,#513,#517,#516));
#530= IFCFACEOUTERBOUND(#529,.T.);
#531= IFCFACE((#530));
#532= IFCPOLYLOOP((#513,#514,#518,#517));
#533= IFCFACEOUTERBOUND(#532,.T.);
#534= IFCFACE((#533));
#535= IFCPOLYLOOP((#514,#511,#515,#518));
#536= IFCFACEOUTERBOUND(#535,.T.);
#537= IFCFACE((#536));
#538= IFCFACETEDBREP(#519);
#539= IFCPRESENTATIONSTYLEASSIGNMENT((#56));
#540= IFCSTYLEDITEM(#538,(#539),$);
#541= IFCWALL('23Oil3huLFRRE8ScOCNudf',#2,$,$,$,$,$,$);
#542= IFCWALL('0vI4ixqtzBUxDRse5jIzMV',#2,$,$,$,$,#543,$);
#543= IFCPRODUCTDEFINITIONSHAPE($,$,(#544));
#544= IFCSHAPEREPRESENTATION(#11,'Body','Brep',(#572));
#545= IFCCARTESIANPOINT((-5651.,2401.,0.));
#546= IFCCARTESIANPOINT((-5651.,2659.,0.));
#547= IFCCARTESIANPOINT((-5651.,2659.,3166.1000000000004));
#548= IFCCARTESIANPOINT((-5651.,2401.,3094.9));
#549= IFCCARTESIANPOINT((-5709.,2401.,0.));
#550= IFCCARTESIANPOINT((-5709.,2659.,0.));
#551= IFCCARTESIANPOINT((-5709.,2659.,3166.1000000000004));
#552= IFCCARTESIANPOINT((-5709.,2401.,3094.9));
#553= IFCCLOSEDSHELL((#556,#559,#562,#565,#568,#571));
#554= IFCPOLYLOOP((#545,#546,#547,#548));
#555= IFCFACEOUTERBOUND(#554,.T.);
#556= IFCFACE((#555));
#557= IFCPOLYLOOP((#549,#550,#551,#552));
#558= IFCFACEOUTERBOUND(#557,.T.);
#559= IFCFACE((#558));
#560= IFCPOLYLOOP((#545,#546,#550,#549));
#561= IFCFACEOUTERBOUND(#560,.T.);
#562= IFCFACE((#561));
#563= IFCPOLYLOOP((#546,#547,#551,#550));
#564= IFCFACEOUTERBOUND(#563,.T.);
#565= IFCFACE((#564));
#566= IFCPOLYLOOP((#547,#548,#552,#551));
#567= IFCFACEOUTERBOUND(#566,.T.);
#568= IFCFACE((#567));
#569= IFCPOLYLOOP((#548,#545,#549,#552));
#570= IFCFACEOUTERBOUND(#569,.T.);
#571= IFCFACE((#570));
#572= IFCFACETEDBREP(#553);
#573= IFCPRESENTATIONSTYLEASSIGNMENT((#56));
#574= IFCSTYLEDITEM(#572,(#573),$);
#575= IFCWALL('3MpzRMOhH8qB5nwM9NqOyd',#2,$,$,$,$,$,$);
#576= IFCWALL('2pCdZvYhL419fZWQXfglL8',#2,$,$,$,$,#577,$);
#577= IFCPRODUCTDEFINITIONSHAPE($,$,(#578));
#578= IFCSHAPEREPRESENTATION(#11,'Body','Brep',(#626));
#579= IFCCARTESIANPOINT((-5680.,2559.,0.));
#580= IFCCARTESIANPOINT((-6845.,2559.,0.));
#581= IFCCARTESIANPOINT((-6845.,2559.,2000.));
#582= IFCCARTESIANPOINT((-7695.,2559.,2000.));
#583= IFCCARTESIANPOINT((-7695.,2559.,0.));
#584= IFCCARTESIANPOINT((-7840.,2559.,0.));
#585= IFCCARTESIANPOINT((-7840.,2559.,3130.5));
#586= IFCCARTESIANPOINT((-5680.,2559.,3130.5));
#587= IFCCARTESIANPOINT((-5680.,2501.,0.));
#588= IFCCARTESIANPOINT((-6845.,2501.,0.));
#589= IFCCARTESIANPOINT((-6845.,2501.,2000.));
#590= IFCCARTESIANPOINT((-7695.,2501.,2000.));
#591= IFCCARTESIANPOINT((-7695.,2501.,0.));
#592= IFCCARTESIANPOINT((-7840.,2501.,0.));
#593= IFCCARTESIANPOINT((-7840.,2501.,3130.5));
#594= IFCCARTESIANPOINT((-5680.,2501.,3130.5));
#595= IFCCLOSEDSHELL((#598,#601,#604,#607,#610,#613,#616,#619,#622,#625));
#596= IFCPOLYLOOP((#579,#580,#581,#582,#583,#584,#585,#586));
#597= IFCFACEOUTERBOUND(#596,.T.);
#598= IFCFACE((#597));
#599= IFCPOLYLOOP((#587,#588,#589,#590,#591,#592,#593,#594));
#600= IFCFACEOUTERBOUND(#599,.T.);
#601= IFCFACE((#600));
#602= IFCPOLYLOOP((#579,#580,#588,#587));
#603= IFCFACEOUTERBOUND(#602,.T.);
#604= IFCFACE((#603));
#605= IFCPOLYLOOP((#580,#581,#589,#588));
#606= IFCFACEOUTERBOUND(#605,.T.);
#607= IFCFACE((#606));
#608= IFCPOLYLOOP((#581,#582,#590,#589));
#609= IFCFACEOUTERBOUND(#608,.T.);
#610= IFCFACE((#609));
#611= IFCPOLYLOOP((#582,#583,#591,#590));
#612= IFCFACEOUTERBOUND(#611,.T.);
#613= IFCFACE((#612));
#614= IFCPOLYLOOP((#583,#584,#592,#591));
#615= IFCFACEOUTERBOUND(#614,.T.);
#616= IFCFACE((#615));
#617= IFCPOLYLOOP((#584,#585,#593,#592));
#618= IFCFACEOUTERBOUND(#617,.T.);
#619= IFCFACE((#618));
#620= IFCPOLYLOOP((#585,#586,#594,#593));
#621= IFCFACEOUTERBOUND(#620,.T.);
#622= IFCFACE((#621));
#623= IFCPOLYLOOP((#586,#579,#587,#594));
#624= IFCFACEOUTERBOUND(#623,.T.);
#625= IFCFACE((#624));
#626= IFCFACETEDBREP(#595);
#627= IFCPRESENTATIONSTYLEASSIGNMENT((#56));
#628= IFCSTYLEDITEM(#626,(#627),$);
#629= IFCWALL('0Y54yj2Cj9CvIPm4KULGfE',#2,$,$,$,$,$,$);
#630= IFCWALL('3BbL1T3Df0u8ttIKjAOS3j',#2,$,$,$,$,#631,$);
#631= IFCPRODUCTDEFINITIONSHAPE($,$,(#632));
#632= IFCSHAPEREPRESENTATION(#11,'Body','Brep',(#660));
#633= IFCCARTESIANPOINT((-5651.,-599.,0.));
#634= IFCCARTESIANPOINT((-5651.,-401.,0.));
#635= IFCCARTESIANPOINT((-5651.,-401.,2322.2999999999997));
#636= IFCCARTESIANPOINT((-5651.,-599.,2267.7000000000003));
#637= IFCCARTESIANPOINT((-5709.,-599.,0.));
#638= IFCCARTESIANPOINT((-5709.,-401.,0.));
#639= IFCCARTESIANPOINT((-5709.,-401.,2322.2999999999997));
#640= IFCCARTESIANPOINT((-5709.,-599.,2267.7000000000003));
#641= IFCCLOSEDSHELL((#644,#647,#650,#653,#656,#659));
#642= IFCPOLYLOOP((#633,#634,#635,#636));
#643= IFCFACEOUTERBOUND(#642,.T.);
#644= IFCFACE((#643));
#645= IFCPOLYLOOP((#637,#638,#639,#640));
#646= IFCFACEOUTERBOUND(#645,.T.);
#647= IFCFACE((#646));
#648= IFCPOLYLOOP((#633,#634,#638,#637));
#649= IFCFACEOUTERBOUND(#648,.T.);
#650= IFCFACE((#649));
#651= IFCPOLYLOOP((#634,#635,#639,#638));
#652= IFCFACEOUTERBOUND(#651,.T.);
#653= IFCFACE((#652));
#654= IFCPOLYLOOP((#635,#636,#640,#639));
#655= IFCFACEOUTERBOUND(#654,.T.);
#656= IFCFACE((#655));
#657= IFCPOLYLOOP((#636,#633,#637,#640));
#658= IFCFACEOUTERBOUND(#657,.T.);
#659= IFCFACE((#658));
#660= IFCFACETEDBREP(#641);
#661= IFCPRESENTATIONSTYLEASSIGNMENT((#56));
#662= IFCSTYLEDITEM(#660,(#661),$);
#663= IFCWALL('1$rOJNI159Agi3zfMk7nri',#2,$,$,$,$,$,$);
#664= IFCWALL('1OyNLsCU9D5OvtG3hZMUTr',#2,$,$,$,$,#665,$);
#665= IFCPRODUCTDEFINITIONSHAPE($,$,(#666));
#666= IFCSHAPEREPRESENTATION(#11,'Body','Brep',(#694));
#667= IFCCARTESIANPOINT((-4041.,-599.,0.));
#668= IFCCARTESIANPOINT((-4041.,-401.,0.));
#669= IFCCARTESIANPOINT((-4041.,-401.,2322.2999999999997));
#670= IFCCARTESIANPOINT((-4041.,-599.,2267.7000000000003));
#671= IFCCARTESIANPOINT((-4099.,-599.,0.));
#672= IFCCARTESIANPOINT((-4099.,-401.,0.));
#673= IFCCARTESIANPOINT((-4099.,-401.,2322.2999999999997));
#674= IFCCARTESIANPOINT((-4099.,-599.,2267.7000000000003));
#675= IFCCLOSEDSHELL((#678,#681,#684,#687,#690,#693));
#676= IFCPOLYLOOP((#667,#668,#669,#670));
#677= IFCFACEOUTERBOUND(#676,.T.);
#678= IFCFACE((#677));
#679= IFCPOLYLOOP((#671,#672,#673,#674));
#680= IFCFACEOUTERBOUND(#679,.T.);
#681= IFCFACE((#680));
#682= IFCPOLYLOOP((#667,#668,#672,#671));
#683= IFCFACEOUTERBOUND(#682,.T.);
#684= IFCFACE((#683));
#685= IFCPOLYLOOP((#668,#669,#673,#672));
#686= IFCFACEOUTERBOUND(#685,.T.);
#687= IFCFACE((#686));
#688= IFCPOLYLOOP((#669,#670,#674,#673));
#689= IFCFACEOUTERBOUND(#688,.T.);
#690= IFCFACE((#689));
#691= IFCPOLYLOOP((#670,#667,#671,#674));
#692= IFCFACEOUTERBOUND(#691,.T.);
#693= IFCFACE((#692));
#694= IFCFACETEDBREP(#675);
#695= IFCPRESENTATIONSTYLEASSIGNMENT((#56));
#696= IFCSTYLEDITEM(#694,(#695),$);
#697= IFCWALL('3mHoZHpSj7PhZZvVRQMDnL',#2,$,$,$,$,$,$);
#698= IFCWALL('2CYl4uAwT1i8$Np31IOqCA',#2,$,$,$,$,#699,$);
#699= IFCPRODUCTDEFINITIONSHAPE($,$,(#700));
#700= IFCSHAPEREPRESENTATION(#11,'Body','Brep',(#728));
#701= IFCCARTESIANPOINT((-7840.,-471.,0.));
#702= IFCCARTESIANPOINT((-9849.,-471.,0.));
#703= IFCCARTESIANPOINT((-9849.,-471.,2295.));
#704= IFCCARTESIANPOINT((-7840.,-471.,2295.));
#705= IFCCARTESIANPOINT((-7840.,-529.,0.));
#706= IFCCARTESIANPOINT((-9849.,-529.,0.));
#707= IFCCARTESIANPOINT((-9849.,-529.,2295.));
#708= IFCCARTESIANPOINT((-7840.,-529.,2295.));
#709= IFCCLOSEDSHELL((#712,#715,#718,#721,#724,#727));
#710= IFCPOLYLOOP((#701,#702,#703,#704));
#711= IFCFACEOUTERBOUND(#710,.T.);
#712= IFCFACE((#711));
#713= IFCPOLYLOOP((#705,#706,#707,#708));
#714= IFCFACEOUTERBOUND(#713,.T.);
#715= IFCFACE((#714));
#716= IFCPOLYLOOP((#701,#702,#706,#705));
#717= IFCFACEOUTERBOUND(#716,.T.);
#718= IFCFACE((#717));
#719= IFCPOLYLOOP((#702,#703,#707,#706));
#720= IFCFACEOUTERBOUND(#719,.T.);
#721= IFCFACE((#720));
#722= IFCPOLYLOOP((#703,#704,#708,#707));
#723= IFCFACEOUTERBOUND(#722,.T.);
#724= IFCFACE((#723));
#725= IFCPOLYLOOP((#704,#701,#705,#708));
#726= IFCFACEOUTERBOUND(#725,.T.);
#727= IFCFACE((#726));
#728= IFCFACETEDBREP(#709);
#729= IFCPRESENTATIONSTYLEASSIGNMENT((#56));
#730= IFCSTYLEDITEM(#728,(#729),$);
#731= IFCWALL('12sqWC8CXB8f555imoqZhk',#2,$,$,$,$,$,$);
#732= IFCWALL('31T8i7kDXBCgHH0ee7qh5R',#2,$,$,$,$,#733,$);
#733= IFCPRODUCTDEFINITIONSHAPE($,$,(#734));
#734= IFCSHAPEREPRESENTATION(#11,'Body','Brep',(#762));
#735= IFCCARTESIANPOINT((-7811.,-629.,0.));
#736= IFCCARTESIANPOINT((-7811.,2659.,0.));
#737= IFCCARTESIANPOINT((-7811.,2659.,3166.1000000000004));
#738= IFCCARTESIANPOINT((-7811.,-629.,2259.4));
#739= IFCCARTESIANPOINT((-7869.,-629.,0.));
#740= IFCCARTESIANPOINT((-7869.,2659.,0.));
#741= IFCCARTESIANPOINT((-7869.,2659.,3166.1000000000004));
#742= IFCCARTESIANPOINT((-7869.,-629.,2259.4));
#743= IFCCLOSEDSHELL((#746,#749,#752,#755,#758,#761));
#744= IFCPOLYLOOP((#735,#736,#737,#738));
#745= IFCFACEOUTERBOUND(#744,.T.);
#746= IFCFACE((#745));
#747= IFCPOLYLOOP((#739,#740,#741,#742));
#748= IFCFACEOUTERBOUND(#747,.T.);
#749= IFCFACE((#748));
#750= IFCPOLYLOOP((#735,#736,#740,#739));
#751= IFCFACEOUTERBOUND(#750,.T.);
#752= IFCFACE((#751));
#753= IFCPOLYLOOP((#736,#737,#741,#740));
#754= IFCFACEOUTERBOUND(#753,.T.);
#755= IFCFACE((#754));
#756= IFCPOLYLOOP((#737,#738,#742,#741));
#757= IFCFACEOUTERBOUND(#756,.T.);
#758= IFCFACE((#757));
#759= IFCPOLYLOOP((#738,#735,#739,#742));
#760= IFCFACEOUTERBOUND(#759,.T.);
#761= IFCFACE((#760));
#762= IFCFACETEDBREP(#743);
#763= IFCPRESENTATIONSTYLEASSIGNMENT((#56));
#764= IFCSTYLEDITEM(#762,(#763),$);
#765= IFCWALL('2xWkhGBA1FKOhs7itzmkMS',#2,$,$,$,$,$,$);
#766= IFCWALL('1zwCl7N39CRgoBmjpS8B5e',#2,$,$,$,$,#767,$);
#767= IFCPRODUCTDEFINITIONSHAPE($,$,(#768));
#768= IFCSHAPEREPRESENTATION(#11,'Body','Brep',(#796));
#769= IFCCARTESIANPOINT((-5651.,2401.,0.));
#770= IFCCARTESIANPOINT((-5651.,2659.,0.));
#771= IFCCARTESIANPOINT((-5651.,2659.,3166.1000000000004));
#772= IFCCARTESIANPOINT((-5651.,2401.,3094.9));
#773= IFCCARTESIANPOINT((-5709.,2401.,0.));
#774= IFCCARTESIANPOINT((-5709.,2659.,0.));
#775= IFCCARTESIANPOINT((-5709.,2659.,3166.1000000000004));
#776= IFCCARTESIANPOINT((-5709.,2401.,3094.9));
#777= IFCCLOSEDSHELL((#780,#783,#786,#789,#792,#795));
#778= IFCPOLYLOOP((#769,#770,#771,#772));
#779= IFCFACEOUTERBOUND(#778,.T.);
#780= IFCFACE((#779));
#781= IFCPOLYLOOP((#773,#774,#775,#776));
#782= IFCFACEOUTERBOUND(#781,.T.);
#783= IFCFACE((#782));
#784= IFCPOLYLOOP((#769,#770,#774,#773));
#785= IFCFACEOUTERBOUND(#784,.T.);
#786= IFCFACE((#785));
#787= IFCPOLYLOOP((#770,#771,#775,#774));
#788= IFCFACEOUTERBOUND(#787,.T.);
#789= IFCFACE((#788));
#790= IFCPOLYLOOP((#771,#772,#776,#775));
#791= IFCFACEOUTERBOUND(#790,.T.);
#792= IFCFACE((#791));
#793= IFCPOLYLOOP((#772,#769,#773,#776));
#794= IFCFACEOUTERBOUND(#793,.T.);
#795= IFCFACE((#794));
#796= IFCFACETEDBREP(#777);
#797= IFCPRESENTATIONSTYLEASSIGNMENT((#56));
#798= IFCSTYLEDITEM(#796,(#797),$);
#799= IFCWALL('2XEGYM2C5E3ONIVXXfSCCe',#2,$,$,$,$,$,$);
#800= IFCWALL('1IXwdThqTAbuHVKlDVwBG2',#2,$,$,$,$,#801,$);
#801= IFCPRODUCTDEFINITIONSHAPE($,$,(#802));
#802= IFCSHAPEREPRESENTATION(#11,'Body','Brep',(#850));
#803= IFCCARTESIANPOINT((-7840.,2559.,0.));
#804= IFCCARTESIANPOINT((-7975.,2559.,0.));
#805= IFCCARTESIANPOINT((-7975.,2559.,2000.));
#806= IFCCARTESIANPOINT((-8825.,2559.,2000.));
#807= IFCCARTESIANPOINT((-8825.,2559.,0.));
#808= IFCCARTESIANPOINT((-8920.,2559.,0.));
#809= IFCCARTESIANPOINT((-8920.,2559.,3130.5));
#810= IFCCARTESIANPOINT((-7840.,2559.,3130.5));
#811= IFCCARTESIANPOINT((-7840.,2501.,0.));
#812= IFCCARTESIANPOINT((-7975.,2501.,0.));
#813= IFCCARTESIANPOINT((-7975.,2501.,2000.));
#814= IFCCARTESIANPOINT((-8825.,2501.,2000.));
#815= IFCCARTESIANPOINT((-8825.,2501.,0.));
#816= IFCCARTESIANPOINT((-8920.,2501.,0.));
#817= IFCCARTESIANPOINT((-8920.,2501.,3130.5));
#818= IFCCARTESIANPOINT((-7840.,2501.,3130.5));
#819= IFCCLOSEDSHELL((#822,#825,#828,#831,#834,#837,#840,#843,#846,#849));
#820= IFCPOLYLOOP((#803,#804,#805,#806,#807,#808,#809,#810));
#821= IFCFACEOUTERBOUND(#820,.T.);
#822= IFCFACE((#821));
#823= IFCPOLYLOOP((#811,#812,#813,#814,#815,#816,#817,#818));
#824= IFCFACEOUTERBOUND(#823,.T.);
#825= IFCFACE((#824));
#826= IFCPOLYLOOP((#803,#804,#812,#811));
#827= IFCFACEOUTERBOUND(#826,.T.);
#828= IFCFACE((#827));
#829= IFCPOLYLOOP((#804,#805,#813,#812));
#830= IFCFACEOUTERBOUND(#829,.T.);
#831= IFCFACE((#830));
#832= IFCPOLYLOOP((#805,#806,#814,#813));
#833= IFCFACEOUTERBOUND(#832,.T.);
#834= IFCFACE((#833));
#835= IFCPOLYLOOP((#806,#807,#815,#814));
#836= IFCFACEOUTERBOUND(#835,.T.);
#837= IFCFACE((#836));
#838= IFCPOLYLOOP((#807,#808,#816,#815));
#839= IFCFACEOUTERBOUND(#838,.T.);
#840= IFCFACE((#839));
#841= IFCPOLYLOOP((#808,#809,#817,#816));
#842= IFCFACEOUTERBOUND(#841,.T.);
#843= IFCFACE((#842));
#844= IFCPOLYLOOP((#809,#810,#818,#817));
#845= IFCFACEOUTERBOUND(#844,.T.);
#846= IFCFACE((#845));
#847= IFCPOLYLOOP((#810,#803,#811,#818));
#848= IFCFACEOUTERBOUND(#847,.T.);
#849= IFCFACE((#848));
#850= IFCFACETEDBREP(#819);
#851= IFCPRESENTATIONSTYLEASSIGNMENT((#56));
#852= IFCSTYLEDITEM(#850,(#851),$);
#853= IFCWALL('1HYG9Ovxz7wQDZpdtIGkCm',#2,$,$,$,$,$,$);
#854= IFCWALL('2lBG$lGgTDlQw8iRGf0bi6',#2,$,$,$,$,#855,$);
#855= IFCPRODUCTDEFINITIONSHAPE($,$,(#856));
#856= IFCSHAPEREPRESENTATION(#11,'Body','Brep',(#884));
#857= IFCCARTESIANPOINT((-9651.,8249.,0.));
#858= IFCCARTESIANPOINT((-9849.,8249.,0.));
#859= IFCCARTESIANPOINT((-9849.,8249.,3130.5));
#860= IFCCARTESIANPOINT((-9651.,8249.,3130.5));
#861= IFCCARTESIANPOINT((-9651.,8191.,0.));
#862= IFCCARTESIANPOINT((-9849.,8191.,0.));
#863= IFCCARTESIANPOINT((-9849.,8191.,3130.5));
#864= IFCCARTESIANPOINT((-9651.,8191.,3130.5));
#865= IFCCLOSEDSHELL((#868,#871,#874,#877,#880,#883));
#866= IFCPOLYLOOP((#857,#858,#859,#860));
#867= IFCFACEOUTERBOUND(#866,.T.);
#868= IFCFACE((#867));
#869= IFCPOLYLOOP((#861,#862,#863,#864));
#870= IFCFACEOUTERBOUND(#869,.T.);
#871= IFCFACE((#870));
#872= IFCPOLYLOOP((#857,#858,#862,#861));
#873= IFCFACEOUTERBOUND(#872,.T.);
#874= IFCFACE((#873));
#875= IFCPOLYLOOP((#858,#859,#863,#862));
#876= IFCFACEOUTERBOUND(#875,.T.);
#877= IFCFACE((#876));
#878= IFCPOLYLOOP((#859,#860,#864,#863));
#879= IFCFACEOUTERBOUND(#878,.T.);
#880= IFCFACE((#879));
#881= IFCPOLYLOOP((#860,#857,#861,#864));
#882= IFCFACEOUTERBOUND(#881,.T.);
#883= IFCFACE((#882));
#884= IFCFACETEDBREP(#865);
#885= IFCPRESENTATIONSTYLEASSIGNMENT((#56));
#886= IFCSTYLEDITEM(#884,(#885),$);
#887= IFCWALL('3hCJURtFnFie8tex$Cp$4D',#2,$,$,$,$,$,$);
#888= IFCWALL('0grrm2ULfCBxchwhe5YYfr',#2,$,$,$,$,#889,$);
#889= IFCPRODUCTDEFINITIONSHAPE($,$,(#890));
#890= IFCSHAPEREPRESENTATION(#11,'Body','Brep',(#918));
#891= IFCCARTESIANPOINT((-9721.,8220.,0.));
#892= IFCCARTESIANPOINT((-9721.,11349.,0.));
#893= IFCCARTESIANPOINT((-9721.,11349.,2267.7000000000003));
#894= IFCCARTESIANPOINT((-9721.,8220.,3130.5));
#895= IFCCARTESIANPOINT((-9779.,8220.,0.));
#896= IFCCARTESIANPOINT((-9779.,11349.,0.));
#897= IFCCARTESIANPOINT((-9779.,11349.,2267.7000000000003));
#898= IFCCARTESIANPOINT((-9779.,8220.,3130.5));
#899= IFCCLOSEDSHELL((#902,#905,#908,#911,#914,#917));
#900= IFCPOLYLOOP((#891,#892,#893,#894));
#901= IFCFACEOUTERBOUND(#900,.T.);
#902= IFCFACE((#901));
#903= IFCPOLYLOOP((#895,#896,#897,#898));
#904= IFCFACEOUTERBOUND(#903,.T.);
#905= IFCFACE((#904));
#906= IFCPOLYLOOP((#891,#892,#896,#895));
#907= IFCFACEOUTERBOUND(#906,.T.);
#908= IFCFACE((#907));
#909= IFCPOLYLOOP((#892,#893,#897,#896));
#910= IFCFACEOUTERBOUND(#909,.T.);
#911= IFCFACE((#910));
#912= IFCPOLYLOOP((#893,#894,#898,#897));
#913= IFCFACEOUTERBOUND(#912,.T.);
#914= IFCFACE((#913));
#915= IFCPOLYLOOP((#894,#891,#895,#898));
#916= IFCFACEOUTERBOUND(#915,.T.);
#917= IFCFACE((#916));
#918= IFCFACETEDBREP(#899);
#919= IFCPRESENTATIONSTYLEASSIGNMENT((#56));
#920= IFCSTYLEDITEM(#918,(#919),$);
#921= IFCWALL('319gMTuWfANRAGfadH1CCY',#2,$,$,$,$,$,$);
#922= IFCWALL('1R5OuQ_9LB7QaPdfeVgwDL',#2,$,$,$,$,#923,$);
#923= IFCPRODUCTDEFINITIONSHAPE($,$,(#924));
#924= IFCSHAPEREPRESENTATION(#11,'Body','Brep',(#952));
#925= IFCCARTESIANPOINT((-5651.,8121.,0.));
#926= IFCCARTESIANPOINT((-5651.,8319.,0.));
#927= IFCCARTESIANPOINT((-5651.,8319.,3103.2));
#928= IFCCARTESIANPOINT((-5651.,8121.,3157.7999999999997));
#929= IFCCARTESIANPOINT((-5709.,8121.,0.));
#930= IFCCARTESIANPOINT((-5709.,8319.,0.));
#931= IFCCARTESIANPOINT((-5709.,8319.,3103.2));
#932= IFCCARTESIANPOINT((-5709.,8121.,3157.7999999999997));
#933= IFCCLOSEDSHELL((#936,#939,#942,#945,#948,#951));
#934= IFCPOLYLOOP((#925,#926,#927,#928));
#935= IFCFACEOUTERBOUND(#934,.T.);
#936= IFCFACE((#935));
#937= IFCPOLYLOOP((#929,#930,#931,#932));
#938= IFCFACEOUTERBOUND(#937,.T.);
#939= IFCFACE((#938));
#940= IFCPOLYLOOP((#925,#926,#930,#929));
#941= IFCFACEOUTERBOUND(#940,.T.);
#942= IFCFACE((#941));
#943= IFCPOLYLOOP((#926,#927,#931,#930));
#944= IFCFACEOUTERBOUND(#943,.T.);
#945= IFCFACE((#944));
#946= IFCPOLYLOOP((#927,#928,#932,#931));
#947= IFCFACEOUTERBOUND(#946,.T.);
#948= IFCFACE((#947));
#949= IFCPOLYLOOP((#928,#925,#929,#932));
#950= IFCFACEOUTERBOUND(#949,.T.);
#951= IFCFACE((#950));
#952= IFCFACETEDBREP(#933);
#953= IFCPRESENTATIONSTYLEASSIGNMENT((#56));
#954= IFCSTYLEDITEM(#952,(#953),$);
#955= IFCWALL('1QTWbVXWLAOfeaFC1OSWZS',#2,$,$,$,$,$,$);
#956= IFCWALL('2Z9ZbjPb5FtfeD353vvRED',#2,$,$,$,$,#957,$);
#957= IFCPRODUCTDEFINITIONSHAPE($,$,(#958));
#958= IFCSHAPEREPRESENTATION(#11,'Body','Brep',(#986));
#959= IFCCARTESIANPOINT((-1901.,8249.,0.));
#960= IFCCARTESIANPOINT((-4070.,8249.,0.));
#961= IFCCARTESIANPOINT((-4070.,8249.,3130.5));
#962= IFCCARTESIANPOINT((-1901.,8249.,3130.5));
#963= IFCCARTESIANPOINT((-1901.,8191.,0.));
#964= IFCCARTESIANPOINT((-4070.,8191.,0.));
#965= IFCCARTESIANPOINT((-4070.,8191.,3130.5));
#966= IFCCARTESIANPOINT((-1901.,8191.,3130.5));
#967= IFCCLOSEDSHELL((#970,#973,#976,#979,#982,#985));
#968= IFCPOLYLOOP((#959,#960,#961,#962));
#969= IFCFACEOUTERBOUND(#968,.T.);
#970= IFCFACE((#969));
#971= IFCPOLYLOOP((#963,#964,#965,#966));
#972= IFCFACEOUTERBOUND(#971,.T.);
#973= IFCFACE((#972));
#974= IFCPOLYLOOP((#959,#960,#964,#963));
#975= IFCFACEOUTERBOUND(#974,.T.);
#976= IFCFACE((#975));
#977= IFCPOLYLOOP((#960,#961,#965,#964));
#978= IFCFACEOUTERBOUND(#977,.T.);
#979= IFCFACE((#978));
#980= IFCPOLYLOOP((#961,#962,#966,#965));
#981= IFCFACEOUTERBOUND(#980,.T.);
#982= IFCFACE((#981));
#983= IFCPOLYLOOP((#962,#959,#963,#966));
#984= IFCFACEOUTERBOUND(#983,.T.);
#985= IFCFACE((#984));
#986= IFCFACETEDBREP(#967);
#987= IFCPRESENTATIONSTYLEASSIGNMENT((#56));
#988= IFCSTYLEDITEM(#986,(#987),$);
#989= IFCWALL('3P5xjpuGb8luD5qGEpdHsN',#2,$,$,$,$,$,$);
#990= IFCWALL('3kToHtePD5kPAOKYmRqD_b',#2,$,$,$,$,#991,$);
#991= IFCPRODUCTDEFINITIONSHAPE($,$,(#992));
#992= IFCSHAPEREPRESENTATION(#11,'Body','Brep',(#1040));
#993= IFCCARTESIANPOINT((-1971.,8121.,0.));
#994= IFCCARTESIANPOINT((-1971.,8895.,0.));
#995= IFCCARTESIANPOINT((-1971.,8895.,1980.));
#996= IFCCARTESIANPOINT((-1971.,10445.,1980.));
#997= IFCCARTESIANPOINT((-1971.,10445.,0.));
#998= IFCCARTESIANPOINT((-1971.,11349.,0.));
#999= IFCCARTESIANPOINT((-1971.,11349.,2267.7000000000003));
#1000= IFCCARTESIANPOINT((-1971.,8121.,3157.7999999999997));
#1001= IFCCARTESIANPOINT((-2029.,8121.,0.));
#1002= IFCCARTESIANPOINT((-2029.,8895.,0.));
#1003= IFCCARTESIANPOINT((-2029.,8895.,1980.));
#1004= IFCCARTESIANPOINT((-2029.,10445.,1980.));
#1005= IFCCARTESIANPOINT((-2029.,10445.,0.));
#1006= IFCCARTESIANPOINT((-2029.,11349.,0.));
#1007= IFCCARTESIANPOINT((-2029.,11349.,2267.7000000000003));
#1008= IFCCARTESIANPOINT((-2029.,8121.,3157.7999999999997));
#1009= IFCCLOSEDSHELL((#1012,#1015,#1018,#1021,#1024,#1027,#1030,#1033,#1036,#1039));
#1010= IFCPOLYLOOP((#993,#994,#995,#996,#997,#998,#999,#1000));
#1011= IFCFACEOUTERBOUND(#1010,.T.);
#1012= IFCFACE((#1011));
#1013= IFCPOLYLOOP((#1001,#1002,#1003,#1004,#1005,#1006,#1007,#1008));
#1014= IFCFACEOUTERBOUND(#1013,.T.);
#1015= IFCFACE((#1014));
#1016= IFCPOLYLOOP((#993,#994,#1002,#1001));
#1017= IFCFACEOUTERBOUND(#1016,.T.);
#1018= IFCFACE((#1017));
#1019= IFCPOLYLOOP((#994,#995,#1003,#1002));
#1020= IFCFACEOUTERBOUND(#1019,.T.);
#1021= IFCFACE((#1020));
#1022= IFCPOLYLOOP((#995,#996,#1004,#1003));
#1023= IFCFACEOUTERBOUND(#1022,.T.);
#1024= IFCFACE((#1023));
#1025= IFCPOLYLOOP((#996,#997,#1005,#1004));
#1026= IFCFACEOUTERBOUND(#1025,.T.);
#1027= IFCFACE((#1026));
#1028= IFCPOLYLOOP((#997,#998,#1006,#1005));
#1029= IFCFACEOUTERBOUND(#1028,.T.);
#1030= IFCFACE((#1029));
#1031= IFCPOLYLOOP((#998,#999,#1007,#1006));
#1032= IFCFACEOUTERBOUND(#1031,.T.);
#1033= IFCFACE((#1032));
#1034= IFCPOLYLOOP((#999,#1000,#1008,#1007));
#1035= IFCFACEOUTERBOUND(#1034,.T.);
#1036= IFCFACE((#1035));
#1037= IFCPOLYLOOP((#1000,#993,#1001,#1008));
#1038= IFCFACEOUTERBOUND(#1037,.T.);
#1039= IFCFACE((#1038));
#1040= IFCFACETEDBREP(#1009);
#1041= IFCPRESENTATIONSTYLEASSIGNMENT((#56));
#1042= IFCSTYLEDITEM(#1040,(#1041),$);
#1043= IFCWALL('3aG0QPETf1CBLOj5dXQNT1',#2,$,$,$,$,$,$);
#1044= IFCWALL('03N9f8V5n8DvmEItm99DL5',#2,$,$,$,$,#1045,$);
#1045= IFCPRODUCTDEFINITIONSHAPE($,$,(#1046));
#1046= IFCSHAPEREPRESENTATION(#11,'Body','Brep',(#1074));
#1047= IFCCARTESIANPOINT((-5651.,11151.,0.));
#1048= IFCCARTESIANPOINT((-5651.,11349.,0.));
#1049= IFCCARTESIANPOINT((-5651.,11349.,2267.7000000000003));
#1050= IFCCARTESIANPOINT((-5651.,11151.,2322.2999999999997));
#1051= IFCCARTESIANPOINT((-5709.,11151.,0.));
#1052= IFCCARTESIANPOINT((-5709.,11349.,0.));
#1053= IFCCARTESIANPOINT((-5709.,11349.,2267.7000000000003));
#1054= IFCCARTESIANPOINT((-5709.,11151.,2322.2999999999997));
#1055= IFCCLOSEDSHELL((#1058,#1061,#1064,#1067,#1070,#1073));
#1056= IFCPOLYLOOP((#1047,#1048,#1049,#1050));
#1057= IFCFACEOUTERBOUND(#1056,.T.);
#1058= IFCFACE((#1057));
#1059= IFCPOLYLOOP((#1051,#1052,#1053,#1054));
#1060= IFCFACEOUTERBOUND(#1059,.T.);
#1061= IFCFACE((#1060));
#1062= IFCPOLYLOOP((#1047,#1048,#1052,#1051));
#1063= IFCFACEOUTERBOUND(#1062,.T.);
#1064= IFCFACE((#1063));
#1065= IFCPOLYLOOP((#1048,#1049,#1053,#1052));
#1066= IFCFACEOUTERBOUND(#1065,.T.);
#1067= IFCFACE((#1066));
#1068= IFCPOLYLOOP((#1049,#1050,#1054,#1053));
#1069= IFCFACEOUTERBOUND(#1068,.T.);
#1070= IFCFACE((#1069));
#1071= IFCPOLYLOOP((#1050,#1047,#1051,#1054));
#1072= IFCFACEOUTERBOUND(#1071,.T.);
#1073= IFCFACE((#1072));
#1074= IFCFACETEDBREP(#1055);
#1075= IFCPRESENTATIONSTYLEASSIGNMENT((#56));
#1076= IFCSTYLEDITEM(#1074,(#1075),$);
#1077= IFCWALL('04dZkfG$nAHeXiWntZCYh5',#2,$,$,$,$,$,$);
#1078= IFCWALL('2U0a4Uq_P1XPI20f4wkDwk',#2,$,$,$,$,#1079,$);
#1079= IFCPRODUCTDEFINITIONSHAPE($,$,(#1080));
#1080= IFCSHAPEREPRESENTATION(#11,'Body','Brep',(#1108));
#1081= IFCCARTESIANPOINT((-7811.,11151.,0.));
#1082= IFCCARTESIANPOINT((-7811.,11349.,0.));
#1083= IFCCARTESIANPOINT((-7811.,11349.,2267.7000000000003));
#1084= IFCCARTESIANPOINT((-7811.,11151.,2322.2999999999997));
#1085= IFCCARTESIANPOINT((-7869.,11151.,0.));
#1086= IFCCARTESIANPOINT((-7869.,11349.,0.));
#1087= IFCCARTESIANPOINT((-7869.,11349.,2267.7000000000003));
#1088= IFCCARTESIANPOINT((-7869.,11151.,2322.2999999999997));
#1089= IFCCLOSEDSHELL((#1092,#1095,#1098,#1101,#1104,#1107));
#1090= IFCPOLYLOOP((#1081,#1082,#1083,#1084));
#1091= IFCFACEOUTERBOUND(#1090,.T.);
#1092= IFCFACE((#1091));
#1093= IFCPOLYLOOP((#1085,#1086,#1087,#1088));
#1094= IFCFACEOUTERBOUND(#1093,.T.);
#1095= IFCFACE((#1094));
#1096= IFCPOLYLOOP((#1081,#1082,#1086,#1085));
#1097= IFCFACEOUTERBOUND(#1096,.T.);
#1098= IFCFACE((#1097));
#1099= IFCPOLYLOOP((#1082,#1083,#1087,#1086));
#1100= IFCFACEOUTERBOUND(#1099,.T.);
#1101= IFCFACE((#1100));
#1102= IFCPOLYLOOP((#1083,#1084,#1088,#1087));
#1103= IFCFACEOUTERBOUND(#1102,.T.);
#1104= IFCFACE((#1103));
#1105= IFCPOLYLOOP((#1084,#1081,#1085,#1088));
#1106= IFCFACEOUTERBOUND(#1105,.T.);
#1107= IFCFACE((#1106));
#1108= IFCFACETEDBREP(#1089);
#1109= IFCPRESENTATIONSTYLEASSIGNMENT((#56));
#1110= IFCSTYLEDITEM(#1108,(#1109),$);
#1111= IFCWALL('2Sgq9Jjwb1teXxen1iHq1z',#2,$,$,$,$,$,$);
#1112= IFCWALL('1MAW5sv6r0wOrXgTwYhrTR',#2,$,$,$,$,#1113,$);
#1113= IFCPRODUCTDEFINITIONSHAPE($,$,(#1114));
#1114= IFCSHAPEREPRESENTATION(#11,'Body','Brep',(#1162));
#1115= IFCCARTESIANPOINT((-5680.,11279.,0.));
#1116= IFCCARTESIANPOINT((-6025.,11279.,0.));
#1117= IFCCARTESIANPOINT((-6025.,11279.,1980.));
#1118= IFCCARTESIANPOINT((-7575.,11279.,1980.));
#1119= IFCCARTESIANPOINT((-7575.,11279.,0.));
#1120= IFCCARTESIANPOINT((-9849.,11279.,0.));
#1121= IFCCARTESIANPOINT((-9849.,11279.,2295.));
#1122= IFCCARTESIANPOINT((-5680.,11279.,2295.));
#1123= IFCCARTESIANPOINT((-5680.,11221.,0.));
#1124= IFCCARTESIANPOINT((-6025.,11221.,0.));
#1125= IFCCARTESIANPOINT((-6025.,11221.,1980.));
#1126= IFCCARTESIANPOINT((-7575.,11221.,1980.));
#1127= IFCCARTESIANPOINT((-7575.,11221.,0.));
#1128= IFCCARTESIANPOINT((-9849.,11221.,0.));
#1129= IFCCARTESIANPOINT((-9849.,11221.,2295.));
#1130= IFCCARTESIANPOINT((-5680.,11221.,2295.));
#1131= IFCCLOSEDSHELL((#1134,#1137,#1140,#1143,#1146,#1149,#1152,#1155,#1158,#1161));
#1132= IFCPOLYLOOP((#1115,#1116,#1117,#1118,#1119,#1120,#1121,#1122));
#1133= IFCFACEOUTERBOUND(#1132,.T.);
#1134= IFCFACE((#1133));
#1135= IFCPOLYLOOP((#1123,#1124,#1125,#1126,#1127,#1128,#1129,#1130));
#1136= IFCFACEOUTERBOUND(#1135,.T.);
#1137= IFCFACE((#1136));
#1138= IFCPOLYLOOP((#1115,#1116,#1124,#1123));
#1139= IFCFACEOUTERBOUND(#1138,.T.);
#1140= IFCFACE((#1139));
#1141= IFCPOLYLOOP((#1116,#1117,#1125,#1124));
#1142= IFCFACEOUTERBOUND(#1141,.T.);
#1143= IFCFACE((#1142));
#1144= IFCPOLYLOOP((#1117,#1118,#1126,#1125));
#1145= IFCFACEOUTERBOUND(#1144,.T.);
#1146= IFCFACE((#1145));
#1147= IFCPOLYLOOP((#1118,#1119,#1127,#1126));
#1148= IFCFACEOUTERBOUND(#1147,.T.);
#1149= IFCFACE((#1148));
#1150= IFCPOLYLOOP((#1119,#1120,#1128,#1127));
#1151= IFCFACEOUTERBOUND(#1150,.T.);
#1152= IFCFACE((#1151));
#1153= IFCPOLYLOOP((#1120,#1121,#1129,#1128));
#1154= IFCFACEOUTERBOUND(#1153,.T.);
#1155= IFCFACE((#1154));
#1156= IFCPOLYLOOP((#1121,#1122,#1130,#1129));
#1157= IFCFACEOUTERBOUND(#1156,.T.);
#1158= IFCFACE((#1157));
#1159= IFCPOLYLOOP((#1122,#1115,#1123,#1130));
#1160= IFCFACEOUTERBOUND(#1159,.T.);
#1161= IFCFACE((#1160));
#1162= IFCFACETEDBREP(#1131);
#1163= IFCPRESENTATIONSTYLEASSIGNMENT((#56));
#1164= IFCSTYLEDITEM(#1162,(#1163),$);
#1165= IFCWALL('2_ztGgbRT5DgSkJ6czpXfF',#2,$,$,$,$,$,$);
#1166= IFCWALL('1r4jw9ien3dx8LIufepBdb',#2,$,$,$,$,#1167,$);
#1167= IFCPRODUCTDEFINITIONSHAPE($,$,(#1168));
#1168= IFCSHAPEREPRESENTATION(#11,'Body','Brep',(#1196));
#1169= IFCCARTESIANPOINT((-5651.,8091.,0.));
#1170= IFCCARTESIANPOINT((-5651.,8349.,0.));
#1171= IFCCARTESIANPOINT((-5651.,8349.,3094.9));
#1172= IFCCARTESIANPOINT((-5651.,8091.,3166.1000000000004));
#1173= IFCCARTESIANPOINT((-5709.,8091.,0.));
#1174= IFCCARTESIANPOINT((-5709.,8349.,0.));
#1175= IFCCARTESIANPOINT((-5709.,8349.,3094.9));
#1176= IFCCARTESIANPOINT((-5709.,8091.,3166.1000000000004));
#1177= IFCCLOSEDSHELL((#1180,#1183,#1186,#1189,#1192,#1195));
#1178= IFCPOLYLOOP((#1169,#1170,#1171,#1172));
#1179= IFCFACEOUTERBOUND(#1178,.T.);
#1180= IFCFACE((#1179));
#1181= IFCPOLYLOOP((#1173,#1174,#1175,#1176));
#1182= IFCFACEOUTERBOUND(#1181,.T.);
#1183= IFCFACE((#1182));
#1184= IFCPOLYLOOP((#1169,#1170,#1174,#1173));
#1185= IFCFACEOUTERBOUND(#1184,.T.);
#1186= IFCFACE((#1185));
#1187= IFCPOLYLOOP((#1170,#1171,#1175,#1174));
#1188= IFCFACEOUTERBOUND(#1187,.T.);
#1189= IFCFACE((#1188));
#1190= IFCPOLYLOOP((#1171,#1172,#1176,#1175));
#1191= IFCFACEOUTERBOUND(#1190,.T.);
#1192= IFCFACE((#1191));
#1193= IFCPOLYLOOP((#1172,#1169,#1173,#1176));
#1194= IFCFACEOUTERBOUND(#1193,.T.);
#1195= IFCFACE((#1194));
#1196= IFCFACETEDBREP(#1177);
#1197= IFCPRESENTATIONSTYLEASSIGNMENT((#56));
#1198= IFCSTYLEDITEM(#1196,(#1197),$);
#1199= IFCWALL('3lEhpNnHj3xQ_rg6AVx5lQ',#2,$,$,$,$,$,$);
#1200= IFCWALL('0aW_79Ux9AuvtbPzXobXdn',#2,$,$,$,$,#1201,$);
#1201= IFCPRODUCTDEFINITIONSHAPE($,$,(#1202));
#1202= IFCSHAPEREPRESENTATION(#11,'Body','Brep',(#1250));
#1203= IFCCARTESIANPOINT((-5680.,8249.,0.));
#1204= IFCCARTESIANPOINT((-5825.,8249.,0.));
#1205= IFCCARTESIANPOINT((-5825.,8249.,2000.));
#1206= IFCCARTESIANPOINT((-6675.,8249.,2000.));
#1207= IFCCARTESIANPOINT((-6675.,8249.,0.));
#1208= IFCCARTESIANPOINT((-9879.,8249.,0.));
#1209= IFCCARTESIANPOINT((-9879.,8249.,3130.5));
#1210= IFCCARTESIANPOINT((-5680.,8249.,3130.5));
#1211= IFCCARTESIANPOINT((-5680.,8191.,0.));
#1212= IFCCARTESIANPOINT((-5825.,8191.,0.));
#1213= IFCCARTESIANPOINT((-5825.,8191.,2000.));
#1214= IFCCARTESIANPOINT((-6675.,8191.,2000.));
#1215= IFCCARTESIANPOINT((-6675.,8191.,0.));
#1216= IFCCARTESIANPOINT((-9879.,8191.,0.));
#1217= IFCCARTESIANPOINT((-9879.,8191.,3130.5));
#1218= IFCCARTESIANPOINT((-5680.,8191.,3130.5));
#1219= IFCCLOSEDSHELL((#1222,#1225,#1228,#1231,#1234,#1237,#1240,#1243,#1246,#1249));
#1220= IFCPOLYLOOP((#1203,#1204,#1205,#1206,#1207,#1208,#1209,#1210));
#1221= IFCFACEOUTERBOUND(#1220,.T.);
#1222= IFCFACE((#1221));
#1223= IFCPOLYLOOP((#1211,#1212,#1213,#1214,#1215,#1216,#1217,#1218));
#1224= IFCFACEOUTERBOUND(#1223,.T.);
#1225= IFCFACE((#1224));
#1226= IFCPOLYLOOP((#1203,#1204,#1212,#1211));
#1227= IFCFACEOUTERBOUND(#1226,.T.);
#1228= IFCFACE((#1227));
#1229= IFCPOLYLOOP((#1204,#1205,#1213,#1212));
#1230= IFCFACEOUTERBOUND(#1229,.T.);
#1231= IFCFACE((#1230));
#1232= IFCPOLYLOOP((#1205,#1206,#1214,#1213));
#1233= IFCFACEOUTERBOUND(#1232,.T.);
#1234= IFCFACE((#1233));
#1235= IFCPOLYLOOP((#1206,#1207,#1215,#1214));
#1236= IFCFACEOUTERBOUND(#1235,.T.);
#1237= IFCFACE((#1236));
#1238= IFCPOLYLOOP((#1207,#1208,#1216,#1215));
#1239= IFCFACEOUTERBOUND(#1238,.T.);
#1240= IFCFACE((#1239));
#1241= IFCPOLYLOOP((#1208,#1209,#1217,#1216));
#1242= IFCFACEOUTERBOUND(#1241,.T.);
#1243= IFCFACE((#1242));
#1244= IFCPOLYLOOP((#1209,#1210,#1218,#1217));
#1245= IFCFACEOUTERBOUND(#1244,.T.);
#1246= IFCFACE((#1245));
#1247= IFCPOLYLOOP((#1210,#1203,#1211,#1218));
#1248= IFCFACEOUTERBOUND(#1247,.T.);
#1249= IFCFACE((#1248));
#1250= IFCFACETEDBREP(#1219);
#1251= IFCPRESENTATIONSTYLEASSIGNMENT((#56));
#1252= IFCSTYLEDITEM(#1250,(#1251),$);
#1253= IFCWALL('0guh4np9n3Pen4lZfMdsvZ',#2,$,$,$,$,$,$);
#1254= IFCWALL('2Z6WkOVGP26QkWedL4t_D_',#2,$,$,$,$,#1255,$);
#1255= IFCPRODUCTDEFINITIONSHAPE($,$,(#1256));
#1256= IFCSHAPEREPRESENTATION(#11,'Body','Brep',(#1284));
#1257= IFCCARTESIANPOINT((-5651.,8091.,0.));
#1258= IFCCARTESIANPOINT((-5651.,11379.,0.));
#1259= IFCCARTESIANPOINT((-5651.,11379.,2259.4));
#1260= IFCCARTESIANPOINT((-5651.,8091.,3166.1000000000004));
#1261= IFCCARTESIANPOINT((-5709.,8091.,0.));
#1262= IFCCARTESIANPOINT((-5709.,11379.,0.));
#1263= IFCCARTESIANPOINT((-5709.,11379.,2259.4));
#1264= IFCCARTESIANPOINT((-5709.,8091.,3166.1000000000004));
#1265= IFCCLOSEDSHELL((#1268,#1271,#1274,#1277,#1280,#1283));
#1266= IFCPOLYLOOP((#1257,#1258,#1259,#1260));
#1267= IFCFACEOUTERBOUND(#1266,.T.);
#1268= IFCFACE((#1267));
#1269= IFCPOLYLOOP((#1261,#1262,#1263,#1264));
#1270= IFCFACEOUTERBOUND(#1269,.T.);
#1271= IFCFACE((#1270));
#1272= IFCPOLYLOOP((#1257,#1258,#1262,#1261));
#1273= IFCFACEOUTERBOUND(#1272,.T.);
#1274= IFCFACE((#1273));
#1275= IFCPOLYLOOP((#1258,#1259,#1263,#1262));
#1276= IFCFACEOUTERBOUND(#1275,.T.);
#1277= IFCFACE((#1276));
#1278= IFCPOLYLOOP((#1259,#1260,#1264,#1263));
#1279= IFCFACEOUTERBOUND(#1278,.T.);
#1280= IFCFACE((#1279));
#1281= IFCPOLYLOOP((#1260,#1257,#1261,#1264));
#1282= IFCFACEOUTERBOUND(#1281,.T.);
#1283= IFCFACE((#1282));
#1284= IFCFACETEDBREP(#1265);
#1285= IFCPRESENTATIONSTYLEASSIGNMENT((#56));
#1286= IFCSTYLEDITEM(#1284,(#1285),$);
#1287= IFCWALL('0ZEhqDD4PDiQ1ZQgsLm1Jl',#2,$,$,$,$,$,$);
#1288= IFCWALL('2R6mouiK59EPsITAewRUdi',#2,$,$,$,$,#1289,$);
#1289= IFCPRODUCTDEFINITIONSHAPE($,$,(#1290));
#1290= IFCSHAPEREPRESENTATION(#11,'Body','Brep',(#1318));
#1291= IFCCARTESIANPOINT((-9651.,8249.,0.));
#1292= IFCCARTESIANPOINT((-9849.,8249.,0.));
#1293= IFCCARTESIANPOINT((-9849.,8249.,3130.5));
#1294= IFCCARTESIANPOINT((-9651.,8249.,3130.5));
#1295= IFCCARTESIANPOINT((-9651.,8191.,0.));
#1296= IFCCARTESIANPOINT((-9849.,8191.,0.));
#1297= IFCCARTESIANPOINT((-9849.,8191.,3130.5));
#1298= IFCCARTESIANPOINT((-9651.,8191.,3130.5));
#1299= IFCCLOSEDSHELL((#1302,#1305,#1308,#1311,#1314,#1317));
#1300= IFCPOLYLOOP((#1291,#1292,#1293,#1294));
#1301= IFCFACEOUTERBOUND(#1300,.T.);
#1302= IFCFACE((#1301));
#1303= IFCPOLYLOOP((#1295,#1296,#1297,#1298));
#1304= IFCFACEOUTERBOUND(#1303,.T.);
#1305= IFCFACE((#1304));
#1306= IFCPOLYLOOP((#1291,#1292,#1296,#1295));
#1307= IFCFACEOUTERBOUND(#1306,.T.);
#1308= IFCFACE((#1307));
#1309= IFCPOLYLOOP((#1292,#1293,#1297,#1296));
#1310= IFCFACEOUTERBOUND(#1309,.T.);
#1311= IFCFACE((#1310));
#1312= IFCPOLYLOOP((#1293,#1294,#1298,#1297));
#1313= IFCFACEOUTERBOUND(#1312,.T.);
#1314= IFCFACE((#1313));
#1315= IFCPOLYLOOP((#1294,#1291,#1295,#1298));
#1316= IFCFACEOUTERBOUND(#1315,.T.);
#1317= IFCFACE((#1316));
#1318= IFCFACETEDBREP(#1299);
#1319= IFCPRESENTATIONSTYLEASSIGNMENT((#56));
#1320= IFCSTYLEDITEM(#1318,(#1319),$);
#1321= IFCWALL('1vqjQy4F93Kx7kVmIB7_X2',#2,$,$,$,$,$,$);
#1322= IFCWALL('14fIsVq5zFBw4U5bw1ozwG',#2,$,$,$,$,#1323,$);
#1323= IFCPRODUCTDEFINITIONSHAPE($,$,(#1324));
#1324= IFCSHAPEREPRESENTATION(#11,'Body','Brep',(#1377));
#1325= IFCCARTESIANPOINT((-9721.,4241.,0.));
#1326= IFCCARTESIANPOINT((-9721.,4725.,0.));
#1327= IFCCARTESIANPOINT((-9721.,4725.,1980.));
#1328= IFCCARTESIANPOINT((-9721.,5575.,1980.));
#1329= IFCCARTESIANPOINT((-9721.,5575.,0.));
#1330= IFCCARTESIANPOINT((-9721.,8220.,0.));
#1331= IFCCARTESIANPOINT((-9721.,8220.,3130.5));
#1332= IFCCARTESIANPOINT((-9721.,5375.,3915.));
#1333= IFCCARTESIANPOINT((-9721.,4241.,3602.3));
#1334= IFCCARTESIANPOINT((-9779.,4241.,0.));
#1335= IFCCARTESIANPOINT((-9779.,4725.,0.));
#1336= IFCCARTESIANPOINT((-9779.,4725.,1980.));
#1337= IFCCARTESIANPOINT((-9779.,5575.,1980.));
#1338= IFCCARTESIANPOINT((-9779.,5575.,0.));
#1339= IFCCARTESIANPOINT((-9779.,8220.,0.));
#1340= IFCCARTESIANPOINT((-9779.,8220.,3130.5));
#1341= IFCCARTESIANPOINT((-9779.,5375.,3915.));
#1342= IFCCARTESIANPOINT((-9779.,4241.,3602.3));
#1343= IFCCLOSEDSHELL((#1346,#1349,#1352,#1355,#1358,#1361,#1364,#1367,#1370,#1373,#1376));
#1344= IFCPOLYLOOP((#1325,#1326,#1327,#1328,#1329,#1330,#1331,#1332,#1333));
#1345= IFCFACEOUTERBOUND(#1344,.T.);
#1346= IFCFACE((#1345));
#1347= IFCPOLYLOOP((#1334,#1335,#1336,#1337,#1338,#1339,#1340,#1341,#1342));
#1348= IFCFACEOUTERBOUND(#1347,.T.);
#1349= IFCFACE((#1348));
#1350= IFCPOLYLOOP((#1325,#1326,#1335,#1334));
#1351= IFCFACEOUTERBOUND(#1350,.T.);
#1352= IFCFACE((#1351));
#1353= IFCPOLYLOOP((#1326,#1327,#1336,#1335));
#1354= IFCFACEOUTERBOUND(#1353,.T.);
#1355= IFCFACE((#1354));
#1356= IFCPOLYLOOP((#1327,#1328,#1337,#1336));
#1357= IFCFACEOUTERBOUND(#1356,.T.);
#1358= IFCFACE((#1357));
#1359= IFCPOLYLOOP((#1328,#1329,#1338,#1337));
#1360= IFCFACEOUTERBOUND(#1359,.T.);
#1361= IFCFACE((#1360));
#1362= IFCPOLYLOOP((#1329,#1330,#1339,#1338));
#1363= IFCFACEOUTERBOUND(#1362,.T.);
#1364= IFCFACE((#1363));
#1365= IFCPOLYLOOP((#1330,#1331,#1340,#1339));
#1366= IFCFACEOUTERBOUND(#1365,.T.);
#1367= IFCFACE((#1366));
#1368= IFCPOLYLOOP((#1331,#1332,#1341,#1340));
#1369= IFCFACEOUTERBOUND(#1368,.T.);
#1370= IFCFACE((#1369));
#1371= IFCPOLYLOOP((#1332,#1333,#1342,#1341));
#1372= IFCFACEOUTERBOUND(#1371,.T.);
#1373= IFCFACE((#1372));
#1374= IFCPOLYLOOP((#1333,#1325,#1334,#1342));
#1375= IFCFACEOUTERBOUND(#1374,.T.);
#1376= IFCFACE((#1375));
#1377= IFCFACETEDBREP(#1343);
#1378= IFCPRESENTATIONSTYLEASSIGNMENT((#56));
#1379= IFCSTYLEDITEM(#1377,(#1378),$);
#1380= IFCWALL('2JUusdRcb5T8B6rMUJmV4z',#2,$,$,$,$,$,$);
#1381= IFCWALL('1zwy4cLN51UQs8BW8n_BZy',#2,$,$,$,$,#1382,$);
#1382= IFCPRODUCTDEFINITIONSHAPE($,$,(#1383));
#1383= IFCSHAPEREPRESENTATION(#11,'Body','Brep',(#1411));
#1384= IFCCARTESIANPOINT((-7711.,4369.,0.));
#1385= IFCCARTESIANPOINT((-8920.,4369.,0.));
#1386= IFCCARTESIANPOINT((-8920.,4369.,3629.6));
#1387= IFCCARTESIANPOINT((-7711.,4369.,3629.6));
#1388= IFCCARTESIANPOINT((-7711.,4311.,0.));
#1389= IFCCARTESIANPOINT((-8920.,4311.,0.));
#1390= IFCCARTESIANPOINT((-8920.,4311.,3629.6));
#1391= IFCCARTESIANPOINT((-7711.,4311.,3629.6));
#1392= IFCCLOSEDSHELL((#1395,#1398,#1401,#1404,#1407,#1410));
#1393= IFCPOLYLOOP((#1384,#1385,#1386,#1387));
#1394= IFCFACEOUTERBOUND(#1393,.T.);
#1395= IFCFACE((#1394));
#1396= IFCPOLYLOOP((#1388,#1389,#1390,#1391));
#1397= IFCFACEOUTERBOUND(#1396,.T.);
#1398= IFCFACE((#1397));
#1399= IFCPOLYLOOP((#1384,#1385,#1389,#1388));
#1400= IFCFACEOUTERBOUND(#1399,.T.);
#1401= IFCFACE((#1400));
#1402= IFCPOLYLOOP((#1385,#1386,#1390,#1389));
#1403= IFCFACEOUTERBOUND(#1402,.T.);
#1404= IFCFACE((#1403));
#1405= IFCPOLYLOOP((#1386,#1387,#1391,#1390));
#1406= IFCFACEOUTERBOUND(#1405,.T.);
#1407= IFCFACE((#1406));
#1408= IFCPOLYLOOP((#1387,#1384,#1388,#1391));
#1409= IFCFACEOUTERBOUND(#1408,.T.);
#1410= IFCFACE((#1409));
#1411= IFCFACETEDBREP(#1392);
#1412= IFCPRESENTATIONSTYLEASSIGNMENT((#56));
#1413= IFCSTYLEDITEM(#1411,(#1412),$);
#1414= IFCWALL('0jZ5A2ur1AeOn_GzI7qBD8',#2,$,$,$,$,$,$);
#1415= IFCWALL('0F8bvfP6n82homvIpEO$FK',#2,$,$,$,$,#1416,$);
#1416= IFCPRODUCTDEFINITIONSHAPE($,$,(#1417));
#1417= IFCSHAPEREPRESENTATION(#11,'Body','Brep',(#1445));
#1418= IFCCARTESIANPOINT((-8821.,4369.,0.));
#1419= IFCCARTESIANPOINT((-9849.,4369.,0.));
#1420= IFCCARTESIANPOINT((-9849.,4369.,3629.6));
#1421= IFCCARTESIANPOINT((-8821.,4369.,3629.6));
#1422= IFCCARTESIANPOINT((-8821.,4311.,0.));
#1423= IFCCARTESIANPOINT((-9849.,4311.,0.));
#1424= IFCCARTESIANPOINT((-9849.,4311.,3629.6));
#1425= IFCCARTESIANPOINT((-8821.,4311.,3629.6));
#1426= IFCCLOSEDSHELL((#1429,#1432,#1435,#1438,#1441,#1444));
#1427= IFCPOLYLOOP((#1418,#1419,#1420,#1421));
#1428= IFCFACEOUTERBOUND(#1427,.T.);
#1429= IFCFACE((#1428));
#1430= IFCPOLYLOOP((#1422,#1423,#1424,#1425));
#1431= IFCFACEOUTERBOUND(#1430,.T.);
#1432= IFCFACE((#1431));
#1433= IFCPOLYLOOP((#1418,#1419,#1423,#1422));
#1434= IFCFACEOUTERBOUND(#1433,.T.);
#1435= IFCFACE((#1434));
#1436= IFCPOLYLOOP((#1419,#1420,#1424,#1423));
#1437= IFCFACEOUTERBOUND(#1436,.T.);
#1438= IFCFACE((#1437));
#1439= IFCPOLYLOOP((#1420,#1421,#1425,#1424));
#1440= IFCFACEOUTERBOUND(#1439,.T.);
#1441= IFCFACE((#1440));
#1442= IFCPOLYLOOP((#1421,#1418,#1422,#1425));
#1443= IFCFACEOUTERBOUND(#1442,.T.);
#1444= IFCFACE((#1443));
#1445= IFCFACETEDBREP(#1426);
#1446= IFCPRESENTATIONSTYLEASSIGNMENT((#56));
#1447= IFCSTYLEDITEM(#1445,(#1446),$);
#1448= IFCWALL('0zEFDavSrCNBZ9r8q8b4LY',#2,$,$,$,$,$,$);
#1449= IFCWALL('3XNRvAJCH7sO$w8HqOeVA6',#2,$,$,$,$,#1450,$);
#1450= IFCPRODUCTDEFINITIONSHAPE($,$,(#1451));
#1451= IFCSHAPEREPRESENTATION(#11,'Body','Brep',(#1479));
#1452= IFCCARTESIANPOINT((-5651.,2431.,0.));
#1453= IFCCARTESIANPOINT((-5651.,2629.,0.));
#1454= IFCCARTESIANPOINT((-5651.,2629.,3157.7999999999997));
#1455= IFCCARTESIANPOINT((-5651.,2431.,3103.2));
#1456= IFCCARTESIANPOINT((-5709.,2431.,0.));
#1457= IFCCARTESIANPOINT((-5709.,2629.,0.));
#1458= IFCCARTESIANPOINT((-5709.,2629.,3157.7999999999997));
#1459= IFCCARTESIANPOINT((-5709.,2431.,3103.2));
#1460= IFCCLOSEDSHELL((#1463,#1466,#1469,#1472,#1475,#1478));
#1461= IFCPOLYLOOP((#1452,#1453,#1454,#1455));
#1462= IFCFACEOUTERBOUND(#1461,.T.);
#1463= IFCFACE((#1462));
#1464= IFCPOLYLOOP((#1456,#1457,#1458,#1459));
#1465= IFCFACEOUTERBOUND(#1464,.T.);
#1466= IFCFACE((#1465));
#1467= IFCPOLYLOOP((#1452,#1453,#1457,#1456));
#1468= IFCFACEOUTERBOUND(#1467,.T.);
#1469= IFCFACE((#1468));
#1470= IFCPOLYLOOP((#1453,#1454,#1458,#1457));
#1471= IFCFACEOUTERBOUND(#1470,.T.);
#1472= IFCFACE((#1471));
#1473= IFCPOLYLOOP((#1454,#1455,#1459,#1458));
#1474= IFCFACEOUTERBOUND(#1473,.T.);
#1475= IFCFACE((#1474));
#1476= IFCPOLYLOOP((#1455,#1452,#1456,#1459));
#1477= IFCFACEOUTERBOUND(#1476,.T.);
#1478= IFCFACE((#1477));
#1479= IFCFACETEDBREP(#1460);
#1480= IFCPRESENTATIONSTYLEASSIGNMENT((#56));
#1481= IFCSTYLEDITEM(#1479,(#1480),$);
#1482= IFCWALL('1hJQ7nOvL4T9l0T7G5NHSR',#2,$,$,$,$,$,$);
#1483= IFCWALL('1NBbisod5Boxab8i0RZd$k',#2,$,$,$,$,#1484,$);
#1484= IFCPRODUCTDEFINITIONSHAPE($,$,(#1485));
#1485= IFCSHAPEREPRESENTATION(#11,'Body','Brep',(#1513));
#1486= IFCCARTESIANPOINT((-8920.,2559.,0.));
#1487= IFCCARTESIANPOINT((-9849.,2559.,0.));
#1488= IFCCARTESIANPOINT((-9849.,2559.,3130.5));
#1489= IFCCARTESIANPOINT((-8920.,2559.,3130.5));
#1490= IFCCARTESIANPOINT((-8920.,2501.,0.));
#1491= IFCCARTESIANPOINT((-9849.,2501.,0.));
#1492= IFCCARTESIANPOINT((-9849.,2501.,3130.5));
#1493= IFCCARTESIANPOINT((-8920.,2501.,3130.5));
#1494= IFCCLOSEDSHELL((#1497,#1500,#1503,#1506,#1509,#1512));
#1495= IFCPOLYLOOP((#1486,#1487,#1488,#1489));
#1496= IFCFACEOUTERBOUND(#1495,.T.);
#1497= IFCFACE((#1496));
#1498= IFCPOLYLOOP((#1490,#1491,#1492,#1493));
#1499= IFCFACEOUTERBOUND(#1498,.T.);
#1500= IFCFACE((#1499));
#1501= IFCPOLYLOOP((#1486,#1487,#1491,#1490));
#1502= IFCFACEOUTERBOUND(#1501,.T.);
#1503= IFCFACE((#1502));
#1504= IFCPOLYLOOP((#1487,#1488,#1492,#1491));
#1505= IFCFACEOUTERBOUND(#1504,.T.);
#1506= IFCFACE((#1505));
#1507= IFCPOLYLOOP((#1488,#1489,#1493,#1492));
#1508= IFCFACEOUTERBOUND(#1507,.T.);
#1509= IFCFACE((#1508));
#1510= IFCPOLYLOOP((#1489,#1486,#1490,#1493));
#1511= IFCFACEOUTERBOUND(#1510,.T.);
#1512= IFCFACE((#1511));
#1513= IFCFACETEDBREP(#1494);
#1514= IFCPRESENTATIONSTYLEASSIGNMENT((#56));
#1515= IFCSTYLEDITEM(#1513,(#1514),$);
#1516= IFCWALL('3wn1T4B$D7WvVYRs7F6oWX',#2,$,$,$,$,$,$);
#1517= IFCWALL('3kam32ncvDJeGSkPDSVVYV',#2,$,$,$,$,#1518,$);
#1518= IFCPRODUCTDEFINITIONSHAPE($,$,(#1519));
#1519= IFCSHAPEREPRESENTATION(#11,'Body','Brep',(#1567));
#1520= IFCCARTESIANPOINT((-8891.,2431.,0.));
#1521= IFCCARTESIANPOINT((-8891.,2935.,0.));
#1522= IFCCARTESIANPOINT((-8891.,2935.,2000.));
#1523= IFCCARTESIANPOINT((-8891.,3785.,2000.));
#1524= IFCCARTESIANPOINT((-8891.,3785.,0.));
#1525= IFCCARTESIANPOINT((-8891.,4439.,0.));
#1526= IFCCARTESIANPOINT((-8891.,4439.,3656.9));
#1527= IFCCARTESIANPOINT((-8891.,2431.,3103.2));
#1528= IFCCARTESIANPOINT((-8949.,2431.,0.));
#1529= IFCCARTESIANPOINT((-8949.,2935.,0.));
#1530= IFCCARTESIANPOINT((-8949.,2935.,2000.));
#1531= IFCCARTESIANPOINT((-8949.,3785.,2000.));
#1532= IFCCARTESIANPOINT((-8949.,3785.,0.));
#1533= IFCCARTESIANPOINT((-8949.,4439.,0.));
#1534= IFCCARTESIANPOINT((-8949.,4439.,3656.9));
#1535= IFCCARTESIANPOINT((-8949.,2431.,3103.2));
#1536= IFCCLOSEDSHELL((#1539,#1542,#1545,#1548,#1551,#1554,#1557,#1560,#1563,#1566));
#1537= IFCPOLYLOOP((#1520,#1521,#1522,#1523,#1524,#1525,#1526,#1527));
#1538= IFCFACEOUTERBOUND(#1537,.T.);
#1539= IFCFACE((#1538));
#1540= IFCPOLYLOOP((#1528,#1529,#1530,#1531,#1532,#1533,#1534,#1535));
#1541= IFCFACEOUTERBOUND(#1540,.T.);
#1542= IFCFACE((#1541));
#1543= IFCPOLYLOOP((#1520,#1521,#1529,#1528));
#1544= IFCFACEOUTERBOUND(#1543,.T.);
#1545= IFCFACE((#1544));
#1546= IFCPOLYLOOP((#1521,#1522,#1530,#1529));
#1547= IFCFACEOUTERBOUND(#1546,.T.);
#1548= IFCFACE((#1547));
#1549= IFCPOLYLOOP((#1522,#1523,#1531,#1530));
#1550= IFCFACEOUTERBOUND(#1549,.T.);
#1551= IFCFACE((#1550));
#1552= IFCPOLYLOOP((#1523,#1524,#1532,#1531));
#1553= IFCFACEOUTERBOUND(#1552,.T.);
#1554= IFCFACE((#1553));
#1555= IFCPOLYLOOP((#1524,#1525,#1533,#1532));
#1556= IFCFACEOUTERBOUND(#1555,.T.);
#1557= IFCFACE((#1556));
#1558= IFCPOLYLOOP((#1525,#1526,#1534,#1533));
#1559= IFCFACEOUTERBOUND(#1558,.T.);
#1560= IFCFACE((#1559));
#1561= IFCPOLYLOOP((#1526,#1527,#1535,#1534));
#1562= IFCFACEOUTERBOUND(#1561,.T.);
#1563= IFCFACE((#1562));
#1564= IFCPOLYLOOP((#1527,#1520,#1528,#1535));
#1565= IFCFACEOUTERBOUND(#1564,.T.);
#1566= IFCFACE((#1565));
#1567= IFCFACETEDBREP(#1536);
#1568= IFCPRESENTATIONSTYLEASSIGNMENT((#56));
#1569= IFCSTYLEDITEM(#1567,(#1568),$);
#1570= IFCWALL('2i1xIIBdTFhP7bkx8f60hJ',#2,$,$,$,$,$,$);
#1571= IFCWALL('2YVJaOlbjCVgJJmt9bxbUR',#2,$,$,$,$,#1572,$);
#1572= IFCPRODUCTDEFINITIONSHAPE($,$,(#1573));
#1573= IFCSHAPEREPRESENTATION(#11,'Body','Brep',(#1601));
#1574= IFCCARTESIANPOINT((-5651.,2401.,0.));
#1575= IFCCARTESIANPOINT((-5651.,2659.,0.));
#1576= IFCCARTESIANPOINT((-5651.,2659.,3166.1000000000004));
#1577= IFCCARTESIANPOINT((-5651.,2401.,3094.9));
#1578= IFCCARTESIANPOINT((-5709.,2401.,0.));
#1579= IFCCARTESIANPOINT((-5709.,2659.,0.));
#1580= IFCCARTESIANPOINT((-5709.,2659.,3166.1000000000004));
#1581= IFCCARTESIANPOINT((-5709.,2401.,3094.9));
#1582= IFCCLOSEDSHELL((#1585,#1588,#1591,#1594,#1597,#1600));
#1583= IFCPOLYLOOP((#1574,#1575,#1576,#1577));
#1584= IFCFACEOUTERBOUND(#1583,.T.);
#1585= IFCFACE((#1584));
#1586= IFCPOLYLOOP((#1578,#1579,#1580,#1581));
#1587= IFCFACEOUTERBOUND(#1586,.T.);
#1588= IFCFACE((#1587));
#1589= IFCPOLYLOOP((#1574,#1575,#1579,#1578));
#1590= IFCFACEOUTERBOUND(#1589,.T.);
#1591= IFCFACE((#1590));
#1592= IFCPOLYLOOP((#1575,#1576,#1580,#1579));
#1593= IFCFACEOUTERBOUND(#1592,.T.);
#1594= IFCFACE((#1593));
#1595= IFCPOLYLOOP((#1576,#1577,#1581,#1580));
#1596= IFCFACEOUTERBOUND(#1595,.T.);
#1597= IFCFACE((#1596));
#1598= IFCPOLYLOOP((#1577,#1574,#1578,#1581));
#1599= IFCFACEOUTERBOUND(#1598,.T.);
#1600= IFCFACE((#1599));
#1601= IFCFACETEDBREP(#1582);
#1602= IFCPRESENTATIONSTYLEASSIGNMENT((#56));
#1603= IFCSTYLEDITEM(#1601,(#1602),$);
#1604= IFCWALL('39kBZGKyz1TPLHESw0byQK',#2,$,$,$,$,$,$);
#1605= IFCWALL('31zD0_DDz22PgTibni5oA1',#2,$,$,$,$,#1606,$);
#1606= IFCPRODUCTDEFINITIONSHAPE($,$,(#1607));
#1607= IFCSHAPEREPRESENTATION(#11,'Body','Brep',(#1655));
#1608= IFCCARTESIANPOINT((-4070.,2559.,0.));
#1609= IFCCARTESIANPOINT((-4485.,2559.,0.));
#1610= IFCCARTESIANPOINT((-4485.,2559.,2000.));
#1611= IFCCARTESIANPOINT((-5335.,2559.,2000.));
#1612= IFCCARTESIANPOINT((-5335.,2559.,0.));
#1613= IFCCARTESIANPOINT((-5680.,2559.,0.));
#1614= IFCCARTESIANPOINT((-5680.,2559.,3130.5));
#1615= IFCCARTESIANPOINT((-4070.,2559.,3130.5));
#1616= IFCCARTESIANPOINT((-4070.,2501.,0.));
#1617= IFCCARTESIANPOINT((-4485.,2501.,0.));
#1618= IFCCARTESIANPOINT((-4485.,2501.,2000.));
#1619= IFCCARTESIANPOINT((-5335.,2501.,2000.));
#1620= IFCCARTESIANPOINT((-5335.,2501.,0.));
#1621= IFCCARTESIANPOINT((-5680.,2501.,0.));
#1622= IFCCARTESIANPOINT((-5680.,2501.,3130.5));
#1623= IFCCARTESIANPOINT((-4070.,2501.,3130.5));
#1624= IFCCLOSEDSHELL((#1627,#1630,#1633,#1636,#1639,#1642,#1645,#1648,#1651,#1654));
#1625= IFCPOLYLOOP((#1608,#1609,#1610,#1611,#1612,#1613,#1614,#1615));
#1626= IFCFACEOUTERBOUND(#1625,.T.);
#1627= IFCFACE((#1626));
#1628= IFCPOLYLOOP((#1616,#1617,#1618,#1619,#1620,#1621,#1622,#1623));
#1629= IFCFACEOUTERBOUND(#1628,.T.);
#1630= IFCFACE((#1629));
#1631= IFCPOLYLOOP((#1608,#1609,#1617,#1616));
#1632= IFCFACEOUTERBOUND(#1631,.T.);
#1633= IFCFACE((#1632));
#1634= IFCPOLYLOOP((#1609,#1610,#1618,#1617));
#1635= IFCFACEOUTERBOUND(#1634,.T.);
#1636= IFCFACE((#1635));
#1637= IFCPOLYLOOP((#1610,#1611,#1619,#1618));
#1638= IFCFACEOUTERBOUND(#1637,.T.);
#1639= IFCFACE((#1638));
#1640= IFCPOLYLOOP((#1611,#1612,#1620,#1619));
#1641= IFCFACEOUTERBOUND(#1640,.T.);
#1642= IFCFACE((#1641));
#1643= IFCPOLYLOOP((#1612,#1613,#1621,#1620));
#1644= IFCFACEOUTERBOUND(#1643,.T.);
#1645= IFCFACE((#1644));
#1646= IFCPOLYLOOP((#1613,#1614,#1622,#1621));
#1647= IFCFACEOUTERBOUND(#1646,.T.);
#1648= IFCFACE((#1647));
#1649= IFCPOLYLOOP((#1614,#1615,#1623,#1622));
#1650= IFCFACEOUTERBOUND(#1649,.T.);
#1651= IFCFACE((#1650));
#1652= IFCPOLYLOOP((#1615,#1608,#1616,#1623));
#1653= IFCFACEOUTERBOUND(#1652,.T.);
#1654= IFCFACE((#1653));
#1655= IFCFACETEDBREP(#1624);
#1656= IFCPRESENTATIONSTYLEASSIGNMENT((#56));
#1657= IFCSTYLEDITEM(#1655,(#1656),$);
#1658= IFCWALL('1JuCaLuIT1$f7ePgJ0XhUE',#2,$,$,$,$,$,$);
#1659= IFCWALL('0hxu9XuGH8Rfu_NzIE1SZo',#2,$,$,$,$,#1660,$);
#1660= IFCPRODUCTDEFINITIONSHAPE($,$,(#1661));
#1661= IFCSHAPEREPRESENTATION(#11,'Body','Brep',(#1754));
#1662= IFCCARTESIANPOINT((-4041.,2431.,0.));
#1663= IFCCARTESIANPOINT((-4041.,2695.,0.));
#1664= IFCCARTESIANPOINT((-4041.,2695.,2000.));
#1665= IFCCARTESIANPOINT((-4041.,3545.,2000.));
#1666= IFCCARTESIANPOINT((-4041.,3545.,0.));
#1667= IFCCARTESIANPOINT((-4041.,3840.,0.));
#1668= IFCCARTESIANPOINT((-4041.,3840.,2000.));
#1669= IFCCARTESIANPOINT((-4041.,6840.,2000.));
#1670= IFCCARTESIANPOINT((-4041.,6840.,0.));
#1671= IFCCARTESIANPOINT((-4041.,7095.,0.));
#1672= IFCCARTESIANPOINT((-4041.,7095.,2000.));
#1673= IFCCARTESIANPOINT((-4041.,7945.,2000.));
#1674= IFCCARTESIANPOINT((-4041.,7945.,0.));
#1675= IFCCARTESIANPOINT((-4041.,8319.,0.));
#1676= IFCCARTESIANPOINT((-4041.,8319.,3103.2));
#1677= IFCCARTESIANPOINT((-4041.,5375.,3915.));
#1678= IFCCARTESIANPOINT((-4041.,2431.,3103.2));
#1679= IFCCARTESIANPOINT((-4099.,2431.,0.));
#1680= IFCCARTESIANPOINT((-4099.,2695.,0.));
#1681= IFCCARTESIANPOINT((-4099.,2695.,2000.));
#1682= IFCCARTESIANPOINT((-4099.,3545.,2000.));
#1683= IFCCARTESIANPOINT((-4099.,3545.,0.));
#1684= IFCCARTESIANPOINT((-4099.,3840.,0.));
#1685= IFCCARTESIANPOINT((-4099.,3840.,2000.));
#1686= IFCCARTESIANPOINT((-4099.,6840.,2000.));
#1687= IFCCARTESIANPOINT((-4099.,6840.,0.));
#1688= IFCCARTESIANPOINT((-4099.,7095.,0.));
#1689= IFCCARTESIANPOINT((-4099.,7095.,2000.));
#1690= IFCCARTESIANPOINT((-4099.,7945.,2000.));
#1691= IFCCARTESIANPOINT((-4099.,7945.,0.));
#1692= IFCCARTESIANPOINT((-4099.,8319.,0.));
#1693= IFCCARTESIANPOINT((-4099.,8319.,3103.2));
#1694= IFCCARTESIANPOINT((-4099.,5375.,3915.));
#1695= IFCCARTESIANPOINT((-4099.,2431.,3103.2));
#1696= IFCCLOSEDSHELL((#1699,#1702,#1705,#1708,#1711,#1714,#1717,#1720,#1723,#1726,#1729,#1732,#1735,#1738,#1741,#1744,#1747,#1750,#1753));
#1697= IFCPOLYLOOP((#1662,#1663,#1664,#1665,#1666,#1667,#1668,#1669,#1670,#1671,#1672,#1673,#1674,#1675,#1676,#1677,#1678));
#1698= IFCFACEOUTERBOUND(#1697,.T.);
#1699= IFCFACE((#1698));
#1700= IFCPOLYLOOP((#1679,#1680,#1681,#1682,#1683,#1684,#1685,#1686,#1687,#1688,#1689,#1690,#1691,#1692,#1693,#1694,#1695));
#1701= IFCFACEOUTERBOUND(#1700,.T.);
#1702= IFCFACE((#1701));
#1703= IFCPOLYLOOP((#1662,#1663,#1680,#1679));
#1704= IFCFACEOUTERBOUND(#1703,.T.);
#1705= IFCFACE((#1704));
#1706= IFCPOLYLOOP((#1663,#1664,#1681,#1680));
#1707= IFCFACEOUTERBOUND(#1706,.T.);
#1708= IFCFACE((#1707));
#1709= IFCPOLYLOOP((#1664,#1665,#1682,#1681));
#1710= IFCFACEOUTERBOUND(#1709,.T.);
#1711= IFCFACE((#1710));
#1712= IFCPOLYLOOP((#1665,#1666,#1683,#1682));
#1713= IFCFACEOUTERBOUND(#1712,.T.);
#1714= IFCFACE((#1713));
#1715= IFCPOLYLOOP((#1666,#1667,#1684,#1683));
#1716= IFCFACEOUTERBOUND(#1715,.T.);
#1717= IFCFACE((#1716));
#1718= IFCPOLYLOOP((#1667,#1668,#1685,#1684));
#1719= IFCFACEOUTERBOUND(#1718,.T.);
#1720= IFCFACE((#1719));
#1721= IFCPOLYLOOP((#1668,#1669,#1686,#1685));
#1722= IFCFACEOUTERBOUND(#1721,.T.);
#1723= IFCFACE((#1722));
#1724= IFCPOLYLOOP((#1669,#1670,#1687,#1686));
#1725= IFCFACEOUTERBOUND(#1724,.T.);
#1726= IFCFACE((#1725));
#1727= IFCPOLYLOOP((#1670,#1671,#1688,#1687));
#1728= IFCFACEOUTERBOUND(#1727,.T.);
#1729= IFCFACE((#1728));
#1730= IFCPOLYLOOP((#1671,#1672,#1689,#1688));
#1731= IFCFACEOUTERBOUND(#1730,.T.);
#1732= IFCFACE((#1731));
#1733= IFCPOLYLOOP((#1672,#1673,#1690,#1689));
#1734= IFCFACEOUTERBOUND(#1733,.T.);
#1735= IFCFACE((#1734));
#1736= IFCPOLYLOOP((#1673,#1674,#1691,#1690));
#1737= IFCFACEOUTERBOUND(#1736,.T.);
#1738= IFCFACE((#1737));
#1739= IFCPOLYLOOP((#1674,#1675,#1692,#1691));
#1740= IFCFACEOUTERBOUND(#1739,.T.);
#1741= IFCFACE((#1740));
#1742= IFCPOLYLOOP((#1675,#1676,#1693,#1692));
#1743= IFCFACEOUTERBOUND(#1742,.T.);
#1744= IFCFACE((#1743));
#1745= IFCPOLYLOOP((#1676,#1677,#1694,#1693));
#1746= IFCFACEOUTERBOUND(#1745,.T.);
#1747= IFCFACE((#1746));
#1748= IFCPOLYLOOP((#1677,#1678,#1695,#1694));
#1749= IFCFACEOUTERBOUND(#1748,.T.);
#1750= IFCFACE((#1749));
#1751= IFCPOLYLOOP((#1678,#1662,#1679,#1695));
#1752= IFCFACEOUTERBOUND(#1751,.T.);
#1753= IFCFACE((#1752));
#1754= IFCFACETEDBREP(#1696);
#1755= IFCPRESENTATIONSTYLEASSIGNMENT((#56));
#1756= IFCSTYLEDITEM(#1754,(#1755),$);
#1757= IFCWALL('1glHslL2rBSePIp5jsnurX',#2,$,$,$,$,$,$);
#1758= IFCWALL('3jKL6lImv0UBlm_QoLyETo',#2,$,$,$,$,#1759,$);
#1759= IFCPRODUCTDEFINITIONSHAPE($,$,(#1760));
#1760= IFCSHAPEREPRESENTATION(#11,'Body','Brep',(#1788));
#1761= IFCCARTESIANPOINT((-5651.,8091.,0.));
#1762= IFCCARTESIANPOINT((-5651.,8349.,0.));
#1763= IFCCARTESIANPOINT((-5651.,8349.,3094.9));
#1764= IFCCARTESIANPOINT((-5651.,8091.,3166.1000000000004));
#1765= IFCCARTESIANPOINT((-5709.,8091.,0.));
#1766= IFCCARTESIANPOINT((-5709.,8349.,0.));
#1767= IFCCARTESIANPOINT((-5709.,8349.,3094.9));
#1768= IFCCARTESIANPOINT((-5709.,8091.,3166.1000000000004));
#1769= IFCCLOSEDSHELL((#1772,#1775,#1778,#1781,#1784,#1787));
#1770= IFCPOLYLOOP((#1761,#1762,#1763,#1764));
#1771= IFCFACEOUTERBOUND(#1770,.T.);
#1772= IFCFACE((#1771));
#1773= IFCPOLYLOOP((#1765,#1766,#1767,#1768));
#1774= IFCFACEOUTERBOUND(#1773,.T.);
#1775= IFCFACE((#1774));
#1776= IFCPOLYLOOP((#1761,#1762,#1766,#1765));
#1777= IFCFACEOUTERBOUND(#1776,.T.);
#1778= IFCFACE((#1777));
#1779= IFCPOLYLOOP((#1762,#1763,#1767,#1766));
#1780= IFCFACEOUTERBOUND(#1779,.T.);
#1781= IFCFACE((#1780));
#1782= IFCPOLYLOOP((#1763,#1764,#1768,#1767));
#1783= IFCFACEOUTERBOUND(#1782,.T.);
#1784= IFCFACE((#1783));
#1785= IFCPOLYLOOP((#1764,#1761,#1765,#1768));
#1786= IFCFACEOUTERBOUND(#1785,.T.);
#1787= IFCFACE((#1786));
#1788= IFCFACETEDBREP(#1769);
#1789= IFCPRESENTATIONSTYLEASSIGNMENT((#56));
#1790= IFCSTYLEDITEM(#1788,(#1789),$);
#1791= IFCWALL('1EJVTveQH29wZCThP7mkVg',#2,$,$,$,$,$,$);
#1792= IFCWALL('0h9MP7hb51GRNABnDRgLmv',#2,$,$,$,$,#1793,$);
#1793= IFCPRODUCTDEFINITIONSHAPE($,$,(#1794));
#1794= IFCSHAPEREPRESENTATION(#11,'Body','Brep',(#1842));
#1795= IFCCARTESIANPOINT((-4070.,8249.,0.));
#1796= IFCCARTESIANPOINT((-4635.,8249.,0.));
#1797= IFCCARTESIANPOINT((-4635.,8249.,2000.));
#1798= IFCCARTESIANPOINT((-5485.,8249.,2000.));
#1799= IFCCARTESIANPOINT((-5485.,8249.,0.));
#1800= IFCCARTESIANPOINT((-5680.,8249.,0.));
#1801= IFCCARTESIANPOINT((-5680.,8249.,3130.5));
#1802= IFCCARTESIANPOINT((-4070.,8249.,3130.5));
#1803= IFCCARTESIANPOINT((-4070.,8191.,0.));
#1804= IFCCARTESIANPOINT((-4635.,8191.,0.));
#1805= IFCCARTESIANPOINT((-4635.,8191.,2000.));
#1806= IFCCARTESIANPOINT((-5485.,8191.,2000.));
#1807= IFCCARTESIANPOINT((-5485.,8191.,0.));
#1808= IFCCARTESIANPOINT((-5680.,8191.,0.));
#1809= IFCCARTESIANPOINT((-5680.,8191.,3130.5));
#1810= IFCCARTESIANPOINT((-4070.,8191.,3130.5));
#1811= IFCCLOSEDSHELL((#1814,#1817,#1820,#1823,#1826,#1829,#1832,#1835,#1838,#1841));
#1812= IFCPOLYLOOP((#1795,#1796,#1797,#1798,#1799,#1800,#1801,#1802));
#1813= IFCFACEOUTERBOUND(#1812,.T.);
#1814= IFCFACE((#1813));
#1815= IFCPOLYLOOP((#1803,#1804,#1805,#1806,#1807,#1808,#1809,#1810));
#1816= IFCFACEOUTERBOUND(#1815,.T.);
#1817= IFCFACE((#1816));
#1818= IFCPOLYLOOP((#1795,#1796,#1804,#1803));
#1819= IFCFACEOUTERBOUND(#1818,.T.);
#1820= IFCFACE((#1819));
#1821= IFCPOLYLOOP((#1796,#1797,#1805,#1804));
#1822= IFCFACEOUTERBOUND(#1821,.T.);
#1823= IFCFACE((#1822));
#1824= IFCPOLYLOOP((#1797,#1798,#1806,#1805));
#1825= IFCFACEOUTERBOUND(#1824,.T.);
#1826= IFCFACE((#1825));
#1827= IFCPOLYLOOP((#1798,#1799,#1807,#1806));
#1828= IFCFACEOUTERBOUND(#1827,.T.);
#1829= IFCFACE((#1828));
#1830= IFCPOLYLOOP((#1799,#1800,#1808,#1807));
#1831= IFCFACEOUTERBOUND(#1830,.T.);
#1832= IFCFACE((#1831));
#1833= IFCPOLYLOOP((#1800,#1801,#1809,#1808));
#1834= IFCFACEOUTERBOUND(#1833,.T.);
#1835= IFCFACE((#1834));
#1836= IFCPOLYLOOP((#1801,#1802,#1810,#1809));
#1837= IFCFACEOUTERBOUND(#1836,.T.);
#1838= IFCFACE((#1837));
#1839= IFCPOLYLOOP((#1802,#1795,#1803,#1810));
#1840= IFCFACEOUTERBOUND(#1839,.T.);
#1841= IFCFACE((#1840));
#1842= IFCFACETEDBREP(#1811);
#1843= IFCPRESENTATIONSTYLEASSIGNMENT((#56));
#1844= IFCSTYLEDITEM(#1842,(#1843),$);
#1845= IFCWALL('2hLVqn1RP0PhVuGaE435Gs',#2,$,$,$,$,$,$);
#1846= IFCBUILDINGELEMENTPROXY('07Mxkhpnf0mxu51zxLtHGw',#2,$,$,$,$,#1847,$,$);
#1847= IFCPRODUCTDEFINITIONSHAPE($,$,(#1848));
#1848= IFCSHAPEREPRESENTATION(#11,'Body','Brep',(#1876));
#1849= IFCCARTESIANPOINT((-2000.,-500.,0.));
#1850= IFCCARTESIANPOINT((-4070.,-500.,0.));
#1851= IFCCARTESIANPOINT((-4070.,2530.,0.));
#1852= IFCCARTESIANPOINT((-2000.,2530.,0.));
#1853= IFCCARTESIANPOINT((-2000.,-500.,30.));
#1854= IFCCARTESIANPOINT((-4070.,-500.,30.));
#1855= IFCCARTESIANPOINT((-4070.,2530.,30.));
#1856= IFCCARTESIANPOINT((-2000.,2530.,30.));
#1857= IFCCLOSEDSHELL((#1860,#1863,#1866,#1869,#1872,#1875));
#1858= IFCPOLYLOOP((#1849,#1850,#1851,#1852));
#1859= IFCFACEOUTERBOUND(#1858,.T.);
#1860= IFCFACE((#1859));
#1861= IFCPOLYLOOP((#1853,#1854,#1855,#1856));
#1862= IFCFACEOUTERBOUND(#1861,.T.);
#1863= IFCFACE((#1862));
#1864= IFCPOLYLOOP((#1849,#1850,#1854,#1853));
#1865= IFCFACEOUTERBOUND(#1864,.T.);
#1866= IFCFACE((#1865));
#1867= IFCPOLYLOOP((#1850,#1851,#1855,#1854));
#1868= IFCFACEOUTERBOUND(#1867,.T.);
#1869= IFCFACE((#1868));
#1870= IFCPOLYLOOP((#1851,#1852,#1856,#1855));
#1871= IFCFACEOUTERBOUND(#1870,.T.);
#1872= IFCFACE((#1871));
#1873= IFCPOLYLOOP((#1852,#1849,#1853,#1856));
#1874= IFCFACEOUTERBOUND(#1873,.T.);
#1875= IFCFACE((#1874));
#1876= IFCFACETEDBREP(#1857);
#1877= IFCWALL('1mcGVJvRz6_xhfuOtigIsl',#2,$,$,$,$,$,$);
#1878= IFCBUILDINGELEMENTPROXY('0rEsolnpr3JRS25e6YPcHR',#2,$,$,$,$,#1879,$,$);
#1879= IFCPRODUCTDEFINITIONSHAPE($,$,(#1880));
#1880= IFCSHAPEREPRESENTATION(#11,'Body','Brep',(#1908));
#1881= IFCCARTESIANPOINT((-4070.,-500.,0.));
#1882= IFCCARTESIANPOINT((-5680.,-500.,0.));
#1883= IFCCARTESIANPOINT((-5680.,2530.,0.));
#1884= IFCCARTESIANPOINT((-4070.,2530.,0.));
#1885= IFCCARTESIANPOINT((-4070.,-500.,30.));
#1886= IFCCARTESIANPOINT((-5680.,-500.,30.));
#1887= IFCCARTESIANPOINT((-5680.,2530.,30.));
#1888= IFCCARTESIANPOINT((-4070.,2530.,30.));
#1889= IFCCLOSEDSHELL((#1892,#1895,#1898,#1901,#1904,#1907));
#1890= IFCPOLYLOOP((#1881,#1882,#1883,#1884));
#1891= IFCFACEOUTERBOUND(#1890,.T.);
#1892= IFCFACE((#1891));
#1893= IFCPOLYLOOP((#1885,#1886,#1887,#1888));
#1894= IFCFACEOUTERBOUND(#1893,.T.);
#1895= IFCFACE((#1894));
#1896= IFCPOLYLOOP((#1881,#1882,#1886,#1885));
#1897= IFCFACEOUTERBOUND(#1896,.T.);
#1898= IFCFACE((#1897));
#1899= IFCPOLYLOOP((#1882,#1883,#1887,#1886));
#1900= IFCFACEOUTERBOUND(#1899,.T.);
#1901= IFCFACE((#1900));
#1902= IFCPOLYLOOP((#1883,#1884,#1888,#1887));
#1903= IFCFACEOUTERBOUND(#1902,.T.);
#1904= IFCFACE((#1903));
#1905= IFCPOLYLOOP((#1884,#1881,#1885,#1888));
#1906= IFCFACEOUTERBOUND(#1905,.T.);
#1907= IFCFACE((#1906));
#1908= IFCFACETEDBREP(#1889);
#1909= IFCWALL('2pxay_LB53mw6MTW92sByM',#2,$,$,$,$,$,$);
#1910= IFCBUILDINGELEMENTPROXY('147hkFjtn8Ke07qwcY3vqY',#2,$,$,$,$,#1911,$,$);
#1911= IFCPRODUCTDEFINITIONSHAPE($,$,(#1912));
#1912= IFCSHAPEREPRESENTATION(#11,'Body','Brep',(#1940));
#1913= IFCCARTESIANPOINT((-5680.,-500.,0.));
#1914= IFCCARTESIANPOINT((-7840.,-500.,0.));
#1915= IFCCARTESIANPOINT((-7840.,2530.,0.));
#1916= IFCCARTESIANPOINT((-5680.,2530.,0.));
#1917= IFCCARTESIANPOINT((-5680.,-500.,30.));
#1918= IFCCARTESIANPOINT((-7840.,-500.,30.));
#1919= IFCCARTESIANPOINT((-7840.,2530.,30.));
#1920= IFCCARTESIANPOINT((-5680.,2530.,30.));
#1921= IFCCLOSEDSHELL((#1924,#1927,#1930,#1933,#1936,#1939));
#1922= IFCPOLYLOOP((#1913,#1914,#1915,#1916));
#1923= IFCFACEOUTERBOUND(#1922,.T.);
#1924= IFCFACE((#1923));
#1925= IFCPOLYLOOP((#1917,#1918,#1919,#1920));
#1926= IFCFACEOUTERBOUND(#1925,.T.);
#1927= IFCFACE((#1926));
#1928= IFCPOLYLOOP((#1913,#1914,#1918,#1917));
#1929= IFCFACEOUTERBOUND(#1928,.T.);
#1930= IFCFACE((#1929));
#1931= IFCPOLYLOOP((#1914,#1915,#1919,#1918));
#1932= IFCFACEOUTERBOUND(#1931,.T.);
#1933= IFCFACE((#1932));
#1934= IFCPOLYLOOP((#1915,#1916,#1920,#1919));
#1935= IFCFACEOUTERBOUND(#1934,.T.);
#1936= IFCFACE((#1935));
#1937= IFCPOLYLOOP((#1916,#1913,#1917,#1920));
#1938= IFCFACEOUTERBOUND(#1937,.T.);
#1939= IFCFACE((#1938));
#1940= IFCFACETEDBREP(#1921);
#1941= IFCWALL('2ke7LZOTHFUf4TYSChnObh',#2,$,$,$,$,$,$);
#1942= IFCBUILDINGELEMENTPROXY('1BkNG4OYD2Q8fXTcPiEge7',#2,$,$,$,$,#1943,$,$);
#1943= IFCPRODUCTDEFINITIONSHAPE($,$,(#1944));
#1944= IFCSHAPEREPRESENTATION(#11,'Body','Brep',(#1972));
#1945= IFCCARTESIANPOINT((-4070.,2530.,0.));
#1946= IFCCARTESIANPOINT((-5680.,2530.,0.));
#1947= IFCCARTESIANPOINT((-5680.,4340.,0.));
#1948= IFCCARTESIANPOINT((-4070.,4340.,0.));
#1949= IFCCARTESIANPOINT((-4070.,2530.,30.));
#1950= IFCCARTESIANPOINT((-5680.,2530.,30.));
#1951= IFCCARTESIANPOINT((-5680.,4340.,30.));
#1952= IFCCARTESIANPOINT((-4070.,4340.,30.));
#1953= IFCCLOSEDSHELL((#1956,#1959,#1962,#1965,#1968,#1971));
#1954= IFCPOLYLOOP((#1945,#1946,#1947,#1948));
#1955= IFCFACEOUTERBOUND(#1954,.T.);
#1956= IFCFACE((#1955));
#1957= IFCPOLYLOOP((#1949,#1950,#1951,#1952));
#1958= IFCFACEOUTERBOUND(#1957,.T.);
#1959= IFCFACE((#1958));
#1960= IFCPOLYLOOP((#1945,#1946,#1950,#1949));
#1961= IFCFACEOUTERBOUND(#1960,.T.);
#1962= IFCFACE((#1961));
#1963= IFCPOLYLOOP((#1946,#1947,#1951,#1950));
#1964= IFCFACEOUTERBOUND(#1963,.T.);
#1965= IFCFACE((#1964));
#1966= IFCPOLYLOOP((#1947,#1948,#1952,#1951));
#1967= IFCFACEOUTERBOUND(#1966,.T.);
#1968= IFCFACE((#1967));
#1969= IFCPOLYLOOP((#1948,#1945,#1949,#1952));
#1970= IFCFACEOUTERBOUND(#1969,.T.);
#1971= IFCFACE((#1970));
#1972= IFCFACETEDBREP(#1953);
#1973= IFCWALL('0Bi1TLfYXCj97qDvf4ml1G',#2,$,$,$,$,$,$);
#1974= IFCBUILDINGELEMENTPROXY('1IxQ97rtn6rfCxV_kYqSSu',#2,$,$,$,$,#1975,$,$);
#1975= IFCPRODUCTDEFINITIONSHAPE($,$,(#1976));
#1976= IFCSHAPEREPRESENTATION(#11,'Body','Brep',(#2004));
#1977= IFCCARTESIANPOINT((-5680.,2530.,0.));
#1978= IFCCARTESIANPOINT((-7840.,2530.,0.));
#1979= IFCCARTESIANPOINT((-7840.,4340.,0.));
#1980= IFCCARTESIANPOINT((-5680.,4340.,0.));
#1981= IFCCARTESIANPOINT((-5680.,2530.,30.));
#1982= IFCCARTESIANPOINT((-7840.,2530.,30.));
#1983= IFCCARTESIANPOINT((-7840.,4340.,30.));
#1984= IFCCARTESIANPOINT((-5680.,4340.,30.));
#1985= IFCCLOSEDSHELL((#1988,#1991,#1994,#1997,#2000,#2003));
#1986= IFCPOLYLOOP((#1977,#1978,#1979,#1980));
#1987= IFCFACEOUTERBOUND(#1986,.T.);
#1988= IFCFACE((#1987));
#1989= IFCPOLYLOOP((#1981,#1982,#1983,#1984));
#1990= IFCFACEOUTERBOUND(#1989,.T.);
#1991= IFCFACE((#1990));
#1992= IFCPOLYLOOP((#1977,#1978,#1982,#1981));
#1993= IFCFACEOUTERBOUND(#1992,.T.);
#1994= IFCFACE((#1993));
#1995= IFCPOLYLOOP((#1978,#1979,#1983,#1982));
#1996= IFCFACEOUTERBOUND(#1995,.T.);
#1997= IFCFACE((#1996));
#1998= IFCPOLYLOOP((#1979,#1980,#1984,#1983));
#1999= IFCFACEOUTERBOUND(#1998,.T.);
#2000= IFCFACE((#1999));
#2001= IFCPOLYLOOP((#1980,#1977,#1981,#1984));
#2002= IFCFACEOUTERBOUND(#2001,.T.);
#2003= IFCFACE((#2002));
#2004= IFCFACETEDBREP(#1985);
#2005= IFCWALL('1Y8Z0kdAH9kxjQUQZZzWcx',#2,$,$,$,$,$,$);
#2006= IFCBUILDINGELEMENTPROXY('2ESK6p4nH0W90fars1uMVe',#2,$,$,$,$,#2007,$,$);
#2007= IFCPRODUCTDEFINITIONSHAPE($,$,(#2008));
#2008= IFCSHAPEREPRESENTATION(#11,'Body','Brep',(#2036));
#2009= IFCCARTESIANPOINT((-4070.,4340.,0.));
#2010= IFCCARTESIANPOINT((-5680.,4340.,0.));
#2011= IFCCARTESIANPOINT((-5680.,8220.,0.));
#2012= IFCCARTESIANPOINT((-4070.,8220.,0.));
#2013= IFCCARTESIANPOINT((-4070.,4340.,30.));
#2014= IFCCARTESIANPOINT((-5680.,4340.,30.));
#2015= IFCCARTESIANPOINT((-5680.,8220.,30.));
#2016= IFCCARTESIANPOINT((-4070.,8220.,30.));
#2017= IFCCLOSEDSHELL((#2020,#2023,#2026,#2029,#2032,#2035));
#2018= IFCPOLYLOOP((#2009,#2010,#2011,#2012));
#2019= IFCFACEOUTERBOUND(#2018,.T.);
#2020= IFCFACE((#2019));
#2021= IFCPOLYLOOP((#2013,#2014,#2015,#2016));
#2022= IFCFACEOUTERBOUND(#2021,.T.);
#2023= IFCFACE((#2022));
#2024= IFCPOLYLOOP((#2009,#2010,#2014,#2013));
#2025= IFCFACEOUTERBOUND(#2024,.T.);
#2026= IFCFACE((#2025));
#2027= IFCPOLYLOOP((#2010,#2011,#2015,#2014));
#2028= IFCFACEOUTERBOUND(#2027,.T.);
#2029= IFCFACE((#2028));
#2030= IFCPOLYLOOP((#2011,#2012,#2016,#2015));
#2031= IFCFACEOUTERBOUND(#2030,.T.);
#2032= IFCFACE((#2031));
#2033= IFCPOLYLOOP((#2012,#2009,#2013,#2016));
#2034= IFCFACEOUTERBOUND(#2033,.T.);
#2035= IFCFACE((#2034));
#2036= IFCFACETEDBREP(#2017);
#2037= IFCWALL('2eYfz_O4r36wFLcd26zElE',#2,$,$,$,$,$,$);
#2038= IFCBUILDINGELEMENTPROXY('2JKUlsQ4bCF8DCl6s7GzkX',#2,$,$,$,$,#2039,$,$);
#2039= IFCPRODUCTDEFINITIONSHAPE($,$,(#2040));
#2040= IFCSHAPEREPRESENTATION(#11,'Body','Brep',(#2068));
#2041= IFCCARTESIANPOINT((-5680.,4340.,0.));
#2042= IFCCARTESIANPOINT((-7840.,4340.,0.));
#2043= IFCCARTESIANPOINT((-7840.,8220.,0.));
#2044= IFCCARTESIANPOINT((-5680.,8220.,0.));
#2045= IFCCARTESIANPOINT((-5680.,4340.,30.));
#2046= IFCCARTESIANPOINT((-7840.,4340.,30.));
#2047= IFCCARTESIANPOINT((-7840.,8220.,30.));
#2048= IFCCARTESIANPOINT((-5680.,8220.,30.));
#2049= IFCCLOSEDSHELL((#2052,#2055,#2058,#2061,#2064,#2067));
#2050= IFCPOLYLOOP((#2041,#2042,#2043,#2044));
#2051= IFCFACEOUTERBOUND(#2050,.T.);
#2052= IFCFACE((#2051));
#2053= IFCPOLYLOOP((#2045,#2046,#2047,#2048));
#2054= IFCFACEOUTERBOUND(#2053,.T.);
#2055= IFCFACE((#2054));
#2056= IFCPOLYLOOP((#2041,#2042,#2046,#2045));
#2057= IFCFACEOUTERBOUND(#2056,.T.);
#2058= IFCFACE((#2057));
#2059= IFCPOLYLOOP((#2042,#2043,#2047,#2046));
#2060= IFCFACEOUTERBOUND(#2059,.T.);
#2061= IFCFACE((#2060));
#2062= IFCPOLYLOOP((#2043,#2044,#2048,#2047));
#2063= IFCFACEOUTERBOUND(#2062,.T.);
#2064= IFCFACE((#2063));
#2065= IFCPOLYLOOP((#2044,#2041,#2045,#2048));
#2066= IFCFACEOUTERBOUND(#2065,.T.);
#2067= IFCFACE((#2066));
#2068= IFCFACETEDBREP(#2049);
#2069= IFCWALL('33i8SP0pj2pfy73nFIXIhc',#2,$,$,$,$,$,$);
#2070= IFCBUILDINGELEMENTPROXY('1u09b7FC90393$YfRO911p',#2,$,$,$,$,#2071,$,$);
#2071= IFCPRODUCTDEFINITIONSHAPE($,$,(#2072));
#2072= IFCSHAPEREPRESENTATION(#11,'Body','Brep',(#2100));
#2073= IFCCARTESIANPOINT((-7840.,2530.,0.));
#2074= IFCCARTESIANPOINT((-8920.,2530.,0.));
#2075= IFCCARTESIANPOINT((-8920.,4340.,0.));
#2076= IFCCARTESIANPOINT((-7840.,4340.,0.));
#2077= IFCCARTESIANPOINT((-7840.,2530.,30.));
#2078= IFCCARTESIANPOINT((-8920.,2530.,30.));
#2079= IFCCARTESIANPOINT((-8920.,4340.,30.));
#2080= IFCCARTESIANPOINT((-7840.,4340.,30.));
#2081= IFCCLOSEDSHELL((#2084,#2087,#2090,#2093,#2096,#2099));
#2082= IFCPOLYLOOP((#2073,#2074,#2075,#2076));
#2083= IFCFACEOUTERBOUND(#2082,.T.);
#2084= IFCFACE((#2083));
#2085= IFCPOLYLOOP((#2077,#2078,#2079,#2080));
#2086= IFCFACEOUTERBOUND(#2085,.T.);
#2087= IFCFACE((#2086));
#2088= IFCPOLYLOOP((#2073,#2074,#2078,#2077));
#2089= IFCFACEOUTERBOUND(#2088,.T.);
#2090= IFCFACE((#2089));
#2091= IFCPOLYLOOP((#2074,#2075,#2079,#2078));
#2092= IFCFACEOUTERBOUND(#2091,.T.);
#2093= IFCFACE((#2092));
#2094= IFCPOLYLOOP((#2075,#2076,#2080,#2079));
#2095= IFCFACEOUTERBOUND(#2094,.T.);
#2096= IFCFACE((#2095));
#2097= IFCPOLYLOOP((#2076,#2073,#2077,#2080));
#2098= IFCFACEOUTERBOUND(#2097,.T.);
#2099= IFCFACE((#2098));
#2100= IFCFACETEDBREP(#2081);
#2101= IFCWALL('075_LD54v1VAoemwINGZcI',#2,$,$,$,$,$,$);
#2102= IFCBUILDINGELEMENTPROXY('3DuRvTHL94euNxVTl3_F8q',#2,$,$,$,$,#2103,$,$);
#2103= IFCPRODUCTDEFINITIONSHAPE($,$,(#2104));
#2104= IFCSHAPEREPRESENTATION(#11,'Body','Brep',(#2132));
#2105= IFCCARTESIANPOINT((-7840.,4340.,0.));
#2106= IFCCARTESIANPOINT((-8920.,4340.,0.));
#2107= IFCCARTESIANPOINT((-8920.,8220.,0.));
#2108= IFCCARTESIANPOINT((-7840.,8220.,0.));
#2109= IFCCARTESIANPOINT((-7840.,4340.,30.));
#2110= IFCCARTESIANPOINT((-8920.,4340.,30.));
#2111= IFCCARTESIANPOINT((-8920.,8220.,30.));
#2112= IFCCARTESIANPOINT((-7840.,8220.,30.));
#2113= IFCCLOSEDSHELL((#2116,#2119,#2122,#2125,#2128,#2131));
#2114= IFCPOLYLOOP((#2105,#2106,#2107,#2108));
#2115= IFCFACEOUTERBOUND(#2114,.T.);
#2116= IFCFACE((#2115));
#2117= IFCPOLYLOOP((#2109,#2110,#2111,#2112));
#2118= IFCFACEOUTERBOUND(#2117,.T.);
#2119= IFCFACE((#2118));
#2120= IFCPOLYLOOP((#2105,#2106,#2110,#2109));
#2121= IFCFACEOUTERBOUND(#2120,.T.);
#2122= IFCFACE((#2121));
#2123= IFCPOLYLOOP((#2106,#2107,#2111,#2110));
#2124= IFCFACEOUTERBOUND(#2123,.T.);
#2125= IFCFACE((#2124));
#2126= IFCPOLYLOOP((#2107,#2108,#2112,#2111));
#2127= IFCFACEOUTERBOUND(#2126,.T.);
#2128= IFCFACE((#2127));
#2129= IFCPOLYLOOP((#2108,#2105,#2109,#2112));
#2130= IFCFACEOUTERBOUND(#2129,.T.);
#2131= IFCFACE((#2130));
#2132= IFCFACETEDBREP(#2113);
#2133= IFCWALL('1pRR0pUur0DvXegwgS4m_K',#2,$,$,$,$,$,$);
#2134= IFCBUILDINGELEMENTPROXY('3Y3APF3QDCGxBHkVF5iEQf',#2,$,$,$,$,#2135,$,$);
#2135= IFCPRODUCTDEFINITIONSHAPE($,$,(#2136));
#2136= IFCSHAPEREPRESENTATION(#11,'Body','Brep',(#2164));
#2137= IFCCARTESIANPOINT((-8920.,4340.,0.));
#2138= IFCCARTESIANPOINT((-9750.,4340.,0.));
#2139= IFCCARTESIANPOINT((-9750.,8220.,0.));
#2140= IFCCARTESIANPOINT((-8920.,8220.,0.));
#2141= IFCCARTESIANPOINT((-8920.,4340.,30.));
#2142= IFCCARTESIANPOINT((-9750.,4340.,30.));
#2143= IFCCARTESIANPOINT((-9750.,8220.,30.));
#2144= IFCCARTESIANPOINT((-8920.,8220.,30.));
#2145= IFCCLOSEDSHELL((#2148,#2151,#2154,#2157,#2160,#2163));
#2146= IFCPOLYLOOP((#2137,#2138,#2139,#2140));
#2147= IFCFACEOUTERBOUND(#2146,.T.);
#2148= IFCFACE((#2147));
#2149= IFCPOLYLOOP((#2141,#2142,#2143,#2144));
#2150= IFCFACEOUTERBOUND(#2149,.T.);
#2151= IFCFACE((#2150));
#2152= IFCPOLYLOOP((#2137,#2138,#2142,#2141));
#2153= IFCFACEOUTERBOUND(#2152,.T.);
#2154= IFCFACE((#2153));
#2155= IFCPOLYLOOP((#2138,#2139,#2143,#2142));
#2156= IFCFACEOUTERBOUND(#2155,.T.);
#2157= IFCFACE((#2156));
#2158= IFCPOLYLOOP((#2139,#2140,#2144,#2143));
#2159= IFCFACEOUTERBOUND(#2158,.T.);
#2160= IFCFACE((#2159));
#2161= IFCPOLYLOOP((#2140,#2137,#2141,#2144));
#2162= IFCFACEOUTERBOUND(#2161,.T.);
#2163= IFCFACE((#2162));
#2164= IFCFACETEDBREP(#2145);
#2165= IFCWALL('1QWceTTAz4kezNE9rWKmpf',#2,$,$,$,$,$,$);
#2166= IFCBUILDINGELEMENTPROXY('0liI9yLvv8GhpBxRWRUc7Z',#2,$,$,$,$,#2167,$,$);
#2167= IFCPRODUCTDEFINITIONSHAPE($,$,(#2168));
#2168= IFCSHAPEREPRESENTATION(#11,'Body','Brep',(#2196));
#2169= IFCCARTESIANPOINT((-7840.,-500.,0.));
#2170= IFCCARTESIANPOINT((-8920.,-500.,0.));
#2171= IFCCARTESIANPOINT((-8920.,2530.,0.));
#2172= IFCCARTESIANPOINT((-7840.,2530.,0.));
#2173= IFCCARTESIANPOINT((-7840.,-500.,30.));
#2174= IFCCARTESIANPOINT((-8920.,-500.,30.));
#2175= IFCCARTESIANPOINT((-8920.,2530.,30.));
#2176= IFCCARTESIANPOINT((-7840.,2530.,30.));
#2177= IFCCLOSEDSHELL((#2180,#2183,#2186,#2189,#2192,#2195));
#2178= IFCPOLYLOOP((#2169,#2170,#2171,#2172));
#2179= IFCFACEOUTERBOUND(#2178,.T.);
#2180= IFCFACE((#2179));
#2181= IFCPOLYLOOP((#2173,#2174,#2175,#2176));
#2182= IFCFACEOUTERBOUND(#2181,.T.);
#2183= IFCFACE((#2182));
#2184= IFCPOLYLOOP((#2169,#2170,#2174,#2173));
#2185= IFCFACEOUTERBOUND(#2184,.T.);
#2186= IFCFACE((#2185));
#2187= IFCPOLYLOOP((#2170,#2171,#2175,#2174));
#2188= IFCFACEOUTERBOUND(#2187,.T.);
#2189= IFCFACE((#2188));
#2190= IFCPOLYLOOP((#2171,#2172,#2176,#2175));
#2191= IFCFACEOUTERBOUND(#2190,.T.);
#2192= IFCFACE((#2191));
#2193= IFCPOLYLOOP((#2172,#2169,#2173,#2176));
#2194= IFCFACEOUTERBOUND(#2193,.T.);
#2195= IFCFACE((#2194));
#2196= IFCFACETEDBREP(#2177);
#2197= IFCWALL('0kiNBvmznD6OgXb_MrKO$r',#2,$,$,$,$,$,$);
#2198= IFCBUILDINGELEMENTPROXY('30QsLDyqDBufO5g_0ogvQO',#2,$,$,$,$,#2199,$,$);
#2199= IFCPRODUCTDEFINITIONSHAPE($,$,(#2200));
#2200= IFCSHAPEREPRESENTATION(#11,'Body','Brep',(#2228));
#2201= IFCCARTESIANPOINT((-8920.,-500.,0.));
#2202= IFCCARTESIANPOINT((-9750.,-500.,0.));
#2203= IFCCARTESIANPOINT((-9750.,2530.,0.));
#2204= IFCCARTESIANPOINT((-8920.,2530.,0.));
#2205= IFCCARTESIANPOINT((-8920.,-500.,30.));
#2206= IFCCARTESIANPOINT((-9750.,-500.,30.));
#2207= IFCCARTESIANPOINT((-9750.,2530.,30.));
#2208= IFCCARTESIANPOINT((-8920.,2530.,30.));
#2209= IFCCLOSEDSHELL((#2212,#2215,#2218,#2221,#2224,#2227));
#2210= IFCPOLYLOOP((#2201,#2202,#2203,#2204));
#2211= IFCFACEOUTERBOUND(#2210,.T.);
#2212= IFCFACE((#2211));
#2213= IFCPOLYLOOP((#2205,#2206,#2207,#2208));
#2214= IFCFACEOUTERBOUND(#2213,.T.);
#2215= IFCFACE((#2214));
#2216= IFCPOLYLOOP((#2201,#2202,#2206,#2205));
#2217= IFCFACEOUTERBOUND(#2216,.T.);
#2218= IFCFACE((#2217));
#2219= IFCPOLYLOOP((#2202,#2203,#2207,#2206));
#2220= IFCFACEOUTERBOUND(#2219,.T.);
#2221= IFCFACE((#2220));
#2222= IFCPOLYLOOP((#2203,#2204,#2208,#2207));
#2223= IFCFACEOUTERBOUND(#2222,.T.);
#2224= IFCFACE((#2223));
#2225= IFCPOLYLOOP((#2204,#2201,#2205,#2208));
#2226= IFCFACEOUTERBOUND(#2225,.T.);
#2227= IFCFACE((#2226));
#2228= IFCFACETEDBREP(#2209);
#2229= IFCWALL('0IOTrB9pv71BfYOWJkU4ac',#2,$,$,$,$,$,$);
#2230= IFCBUILDINGELEMENTPROXY('0ibqzOLdP579GErkfi1lD_',#2,$,$,$,$,#2231,$,$);
#2231= IFCPRODUCTDEFINITIONSHAPE($,$,(#2232));
#2232= IFCSHAPEREPRESENTATION(#11,'Body','Brep',(#2260));
#2233= IFCCARTESIANPOINT((-2000.,8220.,0.));
#2234= IFCCARTESIANPOINT((-4070.,8220.,0.));
#2235= IFCCARTESIANPOINT((-4070.,11250.,0.));
#2236= IFCCARTESIANPOINT((-2000.,11250.,0.));
#2237= IFCCARTESIANPOINT((-2000.,8220.,30.));
#2238= IFCCARTESIANPOINT((-4070.,8220.,30.));
#2239= IFCCARTESIANPOINT((-4070.,11250.,30.));
#2240= IFCCARTESIANPOINT((-2000.,11250.,30.));
#2241= IFCCLOSEDSHELL((#2244,#2247,#2250,#2253,#2256,#2259));
#2242= IFCPOLYLOOP((#2233,#2234,#2235,#2236));
#2243= IFCFACEOUTERBOUND(#2242,.T.);
#2244= IFCFACE((#2243));
#2245= IFCPOLYLOOP((#2237,#2238,#2239,#2240));
#2246= IFCFACEOUTERBOUND(#2245,.T.);
#2247= IFCFACE((#2246));
#2248= IFCPOLYLOOP((#2233,#2234,#2238,#2237));
#2249= IFCFACEOUTERBOUND(#2248,.T.);
#2250= IFCFACE((#2249));
#2251= IFCPOLYLOOP((#2234,#2235,#2239,#2238));
#2252= IFCFACEOUTERBOUND(#2251,.T.);
#2253= IFCFACE((#2252));
#2254= IFCPOLYLOOP((#2235,#2236,#2240,#2239));
#2255= IFCFACEOUTERBOUND(#2254,.T.);
#2256= IFCFACE((#2255));
#2257= IFCPOLYLOOP((#2236,#2233,#2237,#2240));
#2258= IFCFACEOUTERBOUND(#2257,.T.);
#2259= IFCFACE((#2258));
#2260= IFCFACETEDBREP(#2241);
#2261= IFCWALL('1chljeBvT6IP43pgspkKTm',#2,$,$,$,$,$,$);
#2262= IFCBUILDINGELEMENTPROXY('27lQtJEBvE0Py$NpncXgou',#2,$,$,$,$,#2263,$,$);
#2263= IFCPRODUCTDEFINITIONSHAPE($,$,(#2264));
#2264= IFCSHAPEREPRESENTATION(#11,'Body','Brep',(#2292));
#2265= IFCCARTESIANPOINT((-4070.,8220.,0.));
#2266= IFCCARTESIANPOINT((-5680.,8220.,0.));
#2267= IFCCARTESIANPOINT((-5680.,11250.,0.));
#2268= IFCCARTESIANPOINT((-4070.,11250.,0.));
#2269= IFCCARTESIANPOINT((-4070.,8220.,30.));
#2270= IFCCARTESIANPOINT((-5680.,8220.,30.));
#2271= IFCCARTESIANPOINT((-5680.,11250.,30.));
#2272= IFCCARTESIANPOINT((-4070.,11250.,30.));
#2273= IFCCLOSEDSHELL((#2276,#2279,#2282,#2285,#2288,#2291));
#2274= IFCPOLYLOOP((#2265,#2266,#2267,#2268));
#2275= IFCFACEOUTERBOUND(#2274,.T.);
#2276= IFCFACE((#2275));
#2277= IFCPOLYLOOP((#2269,#2270,#2271,#2272));
#2278= IFCFACEOUTERBOUND(#2277,.T.);
#2279= IFCFACE((#2278));
#2280= IFCPOLYLOOP((#2265,#2266,#2270,#2269));
#2281= IFCFACEOUTERBOUND(#2280,.T.);
#2282= IFCFACE((#2281));
#2283= IFCPOLYLOOP((#2266,#2267,#2271,#2270));
#2284= IFCFACEOUTERBOUND(#2283,.T.);
#2285= IFCFACE((#2284));
#2286= IFCPOLYLOOP((#2267,#2268,#2272,#2271));
#2287= IFCFACEOUTERBOUND(#2286,.T.);
#2288= IFCFACE((#2287));
#2289= IFCPOLYLOOP((#2268,#2265,#2269,#2272));
#2290= IFCFACEOUTERBOUND(#2289,.T.);
#2291= IFCFACE((#2290));
#2292= IFCFACETEDBREP(#2273);
#2293= IFCWALL('0tsqPvWWjBAf6MAsgBhKAl',#2,$,$,$,$,$,$);
#2294= IFCBUILDINGELEMENTPROXY('00BwEecFH2hha17yDWKtnc',#2,$,$,$,$,#2295,$,$);
#2295= IFCPRODUCTDEFINITIONSHAPE($,$,(#2296));
#2296= IFCSHAPEREPRESENTATION(#11,'Body','Brep',(#2324));
#2297= IFCCARTESIANPOINT((-5680.,8220.,0.));
#2298= IFCCARTESIANPOINT((-9750.,8220.,0.));
#2299= IFCCARTESIANPOINT((-9750.,11250.,0.));
#2300= IFCCARTESIANPOINT((-5680.,11250.,0.));
#2301= IFCCARTESIANPOINT((-5680.,8220.,30.));
#2302= IFCCARTESIANPOINT((-9750.,8220.,30.));
#2303= IFCCARTESIANPOINT((-9750.,11250.,30.));
#2304= IFCCARTESIANPOINT((-5680.,11250.,30.));
#2305= IFCCLOSEDSHELL((#2308,#2311,#2314,#2317,#2320,#2323));
#2306= IFCPOLYLOOP((#2297,#2298,#2299,#2300));
#2307= IFCFACEOUTERBOUND(#2306,.T.);
#2308= IFCFACE((#2307));
#2309= IFCPOLYLOOP((#2301,#2302,#2303,#2304));
#2310= IFCFACEOUTERBOUND(#2309,.T.);
#2311= IFCFACE((#2310));
#2312= IFCPOLYLOOP((#2297,#2298,#2302,#2301));
#2313= IFCFACEOUTERBOUND(#2312,.T.);
#2314= IFCFACE((#2313));
#2315= IFCPOLYLOOP((#2298,#2299,#2303,#2302));
#2316= IFCFACEOUTERBOUND(#2315,.T.);
#2317= IFCFACE((#2316));
#2318= IFCPOLYLOOP((#2299,#2300,#2304,#2303));
#2319= IFCFACEOUTERBOUND(#2318,.T.);
#2320= IFCFACE((#2319));
#2321= IFCPOLYLOOP((#2300,#2297,#2301,#2304));
#2322= IFCFACEOUTERBOUND(#2321,.T.);
#2323= IFCFACE((#2322));
#2324= IFCFACETEDBREP(#2305);
#2325= IFCWALL('0WmI7HIwT4UBW7NQsFH_IO',#2,$,$,$,$,$,$);
#2326= IFCBUILDINGELEMENTPROXY('15A80dvfrDcAR9Dy6gv5DX',#2,$,$,$,$,#2327,$,$);
#2327= IFCPRODUCTDEFINITIONSHAPE($,$,(#2328));
#2328= IFCSHAPEREPRESENTATION(#11,'Body','Brep',(#2356));
#2329= IFCCARTESIANPOINT((-1130.,-500.,0.));
#2330= IFCCARTESIANPOINT((-2000.,-500.,0.));
#2331= IFCCARTESIANPOINT((-2000.,2530.,0.));
#2332= IFCCARTESIANPOINT((-1130.,2530.,0.));
#2333= IFCCARTESIANPOINT((-1130.,-500.,30.));
#2334= IFCCARTESIANPOINT((-2000.,-500.,30.));
#2335= IFCCARTESIANPOINT((-2000.,2530.,30.));
#2336= IFCCARTESIANPOINT((-1130.,2530.,30.));
#2337= IFCCLOSEDSHELL((#2340,#2343,#2346,#2349,#2352,#2355));
#2338= IFCPOLYLOOP((#2329,#2330,#2331,#2332));
#2339= IFCFACEOUTERBOUND(#2338,.T.);
#2340= IFCFACE((#2339));
#2341= IFCPOLYLOOP((#2333,#2334,#2335,#2336));
#2342= IFCFACEOUTERBOUND(#2341,.T.);
#2343= IFCFACE((#2342));
#2344= IFCPOLYLOOP((#2329,#2330,#2334,#2333));
#2345= IFCFACEOUTERBOUND(#2344,.T.);
#2346= IFCFACE((#2345));
#2347= IFCPOLYLOOP((#2330,#2331,#2335,#2334));
#2348= IFCFACEOUTERBOUND(#2347,.T.);
#2349= IFCFACE((#2348));
#2350= IFCPOLYLOOP((#2331,#2332,#2336,#2335));
#2351= IFCFACEOUTERBOUND(#2350,.T.);
#2352= IFCFACE((#2351));
#2353= IFCPOLYLOOP((#2332,#2329,#2333,#2336));
#2354= IFCFACEOUTERBOUND(#2353,.T.);
#2355= IFCFACE((#2354));
#2356= IFCFACETEDBREP(#2337);
#2357= IFCWALL('0uEiRasCjAqQayljqAQJ4k',#2,$,$,$,$,$,$);
#2358= IFCBUILDINGELEMENTPROXY('0vkk74_7j038WeYzgvMOOB',#2,$,$,$,$,#2359,$,$);
#2359= IFCPRODUCTDEFINITIONSHAPE($,$,(#2360));
#2360= IFCSHAPEREPRESENTATION(#11,'Body','Brep',(#2388));
#2361= IFCCARTESIANPOINT((-1130.,2530.,0.));
#2362= IFCCARTESIANPOINT((-2000.,2530.,0.));
#2363= IFCCARTESIANPOINT((-2000.,8220.,0.));
#2364= IFCCARTESIANPOINT((-1130.,8220.,0.));
#2365= IFCCARTESIANPOINT((-1130.,2530.,30.));
#2366= IFCCARTESIANPOINT((-2000.,2530.,30.));
#2367= IFCCARTESIANPOINT((-2000.,8220.,30.));
#2368= IFCCARTESIANPOINT((-1130.,8220.,30.));
#2369= IFCCLOSEDSHELL((#2372,#2375,#2378,#2381,#2384,#2387));
#2370= IFCPOLYLOOP((#2361,#2362,#2363,#2364));
#2371= IFCFACEOUTERBOUND(#2370,.T.);
#2372= IFCFACE((#2371));
#2373= IFCPOLYLOOP((#2365,#2366,#2367,#2368));
#2374= IFCFACEOUTERBOUND(#2373,.T.);
#2375= IFCFACE((#2374));
#2376= IFCPOLYLOOP((#2361,#2362,#2366,#2365));
#2377= IFCFACEOUTERBOUND(#2376,.T.);
#2378= IFCFACE((#2377));
#2379= IFCPOLYLOOP((#2362,#2363,#2367,#2366));
#2380= IFCFACEOUTERBOUND(#2379,.T.);
#2381= IFCFACE((#2380));
#2382= IFCPOLYLOOP((#2363,#2364,#2368,#2367));
#2383= IFCFACEOUTERBOUND(#2382,.T.);
#2384= IFCFACE((#2383));
#2385= IFCPOLYLOOP((#2364,#2361,#2365,#2368));
#2386= IFCFACEOUTERBOUND(#2385,.T.);
#2387= IFCFACE((#2386));
#2388= IFCFACETEDBREP(#2369);
#2389= IFCWALL('3gdbZaOnvDXhyBKHZyJ_UL',#2,$,$,$,$,$,$);
#2390= IFCBUILDINGELEMENTPROXY('14WRusKCv85AaHLxqIEpsc',#2,$,$,$,$,#2391,$,$);
#2391= IFCPRODUCTDEFINITIONSHAPE($,$,(#2392));
#2392= IFCSHAPEREPRESENTATION(#11,'Body','Brep',(#2420));
#2393= IFCCARTESIANPOINT((-2000.,2530.,0.));
#2394= IFCCARTESIANPOINT((-4070.,2530.,0.));
#2395= IFCCARTESIANPOINT((-4070.,8220.,0.));
#2396= IFCCARTESIANPOINT((-2000.,8220.,0.));
#2397= IFCCARTESIANPOINT((-2000.,2530.,30.));
#2398= IFCCARTESIANPOINT((-4070.,2530.,30.));
#2399= IFCCARTESIANPOINT((-4070.,8220.,30.));
#2400= IFCCARTESIANPOINT((-2000.,8220.,30.));
#2401= IFCCLOSEDSHELL((#2404,#2407,#2410,#2413,#2416,#2419));
#2402= IFCPOLYLOOP((#2393,#2394,#2395,#2396));
#2403= IFCFACEOUTERBOUND(#2402,.T.);
#2404= IFCFACE((#2403));
#2405= IFCPOLYLOOP((#2397,#2398,#2399,#2400));
#2406= IFCFACEOUTERBOUND(#2405,.T.);
#2407= IFCFACE((#2406));
#2408= IFCPOLYLOOP((#2393,#2394,#2398,#2397));
#2409= IFCFACEOUTERBOUND(#2408,.T.);
#2410= IFCFACE((#2409));
#2411= IFCPOLYLOOP((#2394,#2395,#2399,#2398));
#2412= IFCFACEOUTERBOUND(#2411,.T.);
#2413= IFCFACE((#2412));
#2414= IFCPOLYLOOP((#2395,#2396,#2400,#2399));
#2415= IFCFACEOUTERBOUND(#2414,.T.);
#2416= IFCFACE((#2415));
#2417= IFCPOLYLOOP((#2396,#2393,#2397,#2400));
#2418= IFCFACEOUTERBOUND(#2417,.T.);
#2419= IFCFACE((#2418));
#2420= IFCFACETEDBREP(#2401);
#2421= IFCWALL('2xnpfJuv1CFOS5B1ao_okV',#2,$,$,$,$,$,$);
#2422= IFCBUILDINGELEMENTPROXY('24_MnNJiTFHvpOYHhFizOf',#2,$,$,$,$,#2423,$,$);
#2423= IFCPRODUCTDEFINITIONSHAPE($,$,(#2424));
#2424= IFCSHAPEREPRESENTATION(#11,'Body','Brep',(#2452));
#2425= IFCCARTESIANPOINT((-1130.,8220.,0.));
#2426= IFCCARTESIANPOINT((-2000.,8220.,0.));
#2427= IFCCARTESIANPOINT((-2000.,11250.,0.));
#2428= IFCCARTESIANPOINT((-1130.,11250.,0.));
#2429= IFCCARTESIANPOINT((-1130.,8220.,30.));
#2430= IFCCARTESIANPOINT((-2000.,8220.,30.));
#2431= IFCCARTESIANPOINT((-2000.,11250.,30.));
#2432= IFCCARTESIANPOINT((-1130.,11250.,30.));
#2433= IFCCLOSEDSHELL((#2436,#2439,#2442,#2445,#2448,#2451));
#2434= IFCPOLYLOOP((#2425,#2426,#2427,#2428));
#2435= IFCFACEOUTERBOUND(#2434,.T.);
#2436= IFCFACE((#2435));
#2437= IFCPOLYLOOP((#2429,#2430,#2431,#2432));
#2438= IFCFACEOUTERBOUND(#2437,.T.);
#2439= IFCFACE((#2438));
#2440= IFCPOLYLOOP((#2425,#2426,#2430,#2429));
#2441= IFCFACEOUTERBOUND(#2440,.T.);
#2442= IFCFACE((#2441));
#2443= IFCPOLYLOOP((#2426,#2427,#2431,#2430));
#2444= IFCFACEOUTERBOUND(#2443,.T.);
#2445= IFCFACE((#2444));
#2446= IFCPOLYLOOP((#2427,#2428,#2432,#2431));
#2447= IFCFACEOUTERBOUND(#2446,.T.);
#2448= IFCFACE((#2447));
#2449= IFCPOLYLOOP((#2428,#2425,#2429,#2432));
#2450= IFCFACEOUTERBOUND(#2449,.T.);
#2451= IFCFACE((#2450));
#2452= IFCFACETEDBREP(#2433);
#2453= IFCWALL('3IXM$QCtjEH8fPFlaLhnG1',#2,$,$,$,$,$,$);
#2454= IFCBUILDINGELEMENTPROXY('33R9tPPp5DURgZiDQykoEQ',#2,$,$,$,$,#2455,$,$);
#2455= IFCPRODUCTDEFINITIONSHAPE($,$,(#2456));
#2456= IFCSHAPEREPRESENTATION(#11,'Body','Brep',(#2484));
#2457= IFCCARTESIANPOINT((-8920.,2530.,0.));
#2458= IFCCARTESIANPOINT((-9750.,2530.,0.));
#2459= IFCCARTESIANPOINT((-9750.,4340.,0.));
#2460= IFCCARTESIANPOINT((-8920.,4340.,0.));
#2461= IFCCARTESIANPOINT((-8920.,2530.,30.));
#2462= IFCCARTESIANPOINT((-9750.,2530.,30.));
#2463= IFCCARTESIANPOINT((-9750.,4340.,30.));
#2464= IFCCARTESIANPOINT((-8920.,4340.,30.));
#2465= IFCCLOSEDSHELL((#2468,#2471,#2474,#2477,#2480,#2483));
#2466= IFCPOLYLOOP((#2457,#2458,#2459,#2460));
#2467= IFCFACEOUTERBOUND(#2466,.T.);
#2468= IFCFACE((#2467));
#2469= IFCPOLYLOOP((#2461,#2462,#2463,#2464));
#2470= IFCFACEOUTERBOUND(#2469,.T.);
#2471= IFCFACE((#2470));
#2472= IFCPOLYLOOP((#2457,#2458,#2462,#2461));
#2473= IFCFACEOUTERBOUND(#2472,.T.);
#2474= IFCFACE((#2473));
#2475= IFCPOLYLOOP((#2458,#2459,#2463,#2462));
#2476= IFCFACEOUTERBOUND(#2475,.T.);
#2477= IFCFACE((#2476));
#2478= IFCPOLYLOOP((#2459,#2460,#2464,#2463));
#2479= IFCFACEOUTERBOUND(#2478,.T.);
#2480= IFCFACE((#2479));
#2481= IFCPOLYLOOP((#2460,#2457,#2461,#2464));
#2482= IFCFACEOUTERBOUND(#2481,.T.);
#2483= IFCFACE((#2482));
#2484= IFCFACETEDBREP(#2465);
#2485= IFCWALL('1P1dMvj6jAOvuJCYwKJAqO',#2,$,$,$,$,$,$);
#2486= IFCROOF('0dxI7$uVvEnge8dCs_J5wk',#2,$,$,$,$,#2487,$,$);
#2487= IFCPRODUCTDEFINITIONSHAPE($,$,(#2488));
#2488= IFCSHAPEREPRESENTATION(#11,'Body','Brep',(#2516));
#2489= IFCCARTESIANPOINT((-2000.,-704.,2238.748085106383));
#2490= IFCCARTESIANPOINT((-4070.,-704.,2238.748085106383));
#2491= IFCCARTESIANPOINT((-4070.,2530.,3130.5063829787237));
#2492= IFCCARTESIANPOINT((-2000.,2530.,3130.5063829787237));
#2493= IFCCARTESIANPOINT((-2000.,-704.,2267.748085106383));
#2494= IFCCARTESIANPOINT((-4070.,-704.,2267.748085106383));
#2495= IFCCARTESIANPOINT((-4070.,2530.,3159.506382978723));
#2496= IFCCARTESIANPOINT((-2000.,2530.,3159.506382978723));
#2497= IFCCLOSEDSHELL((#2500,#2503,#2506,#2509,#2512,#2515));
#2498= IFCPOLYLOOP((#2489,#2490,#2491,#2492));
#2499= IFCFACEOUTERBOUND(#2498,.T.);
#2500= IFCFACE((#2499));
#2501= IFCPOLYLOOP((#2493,#2494,#2495,#2496));
#2502= IFCFACEOUTERBOUND(#2501,.T.);
#2503= IFCFACE((#2502));
#2504= IFCPOLYLOOP((#2489,#2490,#2494,#2493));
#2505= IFCFACEOUTERBOUND(#2504,.T.);
#2506= IFCFACE((#2505));
#2507= IFCPOLYLOOP((#2490,#2491,#2495,#2494));
#2508= IFCFACEOUTERBOUND(#2507,.T.);
#2509= IFCFACE((#2508));
#2510= IFCPOLYLOOP((#2491,#2492,#2496,#2495));
#2511= IFCFACEOUTERBOUND(#2510,.T.);
#2512= IFCFACE((#2511));
#2513= IFCPOLYLOOP((#2492,#2489,#2493,#2496));
#2514= IFCFACEOUTERBOUND(#2513,.T.);
#2515= IFCFACE((#2514));
#2516= IFCFACETEDBREP(#2497);
#2517= IFCWALL('0pmhgGJTjB8uBvYrlbDFjg',#2,$,$,$,$,$,$);
#2518= IFCROOF('0t90HlNlD2EgAwZk1nmfiP',#2,$,$,$,$,#2519,$,$);
#2519= IFCPRODUCTDEFINITIONSHAPE($,$,(#2520));
#2520= IFCSHAPEREPRESENTATION(#11,'Body','Brep',(#2548));
#2521= IFCCARTESIANPOINT((-4070.,-704.,2238.748085106383));
#2522= IFCCARTESIANPOINT((-5680.,-704.,2238.748085106383));
#2523= IFCCARTESIANPOINT((-5680.,2530.,3130.5063829787237));
#2524= IFCCARTESIANPOINT((-4070.,2530.,3130.5063829787237));
#2525= IFCCARTESIANPOINT((-4070.,-704.,2267.748085106383));
#2526= IFCCARTESIANPOINT((-5680.,-704.,2267.748085106383));
#2527= IFCCARTESIANPOINT((-5680.,2530.,3159.506382978723));
#2528= IFCCARTESIANPOINT((-4070.,2530.,3159.506382978723));
#2529= IFCCLOSEDSHELL((#2532,#2535,#2538,#2541,#2544,#2547));
#2530= IFCPOLYLOOP((#2521,#2522,#2523,#2524));
#2531= IFCFACEOUTERBOUND(#2530,.T.);
#2532= IFCFACE((#2531));
#2533= IFCPOLYLOOP((#2525,#2526,#2527,#2528));
#2534= IFCFACEOUTERBOUND(#2533,.T.);
#2535= IFCFACE((#2534));
#2536= IFCPOLYLOOP((#2521,#2522,#2526,#2525));
#2537= IFCFACEOUTERBOUND(#2536,.T.);
#2538= IFCFACE((#2537));
#2539= IFCPOLYLOOP((#2522,#2523,#2527,#2526));
#2540= IFCFACEOUTERBOUND(#2539,.T.);
#2541= IFCFACE((#2540));
#2542= IFCPOLYLOOP((#2523,#2524,#2528,#2527));
#2543= IFCFACEOUTERBOUND(#2542,.T.);
#2544= IFCFACE((#2543));
#2545= IFCPOLYLOOP((#2524,#2521,#2525,#2528));
#2546= IFCFACEOUTERBOUND(#2545,.T.);
#2547= IFCFACE((#2546));
#2548= IFCFACETEDBREP(#2529);
#2549= IFCWALL('0uvoDdVIH2YfQelnizJeLY',#2,$,$,$,$,$,$);
#2550= IFCROOF('2_4CCUzEj0NAckGMbc4Yzl',#2,$,$,$,$,#2551,$,$);
#2551= IFCPRODUCTDEFINITIONSHAPE($,$,(#2552));
#2552= IFCSHAPEREPRESENTATION(#11,'Body','Brep',(#2580));
#2553= IFCCARTESIANPOINT((-871.,-704.,2238.748085106383));
#2554= IFCCARTESIANPOINT((-2000.,-704.,2238.748085106383));
#2555= IFCCARTESIANPOINT((-2000.,2530.,3130.5063829787237));
#2556= IFCCARTESIANPOINT((-871.,2530.,3130.5063829787237));
#2557= IFCCARTESIANPOINT((-871.,-704.,2267.748085106383));
#2558= IFCCARTESIANPOINT((-2000.,-704.,2267.748085106383));
#2559= IFCCARTESIANPOINT((-2000.,2530.,3159.506382978723));
#2560= IFCCARTESIANPOINT((-871.,2530.,3159.506382978723));
#2561= IFCCLOSEDSHELL((#2564,#2567,#2570,#2573,#2576,#2579));
#2562= IFCPOLYLOOP((#2553,#2554,#2555,#2556));
#2563= IFCFACEOUTERBOUND(#2562,.T.);
#2564= IFCFACE((#2563));
#2565= IFCPOLYLOOP((#2557,#2558,#2559,#2560));
#2566= IFCFACEOUTERBOUND(#2565,.T.);
#2567= IFCFACE((#2566));
#2568= IFCPOLYLOOP((#2553,#2554,#2558,#2557));
#2569= IFCFACEOUTERBOUND(#2568,.T.);
#2570= IFCFACE((#2569));
#2571= IFCPOLYLOOP((#2554,#2555,#2559,#2558));
#2572= IFCFACEOUTERBOUND(#2571,.T.);
#2573= IFCFACE((#2572));
#2574= IFCPOLYLOOP((#2555,#2556,#2560,#2559));
#2575= IFCFACEOUTERBOUND(#2574,.T.);
#2576= IFCFACE((#2575));
#2577= IFCPOLYLOOP((#2556,#2553,#2557,#2560));
#2578= IFCFACEOUTERBOUND(#2577,.T.);
#2579= IFCFACE((#2578));
#2580= IFCFACETEDBREP(#2561);
#2581= IFCWALL('2DnkTMoYfAcRkZgPN1BFXt',#2,$,$,$,$,$,$);
#2582= IFCROOF('0$am699wr1HerOUcRN1e1t',#2,$,$,$,$,#2583,$,$);
#2583= IFCPRODUCTDEFINITIONSHAPE($,$,(#2584));
#2584= IFCSHAPEREPRESENTATION(#11,'Body','Brep',(#2612));
#2585= IFCCARTESIANPOINT((-871.,2530.,3130.5063829787237));
#2586= IFCCARTESIANPOINT((-2000.,2530.,3130.5063829787237));
#2587= IFCCARTESIANPOINT((-2000.,4340.,3629.604255319149));
#2588= IFCCARTESIANPOINT((-871.,4340.,3629.604255319149));
#2589= IFCCARTESIANPOINT((-871.,2530.,3159.506382978723));
#2590= IFCCARTESIANPOINT((-2000.,2530.,3159.506382978723));
#2591= IFCCARTESIANPOINT((-2000.,4340.,3658.6042553191487));
#2592= IFCCARTESIANPOINT((-871.,4340.,3658.6042553191487));
#2593= IFCCLOSEDSHELL((#2596,#2599,#2602,#2605,#2608,#2611));
#2594= IFCPOLYLOOP((#2585,#2586,#2587,#2588));
#2595= IFCFACEOUTERBOUND(#2594,.T.);
#2596= IFCFACE((#2595));
#2597= IFCPOLYLOOP((#2589,#2590,#2591,#2592));
#2598= IFCFACEOUTERBOUND(#2597,.T.);
#2599= IFCFACE((#2598));
#2600= IFCPOLYLOOP((#2585,#2586,#2590,#2589));
#2601= IFCFACEOUTERBOUND(#2600,.T.);
#2602= IFCFACE((#2601));
#2603= IFCPOLYLOOP((#2586,#2587,#2591,#2590));
#2604= IFCFACEOUTERBOUND(#2603,.T.);
#2605= IFCFACE((#2604));
#2606= IFCPOLYLOOP((#2587,#2588,#2592,#2591));
#2607= IFCFACEOUTERBOUND(#2606,.T.);
#2608= IFCFACE((#2607));
#2609= IFCPOLYLOOP((#2588,#2585,#2589,#2592));
#2610= IFCFACEOUTERBOUND(#2609,.T.);
#2611= IFCFACE((#2610));
#2612= IFCFACETEDBREP(#2593);
#2613= IFCWALL('0PCilsEA59DvJ2JZ4j2RCU',#2,$,$,$,$,$,$);
#2614= IFCROOF('03_H4UccnDjApzlAJuVhQl',#2,$,$,$,$,#2615,$,$);
#2615= IFCPRODUCTDEFINITIONSHAPE($,$,(#2616));
#2616= IFCSHAPEREPRESENTATION(#11,'Body','Brep',(#2644));
#2617= IFCCARTESIANPOINT((-871.,4340.,3629.604255319149));
#2618= IFCCARTESIANPOINT((-2000.,4340.,3629.604255319149));
#2619= IFCCARTESIANPOINT((-2000.,5375.,3915.));
#2620= IFCCARTESIANPOINT((-871.,5375.,3915.));
#2621= IFCCARTESIANPOINT((-871.,4340.,3658.6042553191487));
#2622= IFCCARTESIANPOINT((-2000.,4340.,3658.6042553191487));
#2623= IFCCARTESIANPOINT((-2000.,5375.,3944.));
#2624= IFCCARTESIANPOINT((-871.,5375.,3944.));
#2625= IFCCLOSEDSHELL((#2628,#2631,#2634,#2637,#2640,#2643));
#2626= IFCPOLYLOOP((#2617,#2618,#2619,#2620));
#2627= IFCFACEOUTERBOUND(#2626,.T.);
#2628= IFCFACE((#2627));
#2629= IFCPOLYLOOP((#2621,#2622,#2623,#2624));
#2630= IFCFACEOUTERBOUND(#2629,.T.);
#2631= IFCFACE((#2630));
#2632= IFCPOLYLOOP((#2617,#2618,#2622,#2621));
#2633= IFCFACEOUTERBOUND(#2632,.T.);
#2634= IFCFACE((#2633));
#2635= IFCPOLYLOOP((#2618,#2619,#2623,#2622));
#2636= IFCFACEOUTERBOUND(#2635,.T.);
#2637= IFCFACE((#2636));
#2638= IFCPOLYLOOP((#2619,#2620,#2624,#2623));
#2639= IFCFACEOUTERBOUND(#2638,.T.);
#2640= IFCFACE((#2639));
#2641= IFCPOLYLOOP((#2620,#2617,#2621,#2624));
#2642= IFCFACEOUTERBOUND(#2641,.T.);
#2643= IFCFACE((#2642));
#2644= IFCFACETEDBREP(#2625);
#2645= IFCWALL('1dZhZCvzL8b8zMOFzfKIAC',#2,$,$,$,$,$,$);
#2646= IFCROOF('2Dw$U6WwTA6f0iO61Auy4b',#2,$,$,$,$,#2647,$,$);
#2647= IFCPRODUCTDEFINITIONSHAPE($,$,(#2648));
#2648= IFCSHAPEREPRESENTATION(#11,'Body','Brep',(#2676));
#2649= IFCCARTESIANPOINT((-2000.,2530.,3130.5063829787237));
#2650= IFCCARTESIANPOINT((-4070.,2530.,3130.5063829787237));
#2651= IFCCARTESIANPOINT((-4070.,4340.,3629.604255319149));
#2652= IFCCARTESIANPOINT((-2000.,4340.,3629.604255319149));
#2653= IFCCARTESIANPOINT((-2000.,2530.,3159.506382978723));
#2654= IFCCARTESIANPOINT((-4070.,2530.,3159.506382978723));
#2655= IFCCARTESIANPOINT((-4070.,4340.,3658.6042553191487));
#2656= IFCCARTESIANPOINT((-2000.,4340.,3658.6042553191487));
#2657= IFCCLOSEDSHELL((#2660,#2663,#2666,#2669,#2672,#2675));
#2658= IFCPOLYLOOP((#2649,#2650,#2651,#2652));
#2659= IFCFACEOUTERBOUND(#2658,.T.);
#2660= IFCFACE((#2659));
#2661= IFCPOLYLOOP((#2653,#2654,#2655,#2656));
#2662= IFCFACEOUTERBOUND(#2661,.T.);
#2663= IFCFACE((#2662));
#2664= IFCPOLYLOOP((#2649,#2650,#2654,#2653));
#2665= IFCFACEOUTERBOUND(#2664,.T.);
#2666= IFCFACE((#2665));
#2667= IFCPOLYLOOP((#2650,#2651,#2655,#2654));
#2668= IFCFACEOUTERBOUND(#2667,.T.);
#2669= IFCFACE((#2668));
#2670= IFCPOLYLOOP((#2651,#2652,#2656,#2655));
#2671= IFCFACEOUTERBOUND(#2670,.T.);
#2672= IFCFACE((#2671));
#2673= IFCPOLYLOOP((#2652,#2649,#2653,#2656));
#2674= IFCFACEOUTERBOUND(#2673,.T.);
#2675= IFCFACE((#2674));
#2676= IFCFACETEDBREP(#2657);
#2677= IFCWALL('2v8wQx$Ij5GegXkKtpxh2Z',#2,$,$,$,$,$,$);
#2678= IFCROOF('0WpCd$X6P32u0Dg_4gDBMq',#2,$,$,$,$,#2679,$,$);
#2679= IFCPRODUCTDEFINITIONSHAPE($,$,(#2680));
#2680= IFCSHAPEREPRESENTATION(#11,'Body','Brep',(#2708));
#2681= IFCCARTESIANPOINT((-2000.,4340.,3629.604255319149));
#2682= IFCCARTESIANPOINT((-4070.,4340.,3629.604255319149));
#2683= IFCCARTESIANPOINT((-4070.,5375.,3915.));
#2684= IFCCARTESIANPOINT((-2000.,5375.,3915.));
#2685= IFCCARTESIANPOINT((-2000.,4340.,3658.6042553191487));
#2686= IFCCARTESIANPOINT((-4070.,4340.,3658.6042553191487));
#2687= IFCCARTESIANPOINT((-4070.,5375.,3944.));
#2688= IFCCARTESIANPOINT((-2000.,5375.,3944.));
#2689= IFCCLOSEDSHELL((#2692,#2695,#2698,#2701,#2704,#2707));
#2690= IFCPOLYLOOP((#2681,#2682,#2683,#2684));
#2691= IFCFACEOUTERBOUND(#2690,.T.);
#2692= IFCFACE((#2691));
#2693= IFCPOLYLOOP((#2685,#2686,#2687,#2688));
#2694= IFCFACEOUTERBOUND(#2693,.T.);
#2695= IFCFACE((#2694));
#2696= IFCPOLYLOOP((#2681,#2682,#2686,#2685));
#2697= IFCFACEOUTERBOUND(#2696,.T.);
#2698= IFCFACE((#2697));
#2699= IFCPOLYLOOP((#2682,#2683,#2687,#2686));
#2700= IFCFACEOUTERBOUND(#2699,.T.);
#2701= IFCFACE((#2700));
#2702= IFCPOLYLOOP((#2683,#2684,#2688,#2687));
#2703= IFCFACEOUTERBOUND(#2702,.T.);
#2704= IFCFACE((#2703));
#2705= IFCPOLYLOOP((#2684,#2681,#2685,#2688));
#2706= IFCFACEOUTERBOUND(#2705,.T.);
#2707= IFCFACE((#2706));
#2708= IFCFACETEDBREP(#2689);
#2709= IFCWALL('2WTkhg8ML4Bu0j1amN9Mwi',#2,$,$,$,$,$,$);
#2710= IFCROOF('3odbdWSRLCnut7geo_ohuW',#2,$,$,$,$,#2711,$,$);
#2711= IFCPRODUCTDEFINITIONSHAPE($,$,(#2712));
#2712= IFCSHAPEREPRESENTATION(#11,'Body','Brep',(#2740));
#2713= IFCCARTESIANPOINT((-5680.,-704.,2238.748085106383));
#2714= IFCCARTESIANPOINT((-7840.,-704.,2238.748085106383));
#2715= IFCCARTESIANPOINT((-7840.,2530.,3130.5063829787237));
#2716= IFCCARTESIANPOINT((-5680.,2530.,3130.5063829787237));
#2717= IFCCARTESIANPOINT((-5680.,-704.,2267.748085106383));
#2718= IFCCARTESIANPOINT((-7840.,-704.,2267.748085106383));
#2719= IFCCARTESIANPOINT((-7840.,2530.,3159.506382978723));
#2720= IFCCARTESIANPOINT((-5680.,2530.,3159.506382978723));
#2721= IFCCLOSEDSHELL((#2724,#2727,#2730,#2733,#2736,#2739));
#2722= IFCPOLYLOOP((#2713,#2714,#2715,#2716));
#2723= IFCFACEOUTERBOUND(#2722,.T.);
#2724= IFCFACE((#2723));
#2725= IFCPOLYLOOP((#2717,#2718,#2719,#2720));
#2726= IFCFACEOUTERBOUND(#2725,.T.);
#2727= IFCFACE((#2726));
#2728= IFCPOLYLOOP((#2713,#2714,#2718,#2717));
#2729= IFCFACEOUTERBOUND(#2728,.T.);
#2730= IFCFACE((#2729));
#2731= IFCPOLYLOOP((#2714,#2715,#2719,#2718));
#2732= IFCFACEOUTERBOUND(#2731,.T.);
#2733= IFCFACE((#2732));
#2734= IFCPOLYLOOP((#2715,#2716,#2720,#2719));
#2735= IFCFACEOUTERBOUND(#2734,.T.);
#2736= IFCFACE((#2735));
#2737= IFCPOLYLOOP((#2716,#2713,#2717,#2720));
#2738= IFCFACEOUTERBOUND(#2737,.T.);
#2739= IFCFACE((#2738));
#2740= IFCFACETEDBREP(#2721);
#2741= IFCWALL('0Tn0fwCpTBFw2Vqy3EoHQ3',#2,$,$,$,$,$,$);
#2742= IFCROOF('0t_AFc1Cf5d8nbAw5mzogo',#2,$,$,$,$,#2743,$,$);
#2743= IFCPRODUCTDEFINITIONSHAPE($,$,(#2744));
#2744= IFCSHAPEREPRESENTATION(#11,'Body','Brep',(#2772));
#2745= IFCCARTESIANPOINT((-4070.,2530.,3130.5063829787237));
#2746= IFCCARTESIANPOINT((-5680.,2530.,3130.5063829787237));
#2747= IFCCARTESIANPOINT((-5680.,4340.,3629.604255319149));
#2748= IFCCARTESIANPOINT((-4070.,4340.,3629.604255319149));
#2749= IFCCARTESIANPOINT((-4070.,2530.,3159.506382978723));
#2750= IFCCARTESIANPOINT((-5680.,2530.,3159.506382978723));
#2751= IFCCARTESIANPOINT((-5680.,4340.,3658.6042553191487));
#2752= IFCCARTESIANPOINT((-4070.,4340.,3658.6042553191487));
#2753= IFCCLOSEDSHELL((#2756,#2759,#2762,#2765,#2768,#2771));
#2754= IFCPOLYLOOP((#2745,#2746,#2747,#2748));
#2755= IFCFACEOUTERBOUND(#2754,.T.);
#2756= IFCFACE((#2755));
#2757= IFCPOLYLOOP((#2749,#2750,#2751,#2752));
#2758= IFCFACEOUTERBOUND(#2757,.T.);
#2759= IFCFACE((#2758));
#2760= IFCPOLYLOOP((#2745,#2746,#2750,#2749));
#2761= IFCFACEOUTERBOUND(#2760,.T.);
#2762= IFCFACE((#2761));
#2763= IFCPOLYLOOP((#2746,#2747,#2751,#2750));
#2764= IFCFACEOUTERBOUND(#2763,.T.);
#2765= IFCFACE((#2764));
#2766= IFCPOLYLOOP((#2747,#2748,#2752,#2751));
#2767= IFCFACEOUTERBOUND(#2766,.T.);
#2768= IFCFACE((#2767));
#2769= IFCPOLYLOOP((#2748,#2745,#2749,#2752));
#2770= IFCFACEOUTERBOUND(#2769,.T.);
#2771= IFCFACE((#2770));
#2772= IFCFACETEDBREP(#2753);
#2773= IFCWALL('1GXZeKZdzAvvrf4fZ2j_Ju',#2,$,$,$,$,$,$);
#2774= IFCROOF('3FLJo2gt96mv5qX7tFcIaJ',#2,$,$,$,$,#2775,$,$);
#2775= IFCPRODUCTDEFINITIONSHAPE($,$,(#2776));
#2776= IFCSHAPEREPRESENTATION(#11,'Body','Brep',(#2804));
#2777= IFCCARTESIANPOINT((-4070.,4340.,3629.604255319149));
#2778= IFCCARTESIANPOINT((-5680.,4340.,3629.604255319149));
#2779= IFCCARTESIANPOINT((-5680.,5375.,3915.));
#2780= IFCCARTESIANPOINT((-4070.,5375.,3915.));
#2781= IFCCARTESIANPOINT((-4070.,4340.,3658.6042553191487));
#2782= IFCCARTESIANPOINT((-5680.,4340.,3658.6042553191487));
#2783= IFCCARTESIANPOINT((-5680.,5375.,3944.));
#2784= IFCCARTESIANPOINT((-4070.,5375.,3944.));
#2785= IFCCLOSEDSHELL((#2788,#2791,#2794,#2797,#2800,#2803));
#2786= IFCPOLYLOOP((#2777,#2778,#2779,#2780));
#2787= IFCFACEOUTERBOUND(#2786,.T.);
#2788= IFCFACE((#2787));
#2789= IFCPOLYLOOP((#2781,#2782,#2783,#2784));
#2790= IFCFACEOUTERBOUND(#2789,.T.);
#2791= IFCFACE((#2790));
#2792= IFCPOLYLOOP((#2777,#2778,#2782,#2781));
#2793= IFCFACEOUTERBOUND(#2792,.T.);
#2794= IFCFACE((#2793));
#2795= IFCPOLYLOOP((#2778,#2779,#2783,#2782));
#2796= IFCFACEOUTERBOUND(#2795,.T.);
#2797= IFCFACE((#2796));
#2798= IFCPOLYLOOP((#2779,#2780,#2784,#2783));
#2799= IFCFACEOUTERBOUND(#2798,.T.);
#2800= IFCFACE((#2799));
#2801= IFCPOLYLOOP((#2780,#2777,#2781,#2784));
#2802= IFCFACEOUTERBOUND(#2801,.T.);
#2803= IFCFACE((#2802));
#2804= IFCFACETEDBREP(#2785);
#2805= IFCWALL('1x5yGoN4r3cwt699VkUV9g',#2,$,$,$,$,$,$);
#2806= IFCROOF('3Kfrh56_P6sxwQib$7wGCv',#2,$,$,$,$,#2807,$,$);
#2807= IFCPRODUCTDEFINITIONSHAPE($,$,(#2808));
#2808= IFCSHAPEREPRESENTATION(#11,'Body','Brep',(#2836));
#2809= IFCCARTESIANPOINT((-5680.,2530.,3130.5063829787237));
#2810= IFCCARTESIANPOINT((-7840.,2530.,3130.5063829787237));
#2811= IFCCARTESIANPOINT((-7840.,4340.,3629.604255319149));
#2812= IFCCARTESIANPOINT((-5680.,4340.,3629.604255319149));
#2813= IFCCARTESIANPOINT((-5680.,2530.,3159.506382978723));
#2814= IFCCARTESIANPOINT((-7840.,2530.,3159.506382978723));
#2815= IFCCARTESIANPOINT((-7840.,4340.,3658.6042553191487));
#2816= IFCCARTESIANPOINT((-5680.,4340.,3658.6042553191487));
#2817= IFCCLOSEDSHELL((#2820,#2823,#2826,#2829,#2832,#2835));
#2818= IFCPOLYLOOP((#2809,#2810,#2811,#2812));
#2819= IFCFACEOUTERBOUND(#2818,.T.);
#2820= IFCFACE((#2819));
#2821= IFCPOLYLOOP((#2813,#2814,#2815,#2816));
#2822= IFCFACEOUTERBOUND(#2821,.T.);
#2823= IFCFACE((#2822));
#2824= IFCPOLYLOOP((#2809,#2810,#2814,#2813));
#2825= IFCFACEOUTERBOUND(#2824,.T.);
#2826= IFCFACE((#2825));
#2827= IFCPOLYLOOP((#2810,#2811,#2815,#2814));
#2828= IFCFACEOUTERBOUND(#2827,.T.);
#2829= IFCFACE((#2828));
#2830= IFCPOLYLOOP((#2811,#2812,#2816,#2815));
#2831= IFCFACEOUTERBOUND(#2830,.T.);
#2832= IFCFACE((#2831));
#2833= IFCPOLYLOOP((#2812,#2809,#2813,#2816));
#2834= IFCFACEOUTERBOUND(#2833,.T.);
#2835= IFCFACE((#2834));
#2836= IFCFACETEDBREP(#2817);
#2837= IFCWALL('0Gdk34jdTDeeVGNhjCYwlM',#2,$,$,$,$,$,$);
#2838= IFCROOF('0rMvREvZn5Qgvfu9Cozimx',#2,$,$,$,$,#2839,$,$);
#2839= IFCPRODUCTDEFINITIONSHAPE($,$,(#2840));
#2840= IFCSHAPEREPRESENTATION(#11,'Body','Brep',(#2868));
#2841= IFCCARTESIANPOINT((-5680.,4340.,3629.604255319149));
#2842= IFCCARTESIANPOINT((-7840.,4340.,3629.604255319149));
#2843= IFCCARTESIANPOINT((-7840.,5375.,3915.));
#2844= IFCCARTESIANPOINT((-5680.,5375.,3915.));
#2845= IFCCARTESIANPOINT((-5680.,4340.,3658.6042553191487));
#2846= IFCCARTESIANPOINT((-7840.,4340.,3658.6042553191487));
#2847= IFCCARTESIANPOINT((-7840.,5375.,3944.));
#2848= IFCCARTESIANPOINT((-5680.,5375.,3944.));
#2849= IFCCLOSEDSHELL((#2852,#2855,#2858,#2861,#2864,#2867));
#2850= IFCPOLYLOOP((#2841,#2842,#2843,#2844));
#2851= IFCFACEOUTERBOUND(#2850,.T.);
#2852= IFCFACE((#2851));
#2853= IFCPOLYLOOP((#2845,#2846,#2847,#2848));
#2854= IFCFACEOUTERBOUND(#2853,.T.);
#2855= IFCFACE((#2854));
#2856= IFCPOLYLOOP((#2841,#2842,#2846,#2845));
#2857= IFCFACEOUTERBOUND(#2856,.T.);
#2858= IFCFACE((#2857));
#2859= IFCPOLYLOOP((#2842,#2843,#2847,#2846));
#2860= IFCFACEOUTERBOUND(#2859,.T.);
#2861= IFCFACE((#2860));
#2862= IFCPOLYLOOP((#2843,#2844,#2848,#2847));
#2863= IFCFACEOUTERBOUND(#2862,.T.);
#2864= IFCFACE((#2863));
#2865= IFCPOLYLOOP((#2844,#2841,#2845,#2848));
#2866= IFCFACEOUTERBOUND(#2865,.T.);
#2867= IFCFACE((#2866));
#2868= IFCFACETEDBREP(#2849);
#2869= IFCWALL('0pDeWB2gD1sgw02sQhYCnR',#2,$,$,$,$,$,$);
#2870= IFCROOF('0NHt3W0H5DAOKz2bR9jyFY',#2,$,$,$,$,#2871,$,$);
#2871= IFCPRODUCTDEFINITIONSHAPE($,$,(#2872));
#2872= IFCSHAPEREPRESENTATION(#11,'Body','Brep',(#2900));
#2873= IFCCARTESIANPOINT((-7840.,2530.,3130.5063829787237));
#2874= IFCCARTESIANPOINT((-8920.,2530.,3130.5063829787237));
#2875= IFCCARTESIANPOINT((-8920.,4340.,3629.604255319149));
#2876= IFCCARTESIANPOINT((-7840.,4340.,3629.604255319149));
#2877= IFCCARTESIANPOINT((-7840.,2530.,3159.506382978723));
#2878= IFCCARTESIANPOINT((-8920.,2530.,3159.506382978723));
#2879= IFCCARTESIANPOINT((-8920.,4340.,3658.6042553191487));
#2880= IFCCARTESIANPOINT((-7840.,4340.,3658.6042553191487));
#2881= IFCCLOSEDSHELL((#2884,#2887,#2890,#2893,#2896,#2899));
#2882= IFCPOLYLOOP((#2873,#2874,#2875,#2876));
#2883= IFCFACEOUTERBOUND(#2882,.T.);
#2884= IFCFACE((#2883));
#2885= IFCPOLYLOOP((#2877,#2878,#2879,#2880));
#2886= IFCFACEOUTERBOUND(#2885,.T.);
#2887= IFCFACE((#2886));
#2888= IFCPOLYLOOP((#2873,#2874,#2878,#2877));
#2889= IFCFACEOUTERBOUND(#2888,.T.);
#2890= IFCFACE((#2889));
#2891= IFCPOLYLOOP((#2874,#2875,#2879,#2878));
#2892= IFCFACEOUTERBOUND(#2891,.T.);
#2893= IFCFACE((#2892));
#2894= IFCPOLYLOOP((#2875,#2876,#2880,#2879));
#2895= IFCFACEOUTERBOUND(#2894,.T.);
#2896= IFCFACE((#2895));
#2897= IFCPOLYLOOP((#2876,#2873,#2877,#2880));
#2898= IFCFACEOUTERBOUND(#2897,.T.);
#2899= IFCFACE((#2898));
#2900= IFCFACETEDBREP(#2881);
#2901= IFCWALL('2H_CtUnKv33uCaj8QPKL0c',#2,$,$,$,$,$,$);
#2902= IFCROOF('3znTq7J4vB4PXllnFDYvHy',#2,$,$,$,$,#2903,$,$);
#2903= IFCPRODUCTDEFINITIONSHAPE($,$,(#2904));
#2904= IFCSHAPEREPRESENTATION(#11,'Body','Brep',(#2932));
#2905= IFCCARTESIANPOINT((-7840.,4340.,3629.604255319149));
#2906= IFCCARTESIANPOINT((-8920.,4340.,3629.604255319149));
#2907= IFCCARTESIANPOINT((-8920.,5375.,3915.));
#2908= IFCCARTESIANPOINT((-7840.,5375.,3915.));
#2909= IFCCARTESIANPOINT((-7840.,4340.,3658.6042553191487));
#2910= IFCCARTESIANPOINT((-8920.,4340.,3658.6042553191487));
#2911= IFCCARTESIANPOINT((-8920.,5375.,3944.));
#2912= IFCCARTESIANPOINT((-7840.,5375.,3944.));
#2913= IFCCLOSEDSHELL((#2916,#2919,#2922,#2925,#2928,#2931));
#2914= IFCPOLYLOOP((#2905,#2906,#2907,#2908));
#2915= IFCFACEOUTERBOUND(#2914,.T.);
#2916= IFCFACE((#2915));
#2917= IFCPOLYLOOP((#2909,#2910,#2911,#2912));
#2918= IFCFACEOUTERBOUND(#2917,.T.);
#2919= IFCFACE((#2918));
#2920= IFCPOLYLOOP((#2905,#2906,#2910,#2909));
#2921= IFCFACEOUTERBOUND(#2920,.T.);
#2922= IFCFACE((#2921));
#2923= IFCPOLYLOOP((#2906,#2907,#2911,#2910));
#2924= IFCFACEOUTERBOUND(#2923,.T.);
#2925= IFCFACE((#2924));
#2926= IFCPOLYLOOP((#2907,#2908,#2912,#2911));
#2927= IFCFACEOUTERBOUND(#2926,.T.);
#2928= IFCFACE((#2927));
#2929= IFCPOLYLOOP((#2908,#2905,#2909,#2912));
#2930= IFCFACEOUTERBOUND(#2929,.T.);
#2931= IFCFACE((#2930));
#2932= IFCFACETEDBREP(#2913);
#2933= IFCWALL('0ufkUzaPrBJu0A6Kf5gHnC',#2,$,$,$,$,$,$);
#2934= IFCROOF('1M9cnC6v5AXh1ROEPEe190',#2,$,$,$,$,#2935,$,$);
#2935= IFCPRODUCTDEFINITIONSHAPE($,$,(#2936));
#2936= IFCSHAPEREPRESENTATION(#11,'Body','Brep',(#2964));
#2937= IFCCARTESIANPOINT((-8920.,4340.,3629.604255319149));
#2938= IFCCARTESIANPOINT((-10009.,4340.,3629.604255319149));
#2939= IFCCARTESIANPOINT((-10009.,5375.,3915.));
#2940= IFCCARTESIANPOINT((-8920.,5375.,3915.));
#2941= IFCCARTESIANPOINT((-8920.,4340.,3658.6042553191487));
#2942= IFCCARTESIANPOINT((-10009.,4340.,3658.6042553191487));
#2943= IFCCARTESIANPOINT((-10009.,5375.,3944.));
#2944= IFCCARTESIANPOINT((-8920.,5375.,3944.));
#2945= IFCCLOSEDSHELL((#2948,#2951,#2954,#2957,#2960,#2963));
#2946= IFCPOLYLOOP((#2937,#2938,#2939,#2940));
#2947= IFCFACEOUTERBOUND(#2946,.T.);
#2948= IFCFACE((#2947));
#2949= IFCPOLYLOOP((#2941,#2942,#2943,#2944));
#2950= IFCFACEOUTERBOUND(#2949,.T.);
#2951= IFCFACE((#2950));
#2952= IFCPOLYLOOP((#2937,#2938,#2942,#2941));
#2953= IFCFACEOUTERBOUND(#2952,.T.);
#2954= IFCFACE((#2953));
#2955= IFCPOLYLOOP((#2938,#2939,#2943,#2942));
#2956= IFCFACEOUTERBOUND(#2955,.T.);
#2957= IFCFACE((#2956));
#2958= IFCPOLYLOOP((#2939,#2940,#2944,#2943));
#2959= IFCFACEOUTERBOUND(#2958,.T.);
#2960= IFCFACE((#2959));
#2961= IFCPOLYLOOP((#2940,#2937,#2941,#2944));
#2962= IFCFACEOUTERBOUND(#2961,.T.);
#2963= IFCFACE((#2962));
#2964= IFCFACETEDBREP(#2945);
#2965= IFCWALL('0ehmqAW8H3H9vt6H6F9iS0',#2,$,$,$,$,$,$);
#2966= IFCROOF('2leQZfu8zEA8tmGUc0rNfO',#2,$,$,$,$,#2967,$,$);
#2967= IFCPRODUCTDEFINITIONSHAPE($,$,(#2968));
#2968= IFCSHAPEREPRESENTATION(#11,'Body','Brep',(#2996));
#2969= IFCCARTESIANPOINT((-7840.,-704.,2238.748085106383));
#2970= IFCCARTESIANPOINT((-8920.,-704.,2238.748085106383));
#2971= IFCCARTESIANPOINT((-8920.,2530.,3130.5063829787237));
#2972= IFCCARTESIANPOINT((-7840.,2530.,3130.5063829787237));
#2973= IFCCARTESIANPOINT((-7840.,-704.,2267.748085106383));
#2974= IFCCARTESIANPOINT((-8920.,-704.,2267.748085106383));
#2975= IFCCARTESIANPOINT((-8920.,2530.,3159.506382978723));
#2976= IFCCARTESIANPOINT((-7840.,2530.,3159.506382978723));
#2977= IFCCLOSEDSHELL((#2980,#2983,#2986,#2989,#2992,#2995));
#2978= IFCPOLYLOOP((#2969,#2970,#2971,#2972));
#2979= IFCFACEOUTERBOUND(#2978,.T.);
#2980= IFCFACE((#2979));
#2981= IFCPOLYLOOP((#2973,#2974,#2975,#2976));
#2982= IFCFACEOUTERBOUND(#2981,.T.);
#2983= IFCFACE((#2982));
#2984= IFCPOLYLOOP((#2969,#2970,#2974,#2973));
#2985= IFCFACEOUTERBOUND(#2984,.T.);
#2986= IFCFACE((#2985));
#2987= IFCPOLYLOOP((#2970,#2971,#2975,#2974));
#2988= IFCFACEOUTERBOUND(#2987,.T.);
#2989= IFCFACE((#2988));
#2990= IFCPOLYLOOP((#2971,#2972,#2976,#2975));
#2991= IFCFACEOUTERBOUND(#2990,.T.);
#2992= IFCFACE((#2991));
#2993= IFCPOLYLOOP((#2972,#2969,#2973,#2976));
#2994= IFCFACEOUTERBOUND(#2993,.T.);
#2995= IFCFACE((#2994));
#2996= IFCFACETEDBREP(#2977);
#2997= IFCWALL('1ndh23VP95NRt_w61OXJoW',#2,$,$,$,$,$,$);
#2998= IFCROOF('1KZOFpK4rD4RcizsXj7IKv',#2,$,$,$,$,#2999,$,$);
#2999= IFCPRODUCTDEFINITIONSHAPE($,$,(#3000));
#3000= IFCSHAPEREPRESENTATION(#11,'Body','Brep',(#3028));
#3001= IFCCARTESIANPOINT((-8920.,-704.,2238.748085106383));
#3002= IFCCARTESIANPOINT((-10009.,-704.,2238.748085106383));
#3003= IFCCARTESIANPOINT((-10009.,2530.,3130.5063829787237));
#3004= IFCCARTESIANPOINT((-8920.,2530.,3130.5063829787237));
#3005= IFCCARTESIANPOINT((-8920.,-704.,2267.748085106383));
#3006= IFCCARTESIANPOINT((-10009.,-704.,2267.748085106383));
#3007= IFCCARTESIANPOINT((-10009.,2530.,3159.506382978723));
#3008= IFCCARTESIANPOINT((-8920.,2530.,3159.506382978723));
#3009= IFCCLOSEDSHELL((#3012,#3015,#3018,#3021,#3024,#3027));
#3010= IFCPOLYLOOP((#3001,#3002,#3003,#3004));
#3011= IFCFACEOUTERBOUND(#3010,.T.);
#3012= IFCFACE((#3011));
#3013= IFCPOLYLOOP((#3005,#3006,#3007,#3008));
#3014= IFCFACEOUTERBOUND(#3013,.T.);
#3015= IFCFACE((#3014));
#3016= IFCPOLYLOOP((#3001,#3002,#3006,#3005));
#3017= IFCFACEOUTERBOUND(#3016,.T.);
#3018= IFCFACE((#3017));
#3019= IFCPOLYLOOP((#3002,#3003,#3007,#3006));
#3020= IFCFACEOUTERBOUND(#3019,.T.);
#3021= IFCFACE((#3020));
#3022= IFCPOLYLOOP((#3003,#3004,#3008,#3007));
#3023= IFCFACEOUTERBOUND(#3022,.T.);
#3024= IFCFACE((#3023));
#3025= IFCPOLYLOOP((#3004,#3001,#3005,#3008));
#3026= IFCFACEOUTERBOUND(#3025,.T.);
#3027= IFCFACE((#3026));
#3028= IFCFACETEDBREP(#3009);
#3029= IFCWALL('3OJ_79nhP88wbNylH_7SRb',#2,$,$,$,$,$,$);
#3030= IFCROOF('1JLn0vFujDlhiBje1HbW0g',#2,$,$,$,$,#3031,$,$);
#3031= IFCPRODUCTDEFINITIONSHAPE($,$,(#3032));
#3032= IFCSHAPEREPRESENTATION(#11,'Body','Brep',(#3060));
#3033= IFCCARTESIANPOINT((-8920.,2530.,3130.5063829787237));
#3034= IFCCARTESIANPOINT((-10009.,2530.,3130.5063829787237));
#3035= IFCCARTESIANPOINT((-10009.,4340.,3629.604255319149));
#3036= IFCCARTESIANPOINT((-8920.,4340.,3629.604255319149));
#3037= IFCCARTESIANPOINT((-8920.,2530.,3159.506382978723));
#3038= IFCCARTESIANPOINT((-10009.,2530.,3159.506382978723));
#3039= IFCCARTESIANPOINT((-10009.,4340.,3658.6042553191487));
#3040= IFCCARTESIANPOINT((-8920.,4340.,3658.6042553191487));
#3041= IFCCLOSEDSHELL((#3044,#3047,#3050,#3053,#3056,#3059));
#3042= IFCPOLYLOOP((#3033,#3034,#3035,#3036));
#3043= IFCFACEOUTERBOUND(#3042,.T.);
#3044= IFCFACE((#3043));
#3045= IFCPOLYLOOP((#3037,#3038,#3039,#3040));
#3046= IFCFACEOUTERBOUND(#3045,.T.);
#3047= IFCFACE((#3046));
#3048= IFCPOLYLOOP((#3033,#3034,#3038,#3037));
#3049= IFCFACEOUTERBOUND(#3048,.T.);
#3050= IFCFACE((#3049));
#3051= IFCPOLYLOOP((#3034,#3035,#3039,#3038));
#3052= IFCFACEOUTERBOUND(#3051,.T.);
#3053= IFCFACE((#3052));
#3054= IFCPOLYLOOP((#3035,#3036,#3040,#3039));
#3055= IFCFACEOUTERBOUND(#3054,.T.);
#3056= IFCFACE((#3055));
#3057= IFCPOLYLOOP((#3036,#3033,#3037,#3040));
#3058= IFCFACEOUTERBOUND(#3057,.T.);
#3059= IFCFACE((#3058));
#3060= IFCFACETEDBREP(#3041);
#3061= IFCWALL('0KIKIGjgL87hR5TKReBhXs',#2,$,$,$,$,$,$);
#3062= IFCROOF('2PzcoSeMD22xfEb9qqOPfG',#2,$,$,$,$,#3063,$,$);
#3063= IFCPRODUCTDEFINITIONSHAPE($,$,(#3064));
#3064= IFCSHAPEREPRESENTATION(#11,'Body','Brep',(#3092));
#3065= IFCCARTESIANPOINT((-871.,5376.,3914.724255319149));
#3066= IFCCARTESIANPOINT((-2000.,5376.,3914.724255319149));
#3067= IFCCARTESIANPOINT((-2000.,8220.,3130.5063829787237));
#3068= IFCCARTESIANPOINT((-871.,8220.,3130.5063829787237));
#3069= IFCCARTESIANPOINT((-871.,5376.,3943.7242553191486));
#3070= IFCCARTESIANPOINT((-2000.,5376.,3943.7242553191486));
#3071= IFCCARTESIANPOINT((-2000.,8220.,3159.506382978723));
#3072= IFCCARTESIANPOINT((-871.,8220.,3159.506382978723));
#3073= IFCCLOSEDSHELL((#3076,#3079,#3082,#3085,#3088,#3091));
#3074= IFCPOLYLOOP((#3065,#3066,#3067,#3068));
#3075= IFCFACEOUTERBOUND(#3074,.T.);
#3076= IFCFACE((#3075));
#3077= IFCPOLYLOOP((#3069,#3070,#3071,#3072));
#3078= IFCFACEOUTERBOUND(#3077,.T.);
#3079= IFCFACE((#3078));
#3080= IFCPOLYLOOP((#3065,#3066,#3070,#3069));
#3081= IFCFACEOUTERBOUND(#3080,.T.);
#3082= IFCFACE((#3081));
#3083= IFCPOLYLOOP((#3066,#3067,#3071,#3070));
#3084= IFCFACEOUTERBOUND(#3083,.T.);
#3085= IFCFACE((#3084));
#3086= IFCPOLYLOOP((#3067,#3068,#3072,#3071));
#3087= IFCFACEOUTERBOUND(#3086,.T.);
#3088= IFCFACE((#3087));
#3089= IFCPOLYLOOP((#3068,#3065,#3069,#3072));
#3090= IFCFACEOUTERBOUND(#3089,.T.);
#3091= IFCFACE((#3090));
#3092= IFCFACETEDBREP(#3073);
#3093= IFCWALL('2H5_KMMszE0hOASr4f8Zg6',#2,$,$,$,$,$,$);
#3094= IFCROOF('1PpIdbvzf8n9sHsjBgW$pH',#2,$,$,$,$,#3095,$,$);
#3095= IFCPRODUCTDEFINITIONSHAPE($,$,(#3096));
#3096= IFCSHAPEREPRESENTATION(#11,'Body','Brep',(#3124));
#3097= IFCCARTESIANPOINT((-871.,8220.,3130.5063829787237));
#3098= IFCCARTESIANPOINT((-2000.,8220.,3130.5063829787237));
#3099= IFCCARTESIANPOINT((-2000.,11454.,2238.7480851063824));
#3100= IFCCARTESIANPOINT((-871.,11454.,2238.7480851063824));
#3101= IFCCARTESIANPOINT((-871.,8220.,3159.506382978723));
#3102= IFCCARTESIANPOINT((-2000.,8220.,3159.506382978723));
#3103= IFCCARTESIANPOINT((-2000.,11454.,2267.7480851063824));
#3104= IFCCARTESIANPOINT((-871.,11454.,2267.7480851063824));
#3105= IFCCLOSEDSHELL((#3108,#3111,#3114,#3117,#3120,#3123));
#3106= IFCPOLYLOOP((#3097,#3098,#3099,#3100));
#3107= IFCFACEOUTERBOUND(#3106,.T.);
#3108= IFCFACE((#3107));
#3109= IFCPOLYLOOP((#3101,#3102,#3103,#3104));
#3110= IFCFACEOUTERBOUND(#3109,.T.);
#3111= IFCFACE((#3110));
#3112= IFCPOLYLOOP((#3097,#3098,#3102,#3101));
#3113= IFCFACEOUTERBOUND(#3112,.T.);
#3114= IFCFACE((#3113));
#3115= IFCPOLYLOOP((#3098,#3099,#3103,#3102));
#3116= IFCFACEOUTERBOUND(#3115,.T.);
#3117= IFCFACE((#3116));
#3118= IFCPOLYLOOP((#3099,#3100,#3104,#3103));
#3119= IFCFACEOUTERBOUND(#3118,.T.);
#3120= IFCFACE((#3119));
#3121= IFCPOLYLOOP((#3100,#3097,#3101,#3104));
#3122= IFCFACEOUTERBOUND(#3121,.T.);
#3123= IFCFACE((#3122));
#3124= IFCFACETEDBREP(#3105);
#3125= IFCWALL('0Y0qYambD1y8LwRsoKw12x',#2,$,$,$,$,$,$);
#3126= IFCROOF('3kvaCZ3jL428cVhmC4djbz',#2,$,$,$,$,#3127,$,$);
#3127= IFCPRODUCTDEFINITIONSHAPE($,$,(#3128));
#3128= IFCSHAPEREPRESENTATION(#11,'Body','Brep',(#3156));
#3129= IFCCARTESIANPOINT((-2000.,5376.,3914.724255319149));
#3130= IFCCARTESIANPOINT((-4070.,5376.,3914.724255319149));
#3131= IFCCARTESIANPOINT((-4070.,8220.,3130.5063829787237));
#3132= IFCCARTESIANPOINT((-2000.,8220.,3130.5063829787237));
#3133= IFCCARTESIANPOINT((-2000.,5376.,3943.7242553191486));
#3134= IFCCARTESIANPOINT((-4070.,5376.,3943.7242553191486));
#3135= IFCCARTESIANPOINT((-4070.,8220.,3159.506382978723));
#3136= IFCCARTESIANPOINT((-2000.,8220.,3159.506382978723));
#3137= IFCCLOSEDSHELL((#3140,#3143,#3146,#3149,#3152,#3155));
#3138= IFCPOLYLOOP((#3129,#3130,#3131,#3132));
#3139= IFCFACEOUTERBOUND(#3138,.T.);
#3140= IFCFACE((#3139));
#3141= IFCPOLYLOOP((#3133,#3134,#3135,#3136));
#3142= IFCFACEOUTERBOUND(#3141,.T.);
#3143= IFCFACE((#3142));
#3144= IFCPOLYLOOP((#3129,#3130,#3134,#3133));
#3145= IFCFACEOUTERBOUND(#3144,.T.);
#3146= IFCFACE((#3145));
#3147= IFCPOLYLOOP((#3130,#3131,#3135,#3134));
#3148= IFCFACEOUTERBOUND(#3147,.T.);
#3149= IFCFACE((#3148));
#3150= IFCPOLYLOOP((#3131,#3132,#3136,#3135));
#3151= IFCFACEOUTERBOUND(#3150,.T.);
#3152= IFCFACE((#3151));
#3153= IFCPOLYLOOP((#3132,#3129,#3133,#3136));
#3154= IFCFACEOUTERBOUND(#3153,.T.);
#3155= IFCFACE((#3154));
#3156= IFCFACETEDBREP(#3137);
#3157= IFCWALL('0WEYjOeOL15w5kDmq62D5b',#2,$,$,$,$,$,$);
#3158= IFCROOF('2Qz6II1BrEEvP2qbJvpe4T',#2,$,$,$,$,#3159,$,$);
#3159= IFCPRODUCTDEFINITIONSHAPE($,$,(#3160));
#3160= IFCSHAPEREPRESENTATION(#11,'Body','Brep',(#3188));
#3161= IFCCARTESIANPOINT((-4070.,5376.,3914.724255319149));
#3162= IFCCARTESIANPOINT((-5680.,5376.,3914.724255319149));
#3163= IFCCARTESIANPOINT((-5680.,8220.,3130.5063829787237));
#3164= IFCCARTESIANPOINT((-4070.,8220.,3130.5063829787237));
#3165= IFCCARTESIANPOINT((-4070.,5376.,3943.7242553191486));
#3166= IFCCARTESIANPOINT((-5680.,5376.,3943.7242553191486));
#3167= IFCCARTESIANPOINT((-5680.,8220.,3159.506382978723));
#3168= IFCCARTESIANPOINT((-4070.,8220.,3159.506382978723));
#3169= IFCCLOSEDSHELL((#3172,#3175,#3178,#3181,#3184,#3187));
#3170= IFCPOLYLOOP((#3161,#3162,#3163,#3164));
#3171= IFCFACEOUTERBOUND(#3170,.T.);
#3172= IFCFACE((#3171));
#3173= IFCPOLYLOOP((#3165,#3166,#3167,#3168));
#3174= IFCFACEOUTERBOUND(#3173,.T.);
#3175= IFCFACE((#3174));
#3176= IFCPOLYLOOP((#3161,#3162,#3166,#3165));
#3177= IFCFACEOUTERBOUND(#3176,.T.);
#3178= IFCFACE((#3177));
#3179= IFCPOLYLOOP((#3162,#3163,#3167,#3166));
#3180= IFCFACEOUTERBOUND(#3179,.T.);
#3181= IFCFACE((#3180));
#3182= IFCPOLYLOOP((#3163,#3164,#3168,#3167));
#3183= IFCFACEOUTERBOUND(#3182,.T.);
#3184= IFCFACE((#3183));
#3185= IFCPOLYLOOP((#3164,#3161,#3165,#3168));
#3186= IFCFACEOUTERBOUND(#3185,.T.);
#3187= IFCFACE((#3186));
#3188= IFCFACETEDBREP(#3169);
#3189= IFCWALL('1tKITaECjAZPEXyIqNLP9c',#2,$,$,$,$,$,$);
#3190= IFCROOF('3WG00Misr6BRL1Mon1TmSo',#2,$,$,$,$,#3191,$,$);
#3191= IFCPRODUCTDEFINITIONSHAPE($,$,(#3192));
#3192= IFCSHAPEREPRESENTATION(#11,'Body','Brep',(#3220));
#3193= IFCCARTESIANPOINT((-5680.,5376.,3914.724255319149));
#3194= IFCCARTESIANPOINT((-7840.,5376.,3914.724255319149));
#3195= IFCCARTESIANPOINT((-7840.,8220.,3130.5063829787237));
#3196= IFCCARTESIANPOINT((-5680.,8220.,3130.5063829787237));
#3197= IFCCARTESIANPOINT((-5680.,5376.,3943.7242553191486));
#3198= IFCCARTESIANPOINT((-7840.,5376.,3943.7242553191486));
#3199= IFCCARTESIANPOINT((-7840.,8220.,3159.506382978723));
#3200= IFCCARTESIANPOINT((-5680.,8220.,3159.506382978723));
#3201= IFCCLOSEDSHELL((#3204,#3207,#3210,#3213,#3216,#3219));
#3202= IFCPOLYLOOP((#3193,#3194,#3195,#3196));
#3203= IFCFACEOUTERBOUND(#3202,.T.);
#3204= IFCFACE((#3203));
#3205= IFCPOLYLOOP((#3197,#3198,#3199,#3200));
#3206= IFCFACEOUTERBOUND(#3205,.T.);
#3207= IFCFACE((#3206));
#3208= IFCPOLYLOOP((#3193,#3194,#3198,#3197));
#3209= IFCFACEOUTERBOUND(#3208,.T.);
#3210= IFCFACE((#3209));
#3211= IFCPOLYLOOP((#3194,#3195,#3199,#3198));
#3212= IFCFACEOUTERBOUND(#3211,.T.);
#3213= IFCFACE((#3212));
#3214= IFCPOLYLOOP((#3195,#3196,#3200,#3199));
#3215= IFCFACEOUTERBOUND(#3214,.T.);
#3216= IFCFACE((#3215));
#3217= IFCPOLYLOOP((#3196,#3193,#3197,#3200));
#3218= IFCFACEOUTERBOUND(#3217,.T.);
#3219= IFCFACE((#3218));
#3220= IFCFACETEDBREP(#3201);
#3221= IFCWALL('1_xYCxEK98XfooFuj$epf6',#2,$,$,$,$,$,$);
#3222= IFCROOF('1SPVPDITTAru68c8WiJe3t',#2,$,$,$,$,#3223,$,$);
#3223= IFCPRODUCTDEFINITIONSHAPE($,$,(#3224));
#3224= IFCSHAPEREPRESENTATION(#11,'Body','Brep',(#3252));
#3225= IFCCARTESIANPOINT((-7840.,5376.,3914.724255319149));
#3226= IFCCARTESIANPOINT((-8920.,5376.,3914.724255319149));
#3227= IFCCARTESIANPOINT((-8920.,8220.,3130.5063829787237));
#3228= IFCCARTESIANPOINT((-7840.,8220.,3130.5063829787237));
#3229= IFCCARTESIANPOINT((-7840.,5376.,3943.7242553191486));
#3230= IFCCARTESIANPOINT((-8920.,5376.,3943.7242553191486));
#3231= IFCCARTESIANPOINT((-8920.,8220.,3159.506382978723));
#3232= IFCCARTESIANPOINT((-7840.,8220.,3159.506382978723));
#3233= IFCCLOSEDSHELL((#3236,#3239,#3242,#3245,#3248,#3251));
#3234= IFCPOLYLOOP((#3225,#3226,#3227,#3228));
#3235= IFCFACEOUTERBOUND(#3234,.T.);
#3236= IFCFACE((#3235));
#3237= IFCPOLYLOOP((#3229,#3230,#3231,#3232));
#3238= IFCFACEOUTERBOUND(#3237,.T.);
#3239= IFCFACE((#3238));
#3240= IFCPOLYLOOP((#3225,#3226,#3230,#3229));
#3241= IFCFACEOUTERBOUND(#3240,.T.);
#3242= IFCFACE((#3241));
#3243= IFCPOLYLOOP((#3226,#3227,#3231,#3230));
#3244= IFCFACEOUTERBOUND(#3243,.T.);
#3245= IFCFACE((#3244));
#3246= IFCPOLYLOOP((#3227,#3228,#3232,#3231));
#3247= IFCFACEOUTERBOUND(#3246,.T.);
#3248= IFCFACE((#3247));
#3249= IFCPOLYLOOP((#3228,#3225,#3229,#3232));
#3250= IFCFACEOUTERBOUND(#3249,.T.);
#3251= IFCFACE((#3250));
#3252= IFCFACETEDBREP(#3233);
#3253= IFCWALL('2CkgdezRX2AARBTHAanU09',#2,$,$,$,$,$,$);
#3254= IFCROOF('3o23tD$JT4weVHzeUdT3tl',#2,$,$,$,$,#3255,$,$);
#3255= IFCPRODUCTDEFINITIONSHAPE($,$,(#3256));
#3256= IFCSHAPEREPRESENTATION(#11,'Body','Brep',(#3284));
#3257= IFCCARTESIANPOINT((-8920.,5376.,3914.724255319149));
#3258= IFCCARTESIANPOINT((-10009.,5376.,3914.724255319149));
#3259= IFCCARTESIANPOINT((-10009.,8220.,3130.5063829787237));
#3260= IFCCARTESIANPOINT((-8920.,8220.,3130.5063829787237));
#3261= IFCCARTESIANPOINT((-8920.,5376.,3943.7242553191486));
#3262= IFCCARTESIANPOINT((-10009.,5376.,3943.7242553191486));
#3263= IFCCARTESIANPOINT((-10009.,8220.,3159.506382978723));
#3264= IFCCARTESIANPOINT((-8920.,8220.,3159.506382978723));
#3265= IFCCLOSEDSHELL((#3268,#3271,#3274,#3277,#3280,#3283));
#3266= IFCPOLYLOOP((#3257,#3258,#3259,#3260));
#3267= IFCFACEOUTERBOUND(#3266,.T.);
#3268= IFCFACE((#3267));
#3269= IFCPOLYLOOP((#3261,#3262,#3263,#3264));
#3270= IFCFACEOUTERBOUND(#3269,.T.);
#3271= IFCFACE((#3270));
#3272= IFCPOLYLOOP((#3257,#3258,#3262,#3261));
#3273= IFCFACEOUTERBOUND(#3272,.T.);
#3274= IFCFACE((#3273));
#3275= IFCPOLYLOOP((#3258,#3259,#3263,#3262));
#3276= IFCFACEOUTERBOUND(#3275,.T.);
#3277= IFCFACE((#3276));
#3278= IFCPOLYLOOP((#3259,#3260,#3264,#3263));
#3279= IFCFACEOUTERBOUND(#3278,.T.);
#3280= IFCFACE((#3279));
#3281= IFCPOLYLOOP((#3260,#3257,#3261,#3264));
#3282= IFCFACEOUTERBOUND(#3281,.T.);
#3283= IFCFACE((#3282));
#3284= IFCFACETEDBREP(#3265);
#3285= IFCWALL('2k$cWJRDP5IOzkeqjCmSga',#2,$,$,$,$,$,$);
#3286= IFCROOF('1ver69oC9CP8vvEPUx2k6_',#2,$,$,$,$,#3287,$,$);
#3287= IFCPRODUCTDEFINITIONSHAPE($,$,(#3288));
#3288= IFCSHAPEREPRESENTATION(#11,'Body','Brep',(#3316));
#3289= IFCCARTESIANPOINT((-2000.,8220.,3130.5063829787237));
#3290= IFCCARTESIANPOINT((-4070.,8220.,3130.5063829787237));
#3291= IFCCARTESIANPOINT((-4070.,11454.,2238.7480851063824));
#3292= IFCCARTESIANPOINT((-2000.,11454.,2238.7480851063824));
#3293= IFCCARTESIANPOINT((-2000.,8220.,3159.506382978723));
#3294= IFCCARTESIANPOINT((-4070.,8220.,3159.506382978723));
#3295= IFCCARTESIANPOINT((-4070.,11454.,2267.7480851063824));
#3296= IFCCARTESIANPOINT((-2000.,11454.,2267.7480851063824));
#3297= IFCCLOSEDSHELL((#3300,#3303,#3306,#3309,#3312,#3315));
#3298= IFCPOLYLOOP((#3289,#3290,#3291,#3292));
#3299= IFCFACEOUTERBOUND(#3298,.T.);
#3300= IFCFACE((#3299));
#3301= IFCPOLYLOOP((#3293,#3294,#3295,#3296));
#3302= IFCFACEOUTERBOUND(#3301,.T.);
#3303= IFCFACE((#3302));
#3304= IFCPOLYLOOP((#3289,#3290,#3294,#3293));
#3305= IFCFACEOUTERBOUND(#3304,.T.);
#3306= IFCFACE((#3305));
#3307= IFCPOLYLOOP((#3290,#3291,#3295,#3294));
#3308= IFCFACEOUTERBOUND(#3307,.T.);
#3309= IFCFACE((#3308));
#3310= IFCPOLYLOOP((#3291,#3292,#3296,#3295));
#3311= IFCFACEOUTERBOUND(#3310,.T.);
#3312= IFCFACE((#3311));
#3313= IFCPOLYLOOP((#3292,#3289,#3293,#3296));
#3314= IFCFACEOUTERBOUND(#3313,.T.);
#3315= IFCFACE((#3314));
#3316= IFCFACETEDBREP(#3297);
#3317= IFCWALL('2SWTBo2oXCBQfSqMWwnKNb',#2,$,$,$,$,$,$);
#3318= IFCROOF('2uWGA9bdP7HeHJEZOBSOtJ',#2,$,$,$,$,#3319,$,$);
#3319= IFCPRODUCTDEFINITIONSHAPE($,$,(#3320));
#3320= IFCSHAPEREPRESENTATION(#11,'Body','Brep',(#3348));
#3321= IFCCARTESIANPOINT((-4070.,8220.,3130.5063829787237));
#3322= IFCCARTESIANPOINT((-5680.,8220.,3130.5063829787237));
#3323= IFCCARTESIANPOINT((-5680.,11454.,2238.7480851063824));
#3324= IFCCARTESIANPOINT((-4070.,11454.,2238.7480851063824));
#3325= IFCCARTESIANPOINT((-4070.,8220.,3159.506382978723));
#3326= IFCCARTESIANPOINT((-5680.,8220.,3159.506382978723));
#3327= IFCCARTESIANPOINT((-5680.,11454.,2267.7480851063824));
#3328= IFCCARTESIANPOINT((-4070.,11454.,2267.7480851063824));
#3329= IFCCLOSEDSHELL((#3332,#3335,#3338,#3341,#3344,#3347));
#3330= IFCPOLYLOOP((#3321,#3322,#3323,#3324));
#3331= IFCFACEOUTERBOUND(#3330,.T.);
#3332= IFCFACE((#3331));
#3333= IFCPOLYLOOP((#3325,#3326,#3327,#3328));
#3334= IFCFACEOUTERBOUND(#3333,.T.);
#3335= IFCFACE((#3334));
#3336= IFCPOLYLOOP((#3321,#3322,#3326,#3325));
#3337= IFCFACEOUTERBOUND(#3336,.T.);
#3338= IFCFACE((#3337));
#3339= IFCPOLYLOOP((#3322,#3323,#3327,#3326));
#3340= IFCFACEOUTERBOUND(#3339,.T.);
#3341= IFCFACE((#3340));
#3342= IFCPOLYLOOP((#3323,#3324,#3328,#3327));
#3343= IFCFACEOUTERBOUND(#3342,.T.);
#3344= IFCFACE((#3343));
#3345= IFCPOLYLOOP((#3324,#3321,#3325,#3328));
#3346= IFCFACEOUTERBOUND(#3345,.T.);
#3347= IFCFACE((#3346));
#3348= IFCFACETEDBREP(#3329);
#3349= IFCWALL('3POdSgvC5EpwEsbz6p7tRK',#2,$,$,$,$,$,$);
#3350= IFCROOF('0UcxA1P4vATBIXnXKw6RIa',#2,$,$,$,$,#3351,$,$);
#3351= IFCPRODUCTDEFINITIONSHAPE($,$,(#3352));
#3352= IFCSHAPEREPRESENTATION(#11,'Body','Brep',(#3380));
#3353= IFCCARTESIANPOINT((-5680.,8220.,3130.5063829787237));
#3354= IFCCARTESIANPOINT((-7840.,8220.,3130.5063829787237));
#3355= IFCCARTESIANPOINT((-7840.,11454.,2238.7480851063824));
#3356= IFCCARTESIANPOINT((-5680.,11454.,2238.7480851063824));
#3357= IFCCARTESIANPOINT((-5680.,8220.,3159.506382978723));
#3358= IFCCARTESIANPOINT((-7840.,8220.,3159.506382978723));
#3359= IFCCARTESIANPOINT((-7840.,11454.,2267.7480851063824));
#3360= IFCCARTESIANPOINT((-5680.,11454.,2267.7480851063824));
#3361= IFCCLOSEDSHELL((#3364,#3367,#3370,#3373,#3376,#3379));
#3362= IFCPOLYLOOP((#3353,#3354,#3355,#3356));
#3363= IFCFACEOUTERBOUND(#3362,.T.);
#3364= IFCFACE((#3363));
#3365= IFCPOLYLOOP((#3357,#3358,#3359,#3360));
#3366= IFCFACEOUTERBOUND(#3365,.T.);
#3367= IFCFACE((#3366));
#3368= IFCPOLYLOOP((#3353,#3354,#3358,#3357));
#3369= IFCFACEOUTERBOUND(#3368,.T.);
#3370= IFCFACE((#3369));
#3371= IFCPOLYLOOP((#3354,#3355,#3359,#3358));
#3372= IFCFACEOUTERBOUND(#3371,.T.);
#3373= IFCFACE((#3372));
#3374= IFCPOLYLOOP((#3355,#3356,#3360,#3359));
#3375= IFCFACEOUTERBOUND(#3374,.T.);
#3376= IFCFACE((#3375));
#3377= IFCPOLYLOOP((#3356,#3353,#3357,#3360));
#3378= IFCFACEOUTERBOUND(#3377,.T.);
#3379= IFCFACE((#3378));
#3380= IFCFACETEDBREP(#3361);
#3381= IFCWALL('1ae7drkmD868stL260wtxn',#2,$,$,$,$,$,$);
#3382= IFCROOF('21a4zS6GHDceEwO9PnPrUw',#2,$,$,$,$,#3383,$,$);
#3383= IFCPRODUCTDEFINITIONSHAPE($,$,(#3384));
#3384= IFCSHAPEREPRESENTATION(#11,'Body','Brep',(#3412));
#3385= IFCCARTESIANPOINT((-7840.,8220.,3130.5063829787237));
#3386= IFCCARTESIANPOINT((-8920.,8220.,3130.5063829787237));
#3387= IFCCARTESIANPOINT((-8920.,11454.,2238.7480851063824));
#3388= IFCCARTESIANPOINT((-7840.,11454.,2238.7480851063824));
#3389= IFCCARTESIANPOINT((-7840.,8220.,3159.506382978723));
#3390= IFCCARTESIANPOINT((-8920.,8220.,3159.506382978723));
#3391= IFCCARTESIANPOINT((-8920.,11454.,2267.7480851063824));
#3392= IFCCARTESIANPOINT((-7840.,11454.,2267.7480851063824));
#3393= IFCCLOSEDSHELL((#3396,#3399,#3402,#3405,#3408,#3411));
#3394= IFCPOLYLOOP((#3385,#3386,#3387,#3388));
#3395= IFCFACEOUTERBOUND(#3394,.T.);
#3396= IFCFACE((#3395));
#3397= IFCPOLYLOOP((#3389,#3390,#3391,#3392));
#3398= IFCFACEOUTERBOUND(#3397,.T.);
#3399= IFCFACE((#3398));
#3400= IFCPOLYLOOP((#3385,#3386,#3390,#3389));
#3401= IFCFACEOUTERBOUND(#3400,.T.);
#3402= IFCFACE((#3401));
#3403= IFCPOLYLOOP((#3386,#3387,#3391,#3390));
#3404= IFCFACEOUTERBOUND(#3403,.T.);
#3405= IFCFACE((#3404));
#3406= IFCPOLYLOOP((#3387,#3388,#3392,#3391));
#3407= IFCFACEOUTERBOUND(#3406,.T.);
#3408= IFCFACE((#3407));
#3409= IFCPOLYLOOP((#3388,#3385,#3389,#3392));
#3410= IFCFACEOUTERBOUND(#3409,.T.);
#3411= IFCFACE((#3410));
#3412= IFCFACETEDBREP(#3393);
#3413= IFCWALL('1IJvRGW4v9mxw9w8xZOCQj',#2,$,$,$,$,$,$);
#3414= IFCROOF('32B7is7Kf8qQqiL7sBsJey',#2,$,$,$,$,#3415,$,$);
#3415= IFCPRODUCTDEFINITIONSHAPE($,$,(#3416));
#3416= IFCSHAPEREPRESENTATION(#11,'Body','Brep',(#3444));
#3417= IFCCARTESIANPOINT((-8920.,8220.,3130.5063829787237));
#3418= IFCCARTESIANPOINT((-10009.,8220.,3130.5063829787237));
#3419= IFCCARTESIANPOINT((-10009.,11454.,2238.7480851063824));
#3420= IFCCARTESIANPOINT((-8920.,11454.,2238.7480851063824));
#3421= IFCCARTESIANPOINT((-8920.,8220.,3159.506382978723));
#3422= IFCCARTESIANPOINT((-10009.,8220.,3159.506382978723));
#3423= IFCCARTESIANPOINT((-10009.,11454.,2267.7480851063824));
#3424= IFCCARTESIANPOINT((-8920.,11454.,2267.7480851063824));
#3425= IFCCLOSEDSHELL((#3428,#3431,#3434,#3437,#3440,#3443));
#3426= IFCPOLYLOOP((#3417,#3418,#3419,#3420));
#3427= IFCFACEOUTERBOUND(#3426,.T.);
#3428= IFCFACE((#3427));
#3429= IFCPOLYLOOP((#3421,#3422,#3423,#3424));
#3430= IFCFACEOUTERBOUND(#3429,.T.);
#3431= IFCFACE((#3430));
#3432= IFCPOLYLOOP((#3417,#3418,#3422,#3421));
#3433= IFCFACEOUTERBOUND(#3432,.T.);
#3434= IFCFACE((#3433));
#3435= IFCPOLYLOOP((#3418,#3419,#3423,#3422));
#3436= IFCFACEOUTERBOUND(#3435,.T.);
#3437= IFCFACE((#3436));
#3438= IFCPOLYLOOP((#3419,#3420,#3424,#3423));
#3439= IFCFACEOUTERBOUND(#3438,.T.);
#3440= IFCFACE((#3439));
#3441= IFCPOLYLOOP((#3420,#3417,#3421,#3424));
#3442= IFCFACEOUTERBOUND(#3441,.T.);
#3443= IFCFACE((#3442));
#3444= IFCFACETEDBREP(#3425);
#3445= IFCPRESENTATIONLAYERASSIGNMENT('poles layer',$,(),$);
#3446= IFCWALL('2C$$harsf4s80FjHbAQKeI',#2,$,$,$,$,$,$);
#3447= IFCBUILDINGELEMENTPROXY('0o6yTCbqX0ufzr_D8ZmEFJ',#2,$,$,$,$,#3448,$,$);
#3448= IFCPRODUCTDEFINITIONSHAPE($,$,(#3449));
#3449= IFCSHAPEREPRESENTATION(#11,'Body','Brep',(#3477));
#3450= IFCCARTESIANPOINT((-2029.,2414.,2092.5));
#3451= IFCCARTESIANPOINT((-2029.,4456.,2092.5));
#3452= IFCCARTESIANPOINT((-2029.,4456.,3661.6000000000004));
#3453= IFCCARTESIANPOINT((-2029.,2414.,3098.5));
#3454= IFCCARTESIANPOINT((-1971.,2414.,2092.5));
#3455= IFCCARTESIANPOINT((-1971.,4456.,2092.5));
#3456= IFCCARTESIANPOINT((-1971.,4456.,3661.6000000000004));
#3457= IFCCARTESIANPOINT((-1971.,2414.,3098.5));
#3458= IFCCLOSEDSHELL((#3461,#3464,#3467,#3470,#3473,#3476));
#3459= IFCPOLYLOOP((#3450,#3451,#3452,#3453));
#3460= IFCFACEOUTERBOUND(#3459,.T.);
#3461= IFCFACE((#3460));
#3462= IFCPOLYLOOP((#3454,#3455,#3456,#3457));
#3463= IFCFACEOUTERBOUND(#3462,.T.);
#3464= IFCFACE((#3463));
#3465= IFCPOLYLOOP((#3450,#3451,#3455,#3454));
#3466= IFCFACEOUTERBOUND(#3465,.T.);
#3467= IFCFACE((#3466));
#3468= IFCPOLYLOOP((#3451,#3452,#3456,#3455));
#3469= IFCFACEOUTERBOUND(#3468,.T.);
#3470= IFCFACE((#3469));
#3471= IFCPOLYLOOP((#3452,#3453,#3457,#3456));
#3472= IFCFACEOUTERBOUND(#3471,.T.);
#3473= IFCFACE((#3472));
#3474= IFCPOLYLOOP((#3453,#3450,#3454,#3457));
#3475= IFCFACEOUTERBOUND(#3474,.T.);
#3476= IFCFACE((#3475));
#3477= IFCFACETEDBREP(#3458);
#3478= IFCWALL('0xI0pcfSfC_xOAHW28hF27',#2,$,$,$,$,$,$);
#3479= IFCBUILDINGELEMENTPROXY('1tOgLjdNHBfR6nGR$DBveq',#2,$,$,$,$,#3480,$,$);
#3480= IFCPRODUCTDEFINITIONSHAPE($,$,(#3481));
#3481= IFCSHAPEREPRESENTATION(#11,'Body','Brep',(#3535));
#3482= IFCCARTESIANPOINT((-2029.,4224.,2092.5));
#3483= IFCCARTESIANPOINT((-2029.,5375.,2092.5));
#3484= IFCCARTESIANPOINT((-2029.,5375.,3915.));
#3485= IFCCARTESIANPOINT((-2029.,4224.,3597.6));
#3486= IFCCARTESIANPOINT((-1971.,4224.,2092.5));
#3487= IFCCARTESIANPOINT((-1971.,5375.,2092.5));
#3488= IFCCARTESIANPOINT((-1971.,5375.,3915.));
#3489= IFCCARTESIANPOINT((-1971.,4224.,3597.6));
#3490= IFCCARTESIANPOINT((-2029.,5375.,2092.5));
#3491= IFCCARTESIANPOINT((-2029.,8336.,2092.5));
#3492= IFCCARTESIANPOINT((-2029.,8336.,3098.5));
#3493= IFCCARTESIANPOINT((-2029.,5375.,3915.));
#3494= IFCCARTESIANPOINT((-1971.,5375.,2092.5));
#3495= IFCCARTESIANPOINT((-1971.,8336.,2092.5));
#3496= IFCCARTESIANPOINT((-1971.,8336.,3098.5));
#3497= IFCCARTESIANPOINT((-1971.,5375.,3915.));
#3498= IFCCLOSEDSHELL((#3501,#3504,#3507,#3510,#3513,#3516,#3519,#3522,#3525,#3528,#3531,#3534));
#3499= IFCPOLYLOOP((#3482,#3483,#3484,#3485));
#3500= IFCFACEOUTERBOUND(#3499,.T.);
#3501= IFCFACE((#3500));
#3502= IFCPOLYLOOP((#3486,#3487,#3488,#3489));
#3503= IFCFACEOUTERBOUND(#3502,.T.);
#3504= IFCFACE((#3503));
#3505= IFCPOLYLOOP((#3482,#3483,#3487,#3486));
#3506= IFCFACEOUTERBOUND(#3505,.T.);
#3507= IFCFACE((#3506));
#3508= IFCPOLYLOOP((#3483,#3484,#3488,#3487));
#3509= IFCFACEOUTERBOUND(#3508,.T.);
#3510= IFCFACE((#3509));
#3511= IFCPOLYLOOP((#3484,#3485,#3489,#3488));
#3512= IFCFACEOUTERBOUND(#3511,.T.);
#3513= IFCFACE((#3512));
#3514= IFCPOLYLOOP((#3485,#3482,#3486,#3489));
#3515= IFCFACEOUTERBOUND(#3514,.T.);
#3516= IFCFACE((#3515));
#3517= IFCPOLYLOOP((#3490,#3491,#3492,#3493));
#3518= IFCFACEOUTERBOUND(#3517,.T.);
#3519= IFCFACE((#3518));
#3520= IFCPOLYLOOP((#3494,#3495,#3496,#3497));
#3521= IFCFACEOUTERBOUND(#3520,.T.);
#3522= IFCFACE((#3521));
#3523= IFCPOLYLOOP((#3490,#3491,#3495,#3494));
#3524= IFCFACEOUTERBOUND(#3523,.T.);
#3525= IFCFACE((#3524));
#3526= IFCPOLYLOOP((#3491,#3492,#3496,#3495));
#3527= IFCFACEOUTERBOUND(#3526,.T.);
#3528= IFCFACE((#3527));
#3529= IFCPOLYLOOP((#3492,#3493,#3497,#3496));
#3530= IFCFACEOUTERBOUND(#3529,.T.);
#3531= IFCFACE((#3530));
#3532= IFCPOLYLOOP((#3493,#3490,#3494,#3497));
#3533= IFCFACEOUTERBOUND(#3532,.T.);
#3534= IFCFACE((#3533));
#3535= IFCFACETEDBREP(#3498);
#3536= IFCWALL('2TM8RGuTXEoBSnbutzmn08',#2,$,$,$,$,$,$);
#3537= IFCBUILDINGELEMENTPROXY('3nM3J$3oD8bhkOxDvwrEsp',#2,$,$,$,$,#3538,$,$);
#3538= IFCPRODUCTDEFINITIONSHAPE($,$,(#3539));
#3539= IFCSHAPEREPRESENTATION(#11,'Body','Brep',(#3567));
#3540= IFCCARTESIANPOINT((-5709.,2414.,2092.5));
#3541= IFCCARTESIANPOINT((-5709.,4456.,2092.5));
#3542= IFCCARTESIANPOINT((-5709.,4456.,3661.6000000000004));
#3543= IFCCARTESIANPOINT((-5709.,2414.,3098.5));
#3544= IFCCARTESIANPOINT((-5651.,2414.,2092.5));
#3545= IFCCARTESIANPOINT((-5651.,4456.,2092.5));
#3546= IFCCARTESIANPOINT((-5651.,4456.,3661.6000000000004));
#3547= IFCCARTESIANPOINT((-5651.,2414.,3098.5));
#3548= IFCCLOSEDSHELL((#3551,#3554,#3557,#3560,#3563,#3566));
#3549= IFCPOLYLOOP((#3540,#3541,#3542,#3543));
#3550= IFCFACEOUTERBOUND(#3549,.T.);
#3551= IFCFACE((#3550));
#3552= IFCPOLYLOOP((#3544,#3545,#3546,#3547));
#3553= IFCFACEOUTERBOUND(#3552,.T.);
#3554= IFCFACE((#3553));
#3555= IFCPOLYLOOP((#3540,#3541,#3545,#3544));
#3556= IFCFACEOUTERBOUND(#3555,.T.);
#3557= IFCFACE((#3556));
#3558= IFCPOLYLOOP((#3541,#3542,#3546,#3545));
#3559= IFCFACEOUTERBOUND(#3558,.T.);
#3560= IFCFACE((#3559));
#3561= IFCPOLYLOOP((#3542,#3543,#3547,#3546));
#3562= IFCFACEOUTERBOUND(#3561,.T.);
#3563= IFCFACE((#3562));
#3564= IFCPOLYLOOP((#3543,#3540,#3544,#3547));
#3565= IFCFACEOUTERBOUND(#3564,.T.);
#3566= IFCFACE((#3565));
#3567= IFCFACETEDBREP(#3548);
#3568= IFCWALL('3IEum$EXH9jQocaXJEUZ46',#2,$,$,$,$,$,$);
#3569= IFCBUILDINGELEMENTPROXY('3sS04q48n0Iwy1FwlCzSww',#2,$,$,$,$,#3570,$,$);
#3570= IFCPRODUCTDEFINITIONSHAPE($,$,(#3571));
#3571= IFCSHAPEREPRESENTATION(#11,'Body','Brep',(#3625));
#3572= IFCCARTESIANPOINT((-5709.,4224.,2092.5));
#3573= IFCCARTESIANPOINT((-5709.,5375.,2092.5));
#3574= IFCCARTESIANPOINT((-5709.,5375.,3915.));
#3575= IFCCARTESIANPOINT((-5709.,4224.,3597.6));
#3576= IFCCARTESIANPOINT((-5651.,4224.,2092.5));
#3577= IFCCARTESIANPOINT((-5651.,5375.,2092.5));
#3578= IFCCARTESIANPOINT((-5651.,5375.,3915.));
#3579= IFCCARTESIANPOINT((-5651.,4224.,3597.6));
#3580= IFCCARTESIANPOINT((-5709.,5375.,2092.5));
#3581= IFCCARTESIANPOINT((-5709.,8336.,2092.5));
#3582= IFCCARTESIANPOINT((-5709.,8336.,3098.5));
#3583= IFCCARTESIANPOINT((-5709.,5375.,3915.));
#3584= IFCCARTESIANPOINT((-5651.,5375.,2092.5));
#3585= IFCCARTESIANPOINT((-5651.,8336.,2092.5));
#3586= IFCCARTESIANPOINT((-5651.,8336.,3098.5));
#3587= IFCCARTESIANPOINT((-5651.,5375.,3915.));
#3588= IFCCLOSEDSHELL((#3591,#3594,#3597,#3600,#3603,#3606,#3609,#3612,#3615,#3618,#3621,#3624));
#3589= IFCPOLYLOOP((#3572,#3573,#3574,#3575));
#3590= IFCFACEOUTERBOUND(#3589,.T.);
#3591= IFCFACE((#3590));
#3592= IFCPOLYLOOP((#3576,#3577,#3578,#3579));
#3593= IFCFACEOUTERBOUND(#3592,.T.);
#3594= IFCFACE((#3593));
#3595= IFCPOLYLOOP((#3572,#3573,#3577,#3576));
#3596= IFCFACEOUTERBOUND(#3595,.T.);
#3597= IFCFACE((#3596));
#3598= IFCPOLYLOOP((#3573,#3574,#3578,#3577));
#3599= IFCFACEOUTERBOUND(#3598,.T.);
#3600= IFCFACE((#3599));
#3601= IFCPOLYLOOP((#3574,#3575,#3579,#3578));
#3602= IFCFACEOUTERBOUND(#3601,.T.);
#3603= IFCFACE((#3602));
#3604= IFCPOLYLOOP((#3575,#3572,#3576,#3579));
#3605= IFCFACEOUTERBOUND(#3604,.T.);
#3606= IFCFACE((#3605));
#3607= IFCPOLYLOOP((#3580,#3581,#3582,#3583));
#3608= IFCFACEOUTERBOUND(#3607,.T.);
#3609= IFCFACE((#3608));
#3610= IFCPOLYLOOP((#3584,#3585,#3586,#3587));
#3611= IFCFACEOUTERBOUND(#3610,.T.);
#3612= IFCFACE((#3611));
#3613= IFCPOLYLOOP((#3580,#3581,#3585,#3584));
#3614= IFCFACEOUTERBOUND(#3613,.T.);
#3615= IFCFACE((#3614));
#3616= IFCPOLYLOOP((#3581,#3582,#3586,#3585));
#3617= IFCFACEOUTERBOUND(#3616,.T.);
#3618= IFCFACE((#3617));
#3619= IFCPOLYLOOP((#3582,#3583,#3587,#3586));
#3620= IFCFACEOUTERBOUND(#3619,.T.);
#3621= IFCFACE((#3620));
#3622= IFCPOLYLOOP((#3583,#3580,#3584,#3587));
#3623= IFCFACEOUTERBOUND(#3622,.T.);
#3624= IFCFACE((#3623));
#3625= IFCFACETEDBREP(#3588);
#3626= IFCWALL('330xPpFi5DV8_rOTLnEz$_',#2,$,$,$,$,$,$);
#3627= IFCBUILDINGELEMENTPROXY('1zjALSm_fDaRHYBjPBhhoJ',#2,$,$,$,$,#3628,$,$);
#3628= IFCPRODUCTDEFINITIONSHAPE($,$,(#3629));
#3629= IFCSHAPEREPRESENTATION(#11,'Body','Brep',(#3657));
#3630= IFCCARTESIANPOINT((-9779.,2414.,2092.5));
#3631= IFCCARTESIANPOINT((-9779.,4456.,2092.5));
#3632= IFCCARTESIANPOINT((-9779.,4456.,3661.6000000000004));
#3633= IFCCARTESIANPOINT((-9779.,2414.,3098.5));
#3634= IFCCARTESIANPOINT((-9721.,2414.,2092.5));
#3635= IFCCARTESIANPOINT((-9721.,4456.,2092.5));
#3636= IFCCARTESIANPOINT((-9721.,4456.,3661.6000000000004));
#3637= IFCCARTESIANPOINT((-9721.,2414.,3098.5));
#3638= IFCCLOSEDSHELL((#3641,#3644,#3647,#3650,#3653,#3656));
#3639= IFCPOLYLOOP((#3630,#3631,#3632,#3633));
#3640= IFCFACEOUTERBOUND(#3639,.T.);
#3641= IFCFACE((#3640));
#3642= IFCPOLYLOOP((#3634,#3635,#3636,#3637));
#3643= IFCFACEOUTERBOUND(#3642,.T.);
#3644= IFCFACE((#3643));
#3645= IFCPOLYLOOP((#3630,#3631,#3635,#3634));
#3646= IFCFACEOUTERBOUND(#3645,.T.);
#3647= IFCFACE((#3646));
#3648= IFCPOLYLOOP((#3631,#3632,#3636,#3635));
#3649= IFCFACEOUTERBOUND(#3648,.T.);
#3650= IFCFACE((#3649));
#3651= IFCPOLYLOOP((#3632,#3633,#3637,#3636));
#3652= IFCFACEOUTERBOUND(#3651,.T.);
#3653= IFCFACE((#3652));
#3654= IFCPOLYLOOP((#3633,#3630,#3634,#3637));
#3655= IFCFACEOUTERBOUND(#3654,.T.);
#3656= IFCFACE((#3655));
#3657= IFCFACETEDBREP(#3638);
#3658= IFCWALL('1XW6OvUZD0xgbWULZCYngj',#2,$,$,$,$,$,$);
#3659= IFCBEAM('1$7QOWPX9CduWxqEgiv_dY',#2,$,$,$,$,#3660,$);
#3660= IFCPRODUCTDEFINITIONSHAPE($,$,(#3661));
#3661= IFCSHAPEREPRESENTATION(#11,'Body','Brep',(#3689));
#3662= IFCCARTESIANPOINT((-2000.,440.5,2382.5));
#3663= IFCCARTESIANPOINT((-4070.,440.5,2382.5));
#3664= IFCCARTESIANPOINT((-4070.,440.5,2562.5));
#3665= IFCCARTESIANPOINT((-2000.,440.5,2562.5));
#3666= IFCCARTESIANPOINT((-2000.,499.5,2382.5));
#3667= IFCCARTESIANPOINT((-4070.,499.5,2382.5));
#3668= IFCCARTESIANPOINT((-4070.,499.5,2562.5));
#3669= IFCCARTESIANPOINT((-2000.,499.5,2562.5));
#3670= IFCCLOSEDSHELL((#3673,#3676,#3679,#3682,#3685,#3688));
#3671= IFCPOLYLOOP((#3662,#3663,#3664,#3665));
#3672= IFCFACEOUTERBOUND(#3671,.T.);
#3673= IFCFACE((#3672));
#3674= IFCPOLYLOOP((#3666,#3667,#3668,#3669));
#3675= IFCFACEOUTERBOUND(#3674,.T.);
#3676= IFCFACE((#3675));
#3677= IFCPOLYLOOP((#3662,#3663,#3667,#3666));
#3678= IFCFACEOUTERBOUND(#3677,.T.);
#3679= IFCFACE((#3678));
#3680= IFCPOLYLOOP((#3663,#3664,#3668,#3667));
#3681= IFCFACEOUTERBOUND(#3680,.T.);
#3682= IFCFACE((#3681));
#3683= IFCPOLYLOOP((#3664,#3665,#3669,#3668));
#3684= IFCFACEOUTERBOUND(#3683,.T.);
#3685= IFCFACE((#3684));
#3686= IFCPOLYLOOP((#3665,#3662,#3666,#3669));
#3687= IFCFACEOUTERBOUND(#3686,.T.);
#3688= IFCFACE((#3687));
#3689= IFCFACETEDBREP(#3670);
#3690= IFCWALL('1G$0eH2Tb9HuieUOtpgJyG',#2,$,$,$,$,$,$);
#3691= IFCBEAM('2Jwrnz7TnF8eUbMv4NydHS',#2,$,$,$,$,#3692,$);
#3692= IFCPRODUCTDEFINITIONSHAPE($,$,(#3693));
#3693= IFCSHAPEREPRESENTATION(#11,'Body','Brep',(#3721));
#3694= IFCCARTESIANPOINT((-2000.,1410.5,2649.9));
#3695= IFCCARTESIANPOINT((-4070.,1410.5,2649.9));
#3696= IFCCARTESIANPOINT((-4070.,1410.5,2829.9));
#3697= IFCCARTESIANPOINT((-2000.,1410.5,2829.9));
#3698= IFCCARTESIANPOINT((-2000.,1469.5,2649.9));
#3699= IFCCARTESIANPOINT((-4070.,1469.5,2649.9));
#3700= IFCCARTESIANPOINT((-4070.,1469.5,2829.9));
#3701= IFCCARTESIANPOINT((-2000.,1469.5,2829.9));
#3702= IFCCLOSEDSHELL((#3705,#3708,#3711,#3714,#3717,#3720));
#3703= IFCPOLYLOOP((#3694,#3695,#3696,#3697));
#3704= IFCFACEOUTERBOUND(#3703,.T.);
#3705= IFCFACE((#3704));
#3706= IFCPOLYLOOP((#3698,#3699,#3700,#3701));
#3707= IFCFACEOUTERBOUND(#3706,.T.);
#3708= IFCFACE((#3707));
#3709= IFCPOLYLOOP((#3694,#3695,#3699,#3698));
#3710= IFCFACEOUTERBOUND(#3709,.T.);
#3711= IFCFACE((#3710));
#3712= IFCPOLYLOOP((#3695,#3696,#3700,#3699));
#3713= IFCFACEOUTERBOUND(#3712,.T.);
#3714= IFCFACE((#3713));
#3715= IFCPOLYLOOP((#3696,#3697,#3701,#3700));
#3716= IFCFACEOUTERBOUND(#3715,.T.);
#3717= IFCFACE((#3716));
#3718= IFCPOLYLOOP((#3697,#3694,#3698,#3701));
#3719= IFCFACEOUTERBOUND(#3718,.T.);
#3720= IFCFACE((#3719));
#3721= IFCFACETEDBREP(#3702);
#3722= IFCWALL('1DBavMw692b9bs3ADnQwst',#2,$,$,$,$,$,$);
#3723= IFCBEAM('0B62DskGP35uCJNWpE8FUK',#2,$,$,$,$,#3724,$);
#3724= IFCPRODUCTDEFINITIONSHAPE($,$,(#3725));
#3725= IFCSHAPEREPRESENTATION(#11,'Body','Brep',(#3753));
#3726= IFCCARTESIANPOINT((-2000.,2380.5,2917.4));
#3727= IFCCARTESIANPOINT((-4070.,2380.5,2917.4));
#3728= IFCCARTESIANPOINT((-4070.,2380.5,3097.4));
#3729= IFCCARTESIANPOINT((-2000.,2380.5,3097.4));
#3730= IFCCARTESIANPOINT((-2000.,2439.5,2917.4));
#3731= IFCCARTESIANPOINT((-4070.,2439.5,2917.4));
#3732= IFCCARTESIANPOINT((-4070.,2439.5,3097.4));
#3733= IFCCARTESIANPOINT((-2000.,2439.5,3097.4));
#3734= IFCCLOSEDSHELL((#3737,#3740,#3743,#3746,#3749,#3752));
#3735= IFCPOLYLOOP((#3726,#3727,#3728,#3729));
#3736= IFCFACEOUTERBOUND(#3735,.T.);
#3737= IFCFACE((#3736));
#3738= IFCPOLYLOOP((#3730,#3731,#3732,#3733));
#3739= IFCFACEOUTERBOUND(#3738,.T.);
#3740= IFCFACE((#3739));
#3741= IFCPOLYLOOP((#3726,#3727,#3731,#3730));
#3742= IFCFACEOUTERBOUND(#3741,.T.);
#3743= IFCFACE((#3742));
#3744= IFCPOLYLOOP((#3727,#3728,#3732,#3731));
#3745= IFCFACEOUTERBOUND(#3744,.T.);
#3746= IFCFACE((#3745));
#3747= IFCPOLYLOOP((#3728,#3729,#3733,#3732));
#3748= IFCFACEOUTERBOUND(#3747,.T.);
#3749= IFCFACE((#3748));
#3750= IFCPOLYLOOP((#3729,#3726,#3730,#3733));
#3751= IFCFACEOUTERBOUND(#3750,.T.);
#3752= IFCFACE((#3751));
#3753= IFCFACETEDBREP(#3734);
#3754= IFCWALL('3hsIYd8VfCbufHvZHVAvOI',#2,$,$,$,$,$,$);
#3755= IFCBEAM('2ljs$C0zX3aBD5vAlEyhfP',#2,$,$,$,$,#3756,$);
#3756= IFCPRODUCTDEFINITIONSHAPE($,$,(#3757));
#3757= IFCSHAPEREPRESENTATION(#11,'Body','Brep',(#3785));
#3758= IFCCARTESIANPOINT((-4070.,440.5,2382.5));
#3759= IFCCARTESIANPOINT((-5680.,440.5,2382.5));
#3760= IFCCARTESIANPOINT((-5680.,440.5,2562.5));
#3761= IFCCARTESIANPOINT((-4070.,440.5,2562.5));
#3762= IFCCARTESIANPOINT((-4070.,499.5,2382.5));
#3763= IFCCARTESIANPOINT((-5680.,499.5,2382.5));
#3764= IFCCARTESIANPOINT((-5680.,499.5,2562.5));
#3765= IFCCARTESIANPOINT((-4070.,499.5,2562.5));
#3766= IFCCLOSEDSHELL((#3769,#3772,#3775,#3778,#3781,#3784));
#3767= IFCPOLYLOOP((#3758,#3759,#3760,#3761));
#3768= IFCFACEOUTERBOUND(#3767,.T.);
#3769= IFCFACE((#3768));
#3770= IFCPOLYLOOP((#3762,#3763,#3764,#3765));
#3771= IFCFACEOUTERBOUND(#3770,.T.);
#3772= IFCFACE((#3771));
#3773= IFCPOLYLOOP((#3758,#3759,#3763,#3762));
#3774= IFCFACEOUTERBOUND(#3773,.T.);
#3775= IFCFACE((#3774));
#3776= IFCPOLYLOOP((#3759,#3760,#3764,#3763));
#3777= IFCFACEOUTERBOUND(#3776,.T.);
#3778= IFCFACE((#3777));
#3779= IFCPOLYLOOP((#3760,#3761,#3765,#3764));
#3780= IFCFACEOUTERBOUND(#3779,.T.);
#3781= IFCFACE((#3780));
#3782= IFCPOLYLOOP((#3761,#3758,#3762,#3765));
#3783= IFCFACEOUTERBOUND(#3782,.T.);
#3784= IFCFACE((#3783));
#3785= IFCFACETEDBREP(#3766);
#3786= IFCWALL('0vHm7MWMP3mgDK7iUIzlSw',#2,$,$,$,$,$,$);
#3787= IFCBEAM('1F5jwEHsTFfPUa5_LYLpmJ',#2,$,$,$,$,#3788,$);
#3788= IFCPRODUCTDEFINITIONSHAPE($,$,(#3789));
#3789= IFCSHAPEREPRESENTATION(#11,'Body','Brep',(#3817));
#3790= IFCCARTESIANPOINT((-4070.,1410.5,2649.9));
#3791= IFCCARTESIANPOINT((-5680.,1410.5,2649.9));
#3792= IFCCARTESIANPOINT((-5680.,1410.5,2829.9));
#3793= IFCCARTESIANPOINT((-4070.,1410.5,2829.9));
#3794= IFCCARTESIANPOINT((-4070.,1469.5,2649.9));
#3795= IFCCARTESIANPOINT((-5680.,1469.5,2649.9));
#3796= IFCCARTESIANPOINT((-5680.,1469.5,2829.9));
#3797= IFCCARTESIANPOINT((-4070.,1469.5,2829.9));
#3798= IFCCLOSEDSHELL((#3801,#3804,#3807,#3810,#3813,#3816));
#3799= IFCPOLYLOOP((#3790,#3791,#3792,#3793));
#3800= IFCFACEOUTERBOUND(#3799,.T.);
#3801= IFCFACE((#3800));
#3802= IFCPOLYLOOP((#3794,#3795,#3796,#3797));
#3803= IFCFACEOUTERBOUND(#3802,.T.);
#3804= IFCFACE((#3803));
#3805= IFCPOLYLOOP((#3790,#3791,#3795,#3794));
#3806= IFCFACEOUTERBOUND(#3805,.T.);
#3807= IFCFACE((#3806));
#3808= IFCPOLYLOOP((#3791,#3792,#3796,#3795));
#3809= IFCFACEOUTERBOUND(#3808,.T.);
#3810= IFCFACE((#3809));
#3811= IFCPOLYLOOP((#3792,#3793,#3797,#3796));
#3812= IFCFACEOUTERBOUND(#3811,.T.);
#3813= IFCFACE((#3812));
#3814= IFCPOLYLOOP((#3793,#3790,#3794,#3797));
#3815= IFCFACEOUTERBOUND(#3814,.T.);
#3816= IFCFACE((#3815));
#3817= IFCFACETEDBREP(#3798);
#3818= IFCWALL('2fQ7R4_xX4gh_MTCIpuhri',#2,$,$,$,$,$,$);
#3819= IFCBEAM('2Pp3p4Wi59mPJsYGRAoNMn',#2,$,$,$,$,#3820,$);
#3820= IFCPRODUCTDEFINITIONSHAPE($,$,(#3821));
#3821= IFCSHAPEREPRESENTATION(#11,'Body','Brep',(#3849));
#3822= IFCCARTESIANPOINT((-4070.,2380.5,2917.4));
#3823= IFCCARTESIANPOINT((-5680.,2380.5,2917.4));
#3824= IFCCARTESIANPOINT((-5680.,2380.5,3097.4));
#3825= IFCCARTESIANPOINT((-4070.,2380.5,3097.4));
#3826= IFCCARTESIANPOINT((-4070.,2439.5,2917.4));
#3827= IFCCARTESIANPOINT((-5680.,2439.5,2917.4));
#3828= IFCCARTESIANPOINT((-5680.,2439.5,3097.4));
#3829= IFCCARTESIANPOINT((-4070.,2439.5,3097.4));
#3830= IFCCLOSEDSHELL((#3833,#3836,#3839,#3842,#3845,#3848));
#3831= IFCPOLYLOOP((#3822,#3823,#3824,#3825));
#3832= IFCFACEOUTERBOUND(#3831,.T.);
#3833= IFCFACE((#3832));
#3834= IFCPOLYLOOP((#3826,#3827,#3828,#3829));
#3835= IFCFACEOUTERBOUND(#3834,.T.);
#3836= IFCFACE((#3835));
#3837= IFCPOLYLOOP((#3822,#3823,#3827,#3826));
#3838= IFCFACEOUTERBOUND(#3837,.T.);
#3839= IFCFACE((#3838));
#3840= IFCPOLYLOOP((#3823,#3824,#3828,#3827));
#3841= IFCFACEOUTERBOUND(#3840,.T.);
#3842= IFCFACE((#3841));
#3843= IFCPOLYLOOP((#3824,#3825,#3829,#3828));
#3844= IFCFACEOUTERBOUND(#3843,.T.);
#3845= IFCFACE((#3844));
#3846= IFCPOLYLOOP((#3825,#3822,#3826,#3829));
#3847= IFCFACEOUTERBOUND(#3846,.T.);
#3848= IFCFACE((#3847));
#3849= IFCFACETEDBREP(#3830);
#3850= IFCWALL('0SY5dzvQn8UBsJj2Bk4NJF',#2,$,$,$,$,$,$);
#3851= IFCBEAM('0Mw8r6VvDBAO3iRuGJCMwA',#2,$,$,$,$,#3852,$);
#3852= IFCPRODUCTDEFINITIONSHAPE($,$,(#3853));
#3853= IFCSHAPEREPRESENTATION(#11,'Body','Brep',(#3881));
#3854= IFCCARTESIANPOINT((-874.5,440.5,2382.5));
#3855= IFCCARTESIANPOINT((-2000.,440.5,2382.5));
#3856= IFCCARTESIANPOINT((-2000.,440.5,2562.5));
#3857= IFCCARTESIANPOINT((-874.5,440.5,2562.5));
#3858= IFCCARTESIANPOINT((-874.5,499.5,2382.5));
#3859= IFCCARTESIANPOINT((-2000.,499.5,2382.5));
#3860= IFCCARTESIANPOINT((-2000.,499.5,2562.5));
#3861= IFCCARTESIANPOINT((-874.5,499.5,2562.5));
#3862= IFCCLOSEDSHELL((#3865,#3868,#3871,#3874,#3877,#3880));
#3863= IFCPOLYLOOP((#3854,#3855,#3856,#3857));
#3864= IFCFACEOUTERBOUND(#3863,.T.);
#3865= IFCFACE((#3864));
#3866= IFCPOLYLOOP((#3858,#3859,#3860,#3861));
#3867= IFCFACEOUTERBOUND(#3866,.T.);
#3868= IFCFACE((#3867));
#3869= IFCPOLYLOOP((#3854,#3855,#3859,#3858));
#3870= IFCFACEOUTERBOUND(#3869,.T.);
#3871= IFCFACE((#3870));
#3872= IFCPOLYLOOP((#3855,#3856,#3860,#3859));
#3873= IFCFACEOUTERBOUND(#3872,.T.);
#3874= IFCFACE((#3873));
#3875= IFCPOLYLOOP((#3856,#3857,#3861,#3860));
#3876= IFCFACEOUTERBOUND(#3875,.T.);
#3877= IFCFACE((#3876));
#3878= IFCPOLYLOOP((#3857,#3854,#3858,#3861));
#3879= IFCFACEOUTERBOUND(#3878,.T.);
#3880= IFCFACE((#3879));
#3881= IFCFACETEDBREP(#3862);
#3882= IFCWALL('06GkGlmpnFXORmCt3zKKKU',#2,$,$,$,$,$,$);
#3883= IFCBEAM('2akAVcsYf4RQmnOTEwa5I5',#2,$,$,$,$,#3884,$);
#3884= IFCPRODUCTDEFINITIONSHAPE($,$,(#3885));
#3885= IFCSHAPEREPRESENTATION(#11,'Body','Brep',(#3913));
#3886= IFCCARTESIANPOINT((-874.5,1410.5,2649.9));
#3887= IFCCARTESIANPOINT((-2000.,1410.5,2649.9));
#3888= IFCCARTESIANPOINT((-2000.,1410.5,2829.9));
#3889= IFCCARTESIANPOINT((-874.5,1410.5,2829.9));
#3890= IFCCARTESIANPOINT((-874.5,1469.5,2649.9));
#3891= IFCCARTESIANPOINT((-2000.,1469.5,2649.9));
#3892= IFCCARTESIANPOINT((-2000.,1469.5,2829.9));
#3893= IFCCARTESIANPOINT((-874.5,1469.5,2829.9));
#3894= IFCCLOSEDSHELL((#3897,#3900,#3903,#3906,#3909,#3912));
#3895= IFCPOLYLOOP((#3886,#3887,#3888,#3889));
#3896= IFCFACEOUTERBOUND(#3895,.T.);
#3897= IFCFACE((#3896));
#3898= IFCPOLYLOOP((#3890,#3891,#3892,#3893));
#3899= IFCFACEOUTERBOUND(#3898,.T.);
#3900= IFCFACE((#3899));
#3901= IFCPOLYLOOP((#3886,#3887,#3891,#3890));
#3902= IFCFACEOUTERBOUND(#3901,.T.);
#3903= IFCFACE((#3902));
#3904= IFCPOLYLOOP((#3887,#3888,#3892,#3891));
#3905= IFCFACEOUTERBOUND(#3904,.T.);
#3906= IFCFACE((#3905));
#3907= IFCPOLYLOOP((#3888,#3889,#3893,#3892));
#3908= IFCFACEOUTERBOUND(#3907,.T.);
#3909= IFCFACE((#3908));
#3910= IFCPOLYLOOP((#3889,#3886,#3890,#3893));
#3911= IFCFACEOUTERBOUND(#3910,.T.);
#3912= IFCFACE((#3911));
#3913= IFCFACETEDBREP(#3894);
#3914= IFCWALL('3pOgHDRQPBDeprUGW781th',#2,$,$,$,$,$,$);
#3915= IFCBEAM('3VQXgcUTrFxuJXFpP7y86$',#2,$,$,$,$,#3916,$);
#3916= IFCPRODUCTDEFINITIONSHAPE($,$,(#3917));
#3917= IFCSHAPEREPRESENTATION(#11,'Body','Brep',(#3945));
#3918= IFCCARTESIANPOINT((-874.5,2380.5,2917.4));
#3919= IFCCARTESIANPOINT((-2000.,2380.5,2917.4));
#3920= IFCCARTESIANPOINT((-2000.,2380.5,3097.4));
#3921= IFCCARTESIANPOINT((-874.5,2380.5,3097.4));
#3922= IFCCARTESIANPOINT((-874.5,2439.5,2917.4));
#3923= IFCCARTESIANPOINT((-2000.,2439.5,2917.4));
#3924= IFCCARTESIANPOINT((-2000.,2439.5,3097.4));
#3925= IFCCARTESIANPOINT((-874.5,2439.5,3097.4));
#3926= IFCCLOSEDSHELL((#3929,#3932,#3935,#3938,#3941,#3944));
#3927= IFCPOLYLOOP((#3918,#3919,#3920,#3921));
#3928= IFCFACEOUTERBOUND(#3927,.T.);
#3929= IFCFACE((#3928));
#3930= IFCPOLYLOOP((#3922,#3923,#3924,#3925));
#3931= IFCFACEOUTERBOUND(#3930,.T.);
#3932= IFCFACE((#3931));
#3933= IFCPOLYLOOP((#3918,#3919,#3923,#3922));
#3934= IFCFACEOUTERBOUND(#3933,.T.);
#3935= IFCFACE((#3934));
#3936= IFCPOLYLOOP((#3919,#3920,#3924,#3923));
#3937= IFCFACEOUTERBOUND(#3936,.T.);
#3938= IFCFACE((#3937));
#3939= IFCPOLYLOOP((#3920,#3921,#3925,#3924));
#3940= IFCFACEOUTERBOUND(#3939,.T.);
#3941= IFCFACE((#3940));
#3942= IFCPOLYLOOP((#3921,#3918,#3922,#3925));
#3943= IFCFACEOUTERBOUND(#3942,.T.);
#3944= IFCFACE((#3943));
#3945= IFCFACETEDBREP(#3926);
#3946= IFCWALL('07J1lwLgj5uArSEsNyUklX',#2,$,$,$,$,$,$);
#3947= IFCBEAM('3CyERCSaXCivJYUjFYbW_m',#2,$,$,$,$,#3948,$);
#3948= IFCPRODUCTDEFINITIONSHAPE($,$,(#3949));
#3949= IFCSHAPEREPRESENTATION(#11,'Body','Brep',(#3977));
#3950= IFCCARTESIANPOINT((-874.5,3350.5,3184.9));
#3951= IFCCARTESIANPOINT((-2000.,3350.5,3184.9));
#3952= IFCCARTESIANPOINT((-2000.,3350.5,3364.9));
#3953= IFCCARTESIANPOINT((-874.5,3350.5,3364.9));
#3954= IFCCARTESIANPOINT((-874.5,3409.5,3184.9));
#3955= IFCCARTESIANPOINT((-2000.,3409.5,3184.9));
#3956= IFCCARTESIANPOINT((-2000.,3409.5,3364.9));
#3957= IFCCARTESIANPOINT((-874.5,3409.5,3364.9));
#3958= IFCCLOSEDSHELL((#3961,#3964,#3967,#3970,#3973,#3976));
#3959= IFCPOLYLOOP((#3950,#3951,#3952,#3953));
#3960= IFCFACEOUTERBOUND(#3959,.T.);
#3961= IFCFACE((#3960));
#3962= IFCPOLYLOOP((#3954,#3955,#3956,#3957));
#3963= IFCFACEOUTERBOUND(#3962,.T.);
#3964= IFCFACE((#3963));
#3965= IFCPOLYLOOP((#3950,#3951,#3955,#3954));
#3966= IFCFACEOUTERBOUND(#3965,.T.);
#3967= IFCFACE((#3966));
#3968= IFCPOLYLOOP((#3951,#3952,#3956,#3955));
#3969= IFCFACEOUTERBOUND(#3968,.T.);
#3970= IFCFACE((#3969));
#3971= IFCPOLYLOOP((#3952,#3953,#3957,#3956));
#3972= IFCFACEOUTERBOUND(#3971,.T.);
#3973= IFCFACE((#3972));
#3974= IFCPOLYLOOP((#3953,#3950,#3954,#3957));
#3975= IFCFACEOUTERBOUND(#3974,.T.);
#3976= IFCFACE((#3975));
#3977= IFCFACETEDBREP(#3958);
#3978= IFCWALL('1DHceWQuL2PwoQ9tIl$o9U',#2,$,$,$,$,$,$);
#3979= IFCBEAM('359ssHkZT8cvi8qWg1Xmk$',#2,$,$,$,$,#3980,$);
#3980= IFCPRODUCTDEFINITIONSHAPE($,$,(#3981));
#3981= IFCSHAPEREPRESENTATION(#11,'Body','Brep',(#4009));
#3982= IFCCARTESIANPOINT((-874.5,4320.5,3452.4));
#3983= IFCCARTESIANPOINT((-2000.,4320.5,3452.4));
#3984= IFCCARTESIANPOINT((-2000.,4320.5,3632.4));
#3985= IFCCARTESIANPOINT((-874.5,4320.5,3632.4));
#3986= IFCCARTESIANPOINT((-874.5,4379.5,3452.4));
#3987= IFCCARTESIANPOINT((-2000.,4379.5,3452.4));
#3988= IFCCARTESIANPOINT((-2000.,4379.5,3632.4));
#3989= IFCCARTESIANPOINT((-874.5,4379.5,3632.4));
#3990= IFCCLOSEDSHELL((#3993,#3996,#3999,#4002,#4005,#4008));
#3991= IFCPOLYLOOP((#3982,#3983,#3984,#3985));
#3992= IFCFACEOUTERBOUND(#3991,.T.);
#3993= IFCFACE((#3992));
#3994= IFCPOLYLOOP((#3986,#3987,#3988,#3989));
#3995= IFCFACEOUTERBOUND(#3994,.T.);
#3996= IFCFACE((#3995));
#3997= IFCPOLYLOOP((#3982,#3983,#3987,#3986));
#3998= IFCFACEOUTERBOUND(#3997,.T.);
#3999= IFCFACE((#3998));
#4000= IFCPOLYLOOP((#3983,#3984,#3988,#3987));
#4001= IFCFACEOUTERBOUND(#4000,.T.);
#4002= IFCFACE((#4001));
#4003= IFCPOLYLOOP((#3984,#3985,#3989,#3988));
#4004= IFCFACEOUTERBOUND(#4003,.T.);
#4005= IFCFACE((#4004));
#4006= IFCPOLYLOOP((#3985,#3982,#3986,#3989));
#4007= IFCFACEOUTERBOUND(#4006,.T.);
#4008= IFCFACE((#4007));
#4009= IFCFACETEDBREP(#3990);
#4010= IFCWALL('15F995STf9NBAoBSDTiH33',#2,$,$,$,$,$,$);
#4011= IFCBEAM('1Au$nHEZz3oQsQrA$tJS7E',#2,$,$,$,$,#4012,$);
#4012= IFCPRODUCTDEFINITIONSHAPE($,$,(#4013));
#4013= IFCSHAPEREPRESENTATION(#11,'Body','Brep',(#4041));
#4014= IFCCARTESIANPOINT((-874.5,5345.5,3735.));
#4015= IFCCARTESIANPOINT((-2000.,5345.5,3735.));
#4016= IFCCARTESIANPOINT((-2000.,5345.5,3915.));
#4017= IFCCARTESIANPOINT((-874.5,5345.5,3915.));
#4018= IFCCARTESIANPOINT((-874.5,5404.5,3735.));
#4019= IFCCARTESIANPOINT((-2000.,5404.5,3735.));
#4020= IFCCARTESIANPOINT((-2000.,5404.5,3915.));
#4021= IFCCARTESIANPOINT((-874.5,5404.5,3915.));
#4022= IFCCLOSEDSHELL((#4025,#4028,#4031,#4034,#4037,#4040));
#4023= IFCPOLYLOOP((#4014,#4015,#4016,#4017));
#4024= IFCFACEOUTERBOUND(#4023,.T.);
#4025= IFCFACE((#4024));
#4026= IFCPOLYLOOP((#4018,#4019,#4020,#4021));
#4027= IFCFACEOUTERBOUND(#4026,.T.);
#4028= IFCFACE((#4027));
#4029= IFCPOLYLOOP((#4014,#4015,#4019,#4018));
#4030= IFCFACEOUTERBOUND(#4029,.T.);
#4031= IFCFACE((#4030));
#4032= IFCPOLYLOOP((#4015,#4016,#4020,#4019));
#4033= IFCFACEOUTERBOUND(#4032,.T.);
#4034= IFCFACE((#4033));
#4035= IFCPOLYLOOP((#4016,#4017,#4021,#4020));
#4036= IFCFACEOUTERBOUND(#4035,.T.);
#4037= IFCFACE((#4036));
#4038= IFCPOLYLOOP((#4017,#4014,#4018,#4021));
#4039= IFCFACEOUTERBOUND(#4038,.T.);
#4040= IFCFACE((#4039));
#4041= IFCFACETEDBREP(#4022);
#4042= IFCWALL('0uX_7b7rPFpf4rfRVAAUQm',#2,$,$,$,$,$,$);
#4043= IFCBEAM('21e6MrZST9GxNzFuKzEld8',#2,$,$,$,$,#4044,$);
#4044= IFCPRODUCTDEFINITIONSHAPE($,$,(#4045));
#4045= IFCSHAPEREPRESENTATION(#11,'Body','Brep',(#4073));
#4046= IFCCARTESIANPOINT((-874.5,6315.5,3467.5));
#4047= IFCCARTESIANPOINT((-2000.,6315.5,3467.5));
#4048= IFCCARTESIANPOINT((-2000.,6315.5,3647.5));
#4049= IFCCARTESIANPOINT((-874.5,6315.5,3647.5));
#4050= IFCCARTESIANPOINT((-874.5,6374.5,3467.5));
#4051= IFCCARTESIANPOINT((-2000.,6374.5,3467.5));
#4052= IFCCARTESIANPOINT((-2000.,6374.5,3647.5));
#4053= IFCCARTESIANPOINT((-874.5,6374.5,3647.5));
#4054= IFCCLOSEDSHELL((#4057,#4060,#4063,#4066,#4069,#4072));
#4055= IFCPOLYLOOP((#4046,#4047,#4048,#4049));
#4056= IFCFACEOUTERBOUND(#4055,.T.);
#4057= IFCFACE((#4056));
#4058= IFCPOLYLOOP((#4050,#4051,#4052,#4053));
#4059= IFCFACEOUTERBOUND(#4058,.T.);
#4060= IFCFACE((#4059));
#4061= IFCPOLYLOOP((#4046,#4047,#4051,#4050));
#4062= IFCFACEOUTERBOUND(#4061,.T.);
#4063= IFCFACE((#4062));
#4064= IFCPOLYLOOP((#4047,#4048,#4052,#4051));
#4065= IFCFACEOUTERBOUND(#4064,.T.);
#4066= IFCFACE((#4065));
#4067= IFCPOLYLOOP((#4048,#4049,#4053,#4052));
#4068= IFCFACEOUTERBOUND(#4067,.T.);
#4069= IFCFACE((#4068));
#4070= IFCPOLYLOOP((#4049,#4046,#4050,#4053));
#4071= IFCFACEOUTERBOUND(#4070,.T.);
#4072= IFCFACE((#4071));
#4073= IFCFACETEDBREP(#4054);
#4074= IFCWALL('1owKRbc458SAad7foJtdat',#2,$,$,$,$,$,$);
#4075= IFCBEAM('0x9HdfHW96nuRM1Me7y_3p',#2,$,$,$,$,#4076,$);
#4076= IFCPRODUCTDEFINITIONSHAPE($,$,(#4077));
#4077= IFCSHAPEREPRESENTATION(#11,'Body','Brep',(#4105));
#4078= IFCCARTESIANPOINT((-874.5,7285.5,3200.1));
#4079= IFCCARTESIANPOINT((-2000.,7285.5,3200.1));
#4080= IFCCARTESIANPOINT((-2000.,7285.5,3380.1));
#4081= IFCCARTESIANPOINT((-874.5,7285.5,3380.1));
#4082= IFCCARTESIANPOINT((-874.5,7344.5,3200.1));
#4083= IFCCARTESIANPOINT((-2000.,7344.5,3200.1));
#4084= IFCCARTESIANPOINT((-2000.,7344.5,3380.1));
#4085= IFCCARTESIANPOINT((-874.5,7344.5,3380.1));
#4086= IFCCLOSEDSHELL((#4089,#4092,#4095,#4098,#4101,#4104));
#4087= IFCPOLYLOOP((#4078,#4079,#4080,#4081));
#4088= IFCFACEOUTERBOUND(#4087,.T.);
#4089= IFCFACE((#4088));
#4090= IFCPOLYLOOP((#4082,#4083,#4084,#4085));
#4091= IFCFACEOUTERBOUND(#4090,.T.);
#4092= IFCFACE((#4091));
#4093= IFCPOLYLOOP((#4078,#4079,#4083,#4082));
#4094= IFCFACEOUTERBOUND(#4093,.T.);
#4095= IFCFACE((#4094));
#4096= IFCPOLYLOOP((#4079,#4080,#4084,#4083));
#4097= IFCFACEOUTERBOUND(#4096,.T.);
#4098= IFCFACE((#4097));
#4099= IFCPOLYLOOP((#4080,#4081,#4085,#4084));
#4100= IFCFACEOUTERBOUND(#4099,.T.);
#4101= IFCFACE((#4100));
#4102= IFCPOLYLOOP((#4081,#4078,#4082,#4085));
#4103= IFCFACEOUTERBOUND(#4102,.T.);
#4104= IFCFACE((#4103));
#4105= IFCFACETEDBREP(#4086);
#4106= IFCWALL('3eCrVIfjz6_QSxBY6uzIRC',#2,$,$,$,$,$,$);
#4107= IFCBEAM('2E1Ys5zj59pfgzeFyqNPnV',#2,$,$,$,$,#4108,$);
#4108= IFCPRODUCTDEFINITIONSHAPE($,$,(#4109));
#4109= IFCSHAPEREPRESENTATION(#11,'Body','Brep',(#4137));
#4110= IFCCARTESIANPOINT((-874.5,8255.5,2932.6));
#4111= IFCCARTESIANPOINT((-2000.,8255.5,2932.6));
#4112= IFCCARTESIANPOINT((-2000.,8255.5,3112.6));
#4113= IFCCARTESIANPOINT((-874.5,8255.5,3112.6));
#4114= IFCCARTESIANPOINT((-874.5,8314.5,2932.6));
#4115= IFCCARTESIANPOINT((-2000.,8314.5,2932.6));
#4116= IFCCARTESIANPOINT((-2000.,8314.5,3112.6));
#4117= IFCCARTESIANPOINT((-874.5,8314.5,3112.6));
#4118= IFCCLOSEDSHELL((#4121,#4124,#4127,#4130,#4133,#4136));
#4119= IFCPOLYLOOP((#4110,#4111,#4112,#4113));
#4120= IFCFACEOUTERBOUND(#4119,.T.);
#4121= IFCFACE((#4120));
#4122= IFCPOLYLOOP((#4114,#4115,#4116,#4117));
#4123= IFCFACEOUTERBOUND(#4122,.T.);
#4124= IFCFACE((#4123));
#4125= IFCPOLYLOOP((#4110,#4111,#4115,#4114));
#4126= IFCFACEOUTERBOUND(#4125,.T.);
#4127= IFCFACE((#4126));
#4128= IFCPOLYLOOP((#4111,#4112,#4116,#4115));
#4129= IFCFACEOUTERBOUND(#4128,.T.);
#4130= IFCFACE((#4129));
#4131= IFCPOLYLOOP((#4112,#4113,#4117,#4116));
#4132= IFCFACEOUTERBOUND(#4131,.T.);
#4133= IFCFACE((#4132));
#4134= IFCPOLYLOOP((#4113,#4110,#4114,#4117));
#4135= IFCFACEOUTERBOUND(#4134,.T.);
#4136= IFCFACE((#4135));
#4137= IFCFACETEDBREP(#4118);
#4138= IFCWALL('0Ot1jW$ML5fv2Nkzh16_YK',#2,$,$,$,$,$,$);
#4139= IFCBEAM('0T2LQ6zA5DKhe1VJ_1FbVF',#2,$,$,$,$,#4140,$);
#4140= IFCPRODUCTDEFINITIONSHAPE($,$,(#4141));
#4141= IFCSHAPEREPRESENTATION(#11,'Body','Brep',(#4169));
#4142= IFCCARTESIANPOINT((-874.5,9225.5,2665.1));
#4143= IFCCARTESIANPOINT((-2000.,9225.5,2665.1));
#4144= IFCCARTESIANPOINT((-2000.,9225.5,2845.1));
#4145= IFCCARTESIANPOINT((-874.5,9225.5,2845.1));
#4146= IFCCARTESIANPOINT((-874.5,9284.5,2665.1));
#4147= IFCCARTESIANPOINT((-2000.,9284.5,2665.1));
#4148= IFCCARTESIANPOINT((-2000.,9284.5,2845.1));
#4149= IFCCARTESIANPOINT((-874.5,9284.5,2845.1));
#4150= IFCCLOSEDSHELL((#4153,#4156,#4159,#4162,#4165,#4168));
#4151= IFCPOLYLOOP((#4142,#4143,#4144,#4145));
#4152= IFCFACEOUTERBOUND(#4151,.T.);
#4153= IFCFACE((#4152));
#4154= IFCPOLYLOOP((#4146,#4147,#4148,#4149));
#4155= IFCFACEOUTERBOUND(#4154,.T.);
#4156= IFCFACE((#4155));
#4157= IFCPOLYLOOP((#4142,#4143,#4147,#4146));
#4158= IFCFACEOUTERBOUND(#4157,.T.);
#4159= IFCFACE((#4158));
#4160= IFCPOLYLOOP((#4143,#4144,#4148,#4147));
#4161= IFCFACEOUTERBOUND(#4160,.T.);
#4162= IFCFACE((#4161));
#4163= IFCPOLYLOOP((#4144,#4145,#4149,#4148));
#4164= IFCFACEOUTERBOUND(#4163,.T.);
#4165= IFCFACE((#4164));
#4166= IFCPOLYLOOP((#4145,#4142,#4146,#4149));
#4167= IFCFACEOUTERBOUND(#4166,.T.);
#4168= IFCFACE((#4167));
#4169= IFCFACETEDBREP(#4150);
#4170= IFCWALL('23C0KuM$TFtuk_87YJ$2Yr',#2,$,$,$,$,$,$);
#4171= IFCBEAM('2IcparfD94NP2oXXQZhQ86',#2,$,$,$,$,#4172,$);
#4172= IFCPRODUCTDEFINITIONSHAPE($,$,(#4173));
#4173= IFCSHAPEREPRESENTATION(#11,'Body','Brep',(#4201));
#4174= IFCCARTESIANPOINT((-874.5,10195.5,2397.6));
#4175= IFCCARTESIANPOINT((-2000.,10195.5,2397.6));
#4176= IFCCARTESIANPOINT((-2000.,10195.5,2577.6));
#4177= IFCCARTESIANPOINT((-874.5,10195.5,2577.6));
#4178= IFCCARTESIANPOINT((-874.5,10254.5,2397.6));
#4179= IFCCARTESIANPOINT((-2000.,10254.5,2397.6));
#4180= IFCCARTESIANPOINT((-2000.,10254.5,2577.6));
#4181= IFCCARTESIANPOINT((-874.5,10254.5,2577.6));
#4182= IFCCLOSEDSHELL((#4185,#4188,#4191,#4194,#4197,#4200));
#4183= IFCPOLYLOOP((#4174,#4175,#4176,#4177));
#4184= IFCFACEOUTERBOUND(#4183,.T.);
#4185= IFCFACE((#4184));
#4186= IFCPOLYLOOP((#4178,#4179,#4180,#4181));
#4187= IFCFACEOUTERBOUND(#4186,.T.);
#4188= IFCFACE((#4187));
#4189= IFCPOLYLOOP((#4174,#4175,#4179,#4178));
#4190= IFCFACEOUTERBOUND(#4189,.T.);
#4191= IFCFACE((#4190));
#4192= IFCPOLYLOOP((#4175,#4176,#4180,#4179));
#4193= IFCFACEOUTERBOUND(#4192,.T.);
#4194= IFCFACE((#4193));
#4195= IFCPOLYLOOP((#4176,#4177,#4181,#4180));
#4196= IFCFACEOUTERBOUND(#4195,.T.);
#4197= IFCFACE((#4196));
#4198= IFCPOLYLOOP((#4177,#4174,#4178,#4181));
#4199= IFCFACEOUTERBOUND(#4198,.T.);
#4200= IFCFACE((#4199));
#4201= IFCFACETEDBREP(#4182);
#4202= IFCWALL('3EHkvksZn2Durlm2Qk$nbC',#2,$,$,$,$,$,$);
#4203= IFCBEAM('1YcIK1d3P4hB2GhJdH5ufb',#2,$,$,$,$,#4204,$);
#4204= IFCPRODUCTDEFINITIONSHAPE($,$,(#4205));
#4205= IFCSHAPEREPRESENTATION(#11,'Body','Brep',(#4233));
#4206= IFCCARTESIANPOINT((-2000.,3350.5,3184.9));
#4207= IFCCARTESIANPOINT((-4070.,3350.5,3184.9));
#4208= IFCCARTESIANPOINT((-4070.,3350.5,3364.9));
#4209= IFCCARTESIANPOINT((-2000.,3350.5,3364.9));
#4210= IFCCARTESIANPOINT((-2000.,3409.5,3184.9));
#4211= IFCCARTESIANPOINT((-4070.,3409.5,3184.9));
#4212= IFCCARTESIANPOINT((-4070.,3409.5,3364.9));
#4213= IFCCARTESIANPOINT((-2000.,3409.5,3364.9));
#4214= IFCCLOSEDSHELL((#4217,#4220,#4223,#4226,#4229,#4232));
#4215= IFCPOLYLOOP((#4206,#4207,#4208,#4209));
#4216= IFCFACEOUTERBOUND(#4215,.T.);
#4217= IFCFACE((#4216));
#4218= IFCPOLYLOOP((#4210,#4211,#4212,#4213));
#4219= IFCFACEOUTERBOUND(#4218,.T.);
#4220= IFCFACE((#4219));
#4221= IFCPOLYLOOP((#4206,#4207,#4211,#4210));
#4222= IFCFACEOUTERBOUND(#4221,.T.);
#4223= IFCFACE((#4222));
#4224= IFCPOLYLOOP((#4207,#4208,#4212,#4211));
#4225= IFCFACEOUTERBOUND(#4224,.T.);
#4226= IFCFACE((#4225));
#4227= IFCPOLYLOOP((#4208,#4209,#4213,#4212));
#4228= IFCFACEOUTERBOUND(#4227,.T.);
#4229= IFCFACE((#4228));
#4230= IFCPOLYLOOP((#4209,#4206,#4210,#4213));
#4231= IFCFACEOUTERBOUND(#4230,.T.);
#4232= IFCFACE((#4231));
#4233= IFCFACETEDBREP(#4214);
#4234= IFCWALL('1ZW68wbhbA$g_XKCB$Z5g1',#2,$,$,$,$,$,$);
#4235= IFCBEAM('2b83R4KYPAi8BJXeIZlkFY',#2,$,$,$,$,#4236,$);
#4236= IFCPRODUCTDEFINITIONSHAPE($,$,(#4237));
#4237= IFCSHAPEREPRESENTATION(#11,'Body','Brep',(#4265));
#4238= IFCCARTESIANPOINT((-2000.,4320.5,3452.4));
#4239= IFCCARTESIANPOINT((-4070.,4320.5,3452.4));
#4240= IFCCARTESIANPOINT((-4070.,4320.5,3632.4));
#4241= IFCCARTESIANPOINT((-2000.,4320.5,3632.4));
#4242= IFCCARTESIANPOINT((-2000.,4379.5,3452.4));
#4243= IFCCARTESIANPOINT((-4070.,4379.5,3452.4));
#4244= IFCCARTESIANPOINT((-4070.,4379.5,3632.4));
#4245= IFCCARTESIANPOINT((-2000.,4379.5,3632.4));
#4246= IFCCLOSEDSHELL((#4249,#4252,#4255,#4258,#4261,#4264));
#4247= IFCPOLYLOOP((#4238,#4239,#4240,#4241));
#4248= IFCFACEOUTERBOUND(#4247,.T.);
#4249= IFCFACE((#4248));
#4250= IFCPOLYLOOP((#4242,#4243,#4244,#4245));
#4251= IFCFACEOUTERBOUND(#4250,.T.);
#4252= IFCFACE((#4251));
#4253= IFCPOLYLOOP((#4238,#4239,#4243,#4242));
#4254= IFCFACEOUTERBOUND(#4253,.T.);
#4255= IFCFACE((#4254));
#4256= IFCPOLYLOOP((#4239,#4240,#4244,#4243));
#4257= IFCFACEOUTERBOUND(#4256,.T.);
#4258= IFCFACE((#4257));
#4259= IFCPOLYLOOP((#4240,#4241,#4245,#4244));
#4260= IFCFACEOUTERBOUND(#4259,.T.);
#4261= IFCFACE((#4260));
#4262= IFCPOLYLOOP((#4241,#4238,#4242,#4245));
#4263= IFCFACEOUTERBOUND(#4262,.T.);
#4264= IFCFACE((#4263));
#4265= IFCFACETEDBREP(#4246);
#4266= IFCWALL('2qqkRD2mP9Y8IZ_uQEVH_n',#2,$,$,$,$,$,$);
#4267= IFCBEAM('325TRA$j90nB_sVeqjDb9F',#2,$,$,$,$,#4268,$);
#4268= IFCPRODUCTDEFINITIONSHAPE($,$,(#4269));
#4269= IFCSHAPEREPRESENTATION(#11,'Body','Brep',(#4297));
#4270= IFCCARTESIANPOINT((-2000.,5345.5,3735.));
#4271= IFCCARTESIANPOINT((-4070.,5345.5,3735.));
#4272= IFCCARTESIANPOINT((-4070.,5345.5,3915.));
#4273= IFCCARTESIANPOINT((-2000.,5345.5,3915.));
#4274= IFCCARTESIANPOINT((-2000.,5404.5,3735.));
#4275= IFCCARTESIANPOINT((-4070.,5404.5,3735.));
#4276= IFCCARTESIANPOINT((-4070.,5404.5,3915.));
#4277= IFCCARTESIANPOINT((-2000.,5404.5,3915.));
#4278= IFCCLOSEDSHELL((#4281,#4284,#4287,#4290,#4293,#4296));
#4279= IFCPOLYLOOP((#4270,#4271,#4272,#4273));
#4280= IFCFACEOUTERBOUND(#4279,.T.);
#4281= IFCFACE((#4280));
#4282= IFCPOLYLOOP((#4274,#4275,#4276,#4277));
#4283= IFCFACEOUTERBOUND(#4282,.T.);
#4284= IFCFACE((#4283));
#4285= IFCPOLYLOOP((#4270,#4271,#4275,#4274));
#4286= IFCFACEOUTERBOUND(#4285,.T.);
#4287= IFCFACE((#4286));
#4288= IFCPOLYLOOP((#4271,#4272,#4276,#4275));
#4289= IFCFACEOUTERBOUND(#4288,.T.);
#4290= IFCFACE((#4289));
#4291= IFCPOLYLOOP((#4272,#4273,#4277,#4276));
#4292= IFCFACEOUTERBOUND(#4291,.T.);
#4293= IFCFACE((#4292));
#4294= IFCPOLYLOOP((#4273,#4270,#4274,#4277));
#4295= IFCFACEOUTERBOUND(#4294,.T.);
#4296= IFCFACE((#4295));
#4297= IFCFACETEDBREP(#4278);
#4298= IFCWALL('1czM20T61E4vhaMTpPI$D8',#2,$,$,$,$,$,$);
#4299= IFCBEAM('0martl7dj6VxzX_Iter10G',#2,$,$,$,$,#4300,$);
#4300= IFCPRODUCTDEFINITIONSHAPE($,$,(#4301));
#4301= IFCSHAPEREPRESENTATION(#11,'Body','Brep',(#4329));
#4302= IFCCARTESIANPOINT((-2000.,6315.5,3467.5));
#4303= IFCCARTESIANPOINT((-4070.,6315.5,3467.5));
#4304= IFCCARTESIANPOINT((-4070.,6315.5,3647.5));
#4305= IFCCARTESIANPOINT((-2000.,6315.5,3647.5));
#4306= IFCCARTESIANPOINT((-2000.,6374.5,3467.5));
#4307= IFCCARTESIANPOINT((-4070.,6374.5,3467.5));
#4308= IFCCARTESIANPOINT((-4070.,6374.5,3647.5));
#4309= IFCCARTESIANPOINT((-2000.,6374.5,3647.5));
#4310= IFCCLOSEDSHELL((#4313,#4316,#4319,#4322,#4325,#4328));
#4311= IFCPOLYLOOP((#4302,#4303,#4304,#4305));
#4312= IFCFACEOUTERBOUND(#4311,.T.);
#4313= IFCFACE((#4312));
#4314= IFCPOLYLOOP((#4306,#4307,#4308,#4309));
#4315= IFCFACEOUTERBOUND(#4314,.T.);
#4316= IFCFACE((#4315));
#4317= IFCPOLYLOOP((#4302,#4303,#4307,#4306));
#4318= IFCFACEOUTERBOUND(#4317,.T.);
#4319= IFCFACE((#4318));
#4320= IFCPOLYLOOP((#4303,#4304,#4308,#4307));
#4321= IFCFACEOUTERBOUND(#4320,.T.);
#4322= IFCFACE((#4321));
#4323= IFCPOLYLOOP((#4304,#4305,#4309,#4308));
#4324= IFCFACEOUTERBOUND(#4323,.T.);
#4325= IFCFACE((#4324));
#4326= IFCPOLYLOOP((#4305,#4302,#4306,#4309));
#4327= IFCFACEOUTERBOUND(#4326,.T.);
#4328= IFCFACE((#4327));
#4329= IFCFACETEDBREP(#4310);
#4330= IFCWALL('03uJgLACrAgRJCwDvXjbfq',#2,$,$,$,$,$,$);
#4331= IFCBEAM('3_eQA0K6z4zv5Oex19ZDbt',#2,$,$,$,$,#4332,$);
#4332= IFCPRODUCTDEFINITIONSHAPE($,$,(#4333));
#4333= IFCSHAPEREPRESENTATION(#11,'Body','Brep',(#4361));
#4334= IFCCARTESIANPOINT((-2000.,7285.5,3200.1));
#4335= IFCCARTESIANPOINT((-4070.,7285.5,3200.1));
#4336= IFCCARTESIANPOINT((-4070.,7285.5,3380.1));
#4337= IFCCARTESIANPOINT((-2000.,7285.5,3380.1));
#4338= IFCCARTESIANPOINT((-2000.,7344.5,3200.1));
#4339= IFCCARTESIANPOINT((-4070.,7344.5,3200.1));
#4340= IFCCARTESIANPOINT((-4070.,7344.5,3380.1));
#4341= IFCCARTESIANPOINT((-2000.,7344.5,3380.1));
#4342= IFCCLOSEDSHELL((#4345,#4348,#4351,#4354,#4357,#4360));
#4343= IFCPOLYLOOP((#4334,#4335,#4336,#4337));
#4344= IFCFACEOUTERBOUND(#4343,.T.);
#4345= IFCFACE((#4344));
#4346= IFCPOLYLOOP((#4338,#4339,#4340,#4341));
#4347= IFCFACEOUTERBOUND(#4346,.T.);
#4348= IFCFACE((#4347));
#4349= IFCPOLYLOOP((#4334,#4335,#4339,#4338));
#4350= IFCFACEOUTERBOUND(#4349,.T.);
#4351= IFCFACE((#4350));
#4352= IFCPOLYLOOP((#4335,#4336,#4340,#4339));
#4353= IFCFACEOUTERBOUND(#4352,.T.);
#4354= IFCFACE((#4353));
#4355= IFCPOLYLOOP((#4336,#4337,#4341,#4340));
#4356= IFCFACEOUTERBOUND(#4355,.T.);
#4357= IFCFACE((#4356));
#4358= IFCPOLYLOOP((#4337,#4334,#4338,#4341));
#4359= IFCFACEOUTERBOUND(#4358,.T.);
#4360= IFCFACE((#4359));
#4361= IFCFACETEDBREP(#4342);
#4362= IFCWALL('3P8fb6A4vCFxBR89XyGQ2H',#2,$,$,$,$,$,$);
#4363= IFCBEAM('1xJPrKM6z1JAO_RLs3XoYK',#2,$,$,$,$,#4364,$);
#4364= IFCPRODUCTDEFINITIONSHAPE($,$,(#4365));
#4365= IFCSHAPEREPRESENTATION(#11,'Body','Brep',(#4393));
#4366= IFCCARTESIANPOINT((-5680.,440.5,2382.5));
#4367= IFCCARTESIANPOINT((-7840.,440.5,2382.5));
#4368= IFCCARTESIANPOINT((-7840.,440.5,2562.5));
#4369= IFCCARTESIANPOINT((-5680.,440.5,2562.5));
#4370= IFCCARTESIANPOINT((-5680.,499.5,2382.5));
#4371= IFCCARTESIANPOINT((-7840.,499.5,2382.5));
#4372= IFCCARTESIANPOINT((-7840.,499.5,2562.5));
#4373= IFCCARTESIANPOINT((-5680.,499.5,2562.5));
#4374= IFCCLOSEDSHELL((#4377,#4380,#4383,#4386,#4389,#4392));
#4375= IFCPOLYLOOP((#4366,#4367,#4368,#4369));
#4376= IFCFACEOUTERBOUND(#4375,.T.);
#4377= IFCFACE((#4376));
#4378= IFCPOLYLOOP((#4370,#4371,#4372,#4373));
#4379= IFCFACEOUTERBOUND(#4378,.T.);
#4380= IFCFACE((#4379));
#4381= IFCPOLYLOOP((#4366,#4367,#4371,#4370));
#4382= IFCFACEOUTERBOUND(#4381,.T.);
#4383= IFCFACE((#4382));
#4384= IFCPOLYLOOP((#4367,#4368,#4372,#4371));
#4385= IFCFACEOUTERBOUND(#4384,.T.);
#4386= IFCFACE((#4385));
#4387= IFCPOLYLOOP((#4368,#4369,#4373,#4372));
#4388= IFCFACEOUTERBOUND(#4387,.T.);
#4389= IFCFACE((#4388));
#4390= IFCPOLYLOOP((#4369,#4366,#4370,#4373));
#4391= IFCFACEOUTERBOUND(#4390,.T.);
#4392= IFCFACE((#4391));
#4393= IFCFACETEDBREP(#4374);
#4394= IFCWALL('1z0SfE6gLAk8jSrS5SNn6n',#2,$,$,$,$,$,$);
#4395= IFCBEAM('1vyJW8WG1CYPlXQm3qRZc_',#2,$,$,$,$,#4396,$);
#4396= IFCPRODUCTDEFINITIONSHAPE($,$,(#4397));
#4397= IFCSHAPEREPRESENTATION(#11,'Body','Brep',(#4425));
#4398= IFCCARTESIANPOINT((-5680.,1410.5,2649.9));
#4399= IFCCARTESIANPOINT((-7840.,1410.5,2649.9));
#4400= IFCCARTESIANPOINT((-7840.,1410.5,2829.9));
#4401= IFCCARTESIANPOINT((-5680.,1410.5,2829.9));
#4402= IFCCARTESIANPOINT((-5680.,1469.5,2649.9));
#4403= IFCCARTESIANPOINT((-7840.,1469.5,2649.9));
#4404= IFCCARTESIANPOINT((-7840.,1469.5,2829.9));
#4405= IFCCARTESIANPOINT((-5680.,1469.5,2829.9));
#4406= IFCCLOSEDSHELL((#4409,#4412,#4415,#4418,#4421,#4424));
#4407= IFCPOLYLOOP((#4398,#4399,#4400,#4401));
#4408= IFCFACEOUTERBOUND(#4407,.T.);
#4409= IFCFACE((#4408));
#4410= IFCPOLYLOOP((#4402,#4403,#4404,#4405));
#4411= IFCFACEOUTERBOUND(#4410,.T.);
#4412= IFCFACE((#4411));
#4413= IFCPOLYLOOP((#4398,#4399,#4403,#4402));
#4414= IFCFACEOUTERBOUND(#4413,.T.);
#4415= IFCFACE((#4414));
#4416= IFCPOLYLOOP((#4399,#4400,#4404,#4403));
#4417= IFCFACEOUTERBOUND(#4416,.T.);
#4418= IFCFACE((#4417));
#4419= IFCPOLYLOOP((#4400,#4401,#4405,#4404));
#4420= IFCFACEOUTERBOUND(#4419,.T.);
#4421= IFCFACE((#4420));
#4422= IFCPOLYLOOP((#4401,#4398,#4402,#4405));
#4423= IFCFACEOUTERBOUND(#4422,.T.);
#4424= IFCFACE((#4423));
#4425= IFCFACETEDBREP(#4406);
#4426= IFCWALL('00Fqm9wuf1beh3amk3VOto',#2,$,$,$,$,$,$);
#4427= IFCBEAM('1ELa_GaXL8t9FsSOowxx8A',#2,$,$,$,$,#4428,$);
#4428= IFCPRODUCTDEFINITIONSHAPE($,$,(#4429));
#4429= IFCSHAPEREPRESENTATION(#11,'Body','Brep',(#4457));
#4430= IFCCARTESIANPOINT((-5680.,2380.5,2917.4));
#4431= IFCCARTESIANPOINT((-7840.,2380.5,2917.4));
#4432= IFCCARTESIANPOINT((-7840.,2380.5,3097.4));
#4433= IFCCARTESIANPOINT((-5680.,2380.5,3097.4));
#4434= IFCCARTESIANPOINT((-5680.,2439.5,2917.4));
#4435= IFCCARTESIANPOINT((-7840.,2439.5,2917.4));
#4436= IFCCARTESIANPOINT((-7840.,2439.5,3097.4));
#4437= IFCCARTESIANPOINT((-5680.,2439.5,3097.4));
#4438= IFCCLOSEDSHELL((#4441,#4444,#4447,#4450,#4453,#4456));
#4439= IFCPOLYLOOP((#4430,#4431,#4432,#4433));
#4440= IFCFACEOUTERBOUND(#4439,.T.);
#4441= IFCFACE((#4440));
#4442= IFCPOLYLOOP((#4434,#4435,#4436,#4437));
#4443= IFCFACEOUTERBOUND(#4442,.T.);
#4444= IFCFACE((#4443));
#4445= IFCPOLYLOOP((#4430,#4431,#4435,#4434));
#4446= IFCFACEOUTERBOUND(#4445,.T.);
#4447= IFCFACE((#4446));
#4448= IFCPOLYLOOP((#4431,#4432,#4436,#4435));
#4449= IFCFACEOUTERBOUND(#4448,.T.);
#4450= IFCFACE((#4449));
#4451= IFCPOLYLOOP((#4432,#4433,#4437,#4436));
#4452= IFCFACEOUTERBOUND(#4451,.T.);
#4453= IFCFACE((#4452));
#4454= IFCPOLYLOOP((#4433,#4430,#4434,#4437));
#4455= IFCFACEOUTERBOUND(#4454,.T.);
#4456= IFCFACE((#4455));
#4457= IFCFACETEDBREP(#4438);
#4458= IFCWALL('0kYR50arr6xBoUyTZ6ITD_',#2,$,$,$,$,$,$);
#4459= IFCBEAM('02S1Od2Cv7ZABIsCqHVLqN',#2,$,$,$,$,#4460,$);
#4460= IFCPRODUCTDEFINITIONSHAPE($,$,(#4461));
#4461= IFCSHAPEREPRESENTATION(#11,'Body','Brep',(#4489));
#4462= IFCCARTESIANPOINT((-4070.,3350.5,3184.9));
#4463= IFCCARTESIANPOINT((-5680.,3350.5,3184.9));
#4464= IFCCARTESIANPOINT((-5680.,3350.5,3364.9));
#4465= IFCCARTESIANPOINT((-4070.,3350.5,3364.9));
#4466= IFCCARTESIANPOINT((-4070.,3409.5,3184.9));
#4467= IFCCARTESIANPOINT((-5680.,3409.5,3184.9));
#4468= IFCCARTESIANPOINT((-5680.,3409.5,3364.9));
#4469= IFCCARTESIANPOINT((-4070.,3409.5,3364.9));
#4470= IFCCLOSEDSHELL((#4473,#4476,#4479,#4482,#4485,#4488));
#4471= IFCPOLYLOOP((#4462,#4463,#4464,#4465));
#4472= IFCFACEOUTERBOUND(#4471,.T.);
#4473= IFCFACE((#4472));
#4474= IFCPOLYLOOP((#4466,#4467,#4468,#4469));
#4475= IFCFACEOUTERBOUND(#4474,.T.);
#4476= IFCFACE((#4475));
#4477= IFCPOLYLOOP((#4462,#4463,#4467,#4466));
#4478= IFCFACEOUTERBOUND(#4477,.T.);
#4479= IFCFACE((#4478));
#4480= IFCPOLYLOOP((#4463,#4464,#4468,#4467));
#4481= IFCFACEOUTERBOUND(#4480,.T.);
#4482= IFCFACE((#4481));
#4483= IFCPOLYLOOP((#4464,#4465,#4469,#4468));
#4484= IFCFACEOUTERBOUND(#4483,.T.);
#4485= IFCFACE((#4484));
#4486= IFCPOLYLOOP((#4465,#4462,#4466,#4469));
#4487= IFCFACEOUTERBOUND(#4486,.T.);
#4488= IFCFACE((#4487));
#4489= IFCFACETEDBREP(#4470);
#4490= IFCWALL('3Q3$zl6UDFgRbtRt2L9XKs',#2,$,$,$,$,$,$);
#4491= IFCBEAM('1BHd$qY5X2QOiSv2XRi4mk',#2,$,$,$,$,#4492,$);
#4492= IFCPRODUCTDEFINITIONSHAPE($,$,(#4493));
#4493= IFCSHAPEREPRESENTATION(#11,'Body','Brep',(#4521));
#4494= IFCCARTESIANPOINT((-4070.,4320.5,3452.4));
#4495= IFCCARTESIANPOINT((-5680.,4320.5,3452.4));
#4496= IFCCARTESIANPOINT((-5680.,4320.5,3632.4));
#4497= IFCCARTESIANPOINT((-4070.,4320.5,3632.4));
#4498= IFCCARTESIANPOINT((-4070.,4379.5,3452.4));
#4499= IFCCARTESIANPOINT((-5680.,4379.5,3452.4));
#4500= IFCCARTESIANPOINT((-5680.,4379.5,3632.4));
#4501= IFCCARTESIANPOINT((-4070.,4379.5,3632.4));
#4502= IFCCLOSEDSHELL((#4505,#4508,#4511,#4514,#4517,#4520));
#4503= IFCPOLYLOOP((#4494,#4495,#4496,#4497));
#4504= IFCFACEOUTERBOUND(#4503,.T.);
#4505= IFCFACE((#4504));
#4506= IFCPOLYLOOP((#4498,#4499,#4500,#4501));
#4507= IFCFACEOUTERBOUND(#4506,.T.);
#4508= IFCFACE((#4507));
#4509= IFCPOLYLOOP((#4494,#4495,#4499,#4498));
#4510= IFCFACEOUTERBOUND(#4509,.T.);
#4511= IFCFACE((#4510));
#4512= IFCPOLYLOOP((#4495,#4496,#4500,#4499));
#4513= IFCFACEOUTERBOUND(#4512,.T.);
#4514= IFCFACE((#4513));
#4515= IFCPOLYLOOP((#4496,#4497,#4501,#4500));
#4516= IFCFACEOUTERBOUND(#4515,.T.);
#4517= IFCFACE((#4516));
#4518= IFCPOLYLOOP((#4497,#4494,#4498,#4501));
#4519= IFCFACEOUTERBOUND(#4518,.T.);
#4520= IFCFACE((#4519));
#4521= IFCFACETEDBREP(#4502);
#4522= IFCWALL('2NGchaUnbBFAsaF1HgvP8q',#2,$,$,$,$,$,$);
#4523= IFCBEAM('0bjYt0GO594wKMaTccr36Y',#2,$,$,$,$,#4524,$);
#4524= IFCPRODUCTDEFINITIONSHAPE($,$,(#4525));
#4525= IFCSHAPEREPRESENTATION(#11,'Body','Brep',(#4553));
#4526= IFCCARTESIANPOINT((-4070.,5345.5,3735.));
#4527= IFCCARTESIANPOINT((-5680.,5345.5,3735.));
#4528= IFCCARTESIANPOINT((-5680.,5345.5,3915.));
#4529= IFCCARTESIANPOINT((-4070.,5345.5,3915.));
#4530= IFCCARTESIANPOINT((-4070.,5404.5,3735.));
#4531= IFCCARTESIANPOINT((-5680.,5404.5,3735.));
#4532= IFCCARTESIANPOINT((-5680.,5404.5,3915.));
#4533= IFCCARTESIANPOINT((-4070.,5404.5,3915.));
#4534= IFCCLOSEDSHELL((#4537,#4540,#4543,#4546,#4549,#4552));
#4535= IFCPOLYLOOP((#4526,#4527,#4528,#4529));
#4536= IFCFACEOUTERBOUND(#4535,.T.);
#4537= IFCFACE((#4536));
#4538= IFCPOLYLOOP((#4530,#4531,#4532,#4533));
#4539= IFCFACEOUTERBOUND(#4538,.T.);
#4540= IFCFACE((#4539));
#4541= IFCPOLYLOOP((#4526,#4527,#4531,#4530));
#4542= IFCFACEOUTERBOUND(#4541,.T.);
#4543= IFCFACE((#4542));
#4544= IFCPOLYLOOP((#4527,#4528,#4532,#4531));
#4545= IFCFACEOUTERBOUND(#4544,.T.);
#4546= IFCFACE((#4545));
#4547= IFCPOLYLOOP((#4528,#4529,#4533,#4532));
#4548= IFCFACEOUTERBOUND(#4547,.T.);
#4549= IFCFACE((#4548));
#4550= IFCPOLYLOOP((#4529,#4526,#4530,#4533));
#4551= IFCFACEOUTERBOUND(#4550,.T.);
#4552= IFCFACE((#4551));
#4553= IFCFACETEDBREP(#4534);
#4554= IFCWALL('3w_E2oqb581RLFlyVINo7r',#2,$,$,$,$,$,$);
#4555= IFCBEAM('2x3NOoP2b5SxkB9IU7Xw$i',#2,$,$,$,$,#4556,$);
#4556= IFCPRODUCTDEFINITIONSHAPE($,$,(#4557));
#4557= IFCSHAPEREPRESENTATION(#11,'Body','Brep',(#4585));
#4558= IFCCARTESIANPOINT((-4070.,6315.5,3467.5));
#4559= IFCCARTESIANPOINT((-5680.,6315.5,3467.5));
#4560= IFCCARTESIANPOINT((-5680.,6315.5,3647.5));
#4561= IFCCARTESIANPOINT((-4070.,6315.5,3647.5));
#4562= IFCCARTESIANPOINT((-4070.,6374.5,3467.5));
#4563= IFCCARTESIANPOINT((-5680.,6374.5,3467.5));
#4564= IFCCARTESIANPOINT((-5680.,6374.5,3647.5));
#4565= IFCCARTESIANPOINT((-4070.,6374.5,3647.5));
#4566= IFCCLOSEDSHELL((#4569,#4572,#4575,#4578,#4581,#4584));
#4567= IFCPOLYLOOP((#4558,#4559,#4560,#4561));
#4568= IFCFACEOUTERBOUND(#4567,.T.);
#4569= IFCFACE((#4568));
#4570= IFCPOLYLOOP((#4562,#4563,#4564,#4565));
#4571= IFCFACEOUTERBOUND(#4570,.T.);
#4572= IFCFACE((#4571));
#4573= IFCPOLYLOOP((#4558,#4559,#4563,#4562));
#4574= IFCFACEOUTERBOUND(#4573,.T.);
#4575= IFCFACE((#4574));
#4576= IFCPOLYLOOP((#4559,#4560,#4564,#4563));
#4577= IFCFACEOUTERBOUND(#4576,.T.);
#4578= IFCFACE((#4577));
#4579= IFCPOLYLOOP((#4560,#4561,#4565,#4564));
#4580= IFCFACEOUTERBOUND(#4579,.T.);
#4581= IFCFACE((#4580));
#4582= IFCPOLYLOOP((#4561,#4558,#4562,#4565));
#4583= IFCFACEOUTERBOUND(#4582,.T.);
#4584= IFCFACE((#4583));
#4585= IFCFACETEDBREP(#4566);
#4586= IFCWALL('118yanNIX2V9SesSlB7G9m',#2,$,$,$,$,$,$);
#4587= IFCBEAM('0gN$YUQef7POzPXIBLZE5y',#2,$,$,$,$,#4588,$);
#4588= IFCPRODUCTDEFINITIONSHAPE($,$,(#4589));
#4589= IFCSHAPEREPRESENTATION(#11,'Body','Brep',(#4617));
#4590= IFCCARTESIANPOINT((-4070.,7285.5,3200.1));
#4591= IFCCARTESIANPOINT((-5680.,7285.5,3200.1));
#4592= IFCCARTESIANPOINT((-5680.,7285.5,3380.1));
#4593= IFCCARTESIANPOINT((-4070.,7285.5,3380.1));
#4594= IFCCARTESIANPOINT((-4070.,7344.5,3200.1));
#4595= IFCCARTESIANPOINT((-5680.,7344.5,3200.1));
#4596= IFCCARTESIANPOINT((-5680.,7344.5,3380.1));
#4597= IFCCARTESIANPOINT((-4070.,7344.5,3380.1));
#4598= IFCCLOSEDSHELL((#4601,#4604,#4607,#4610,#4613,#4616));
#4599= IFCPOLYLOOP((#4590,#4591,#4592,#4593));
#4600= IFCFACEOUTERBOUND(#4599,.T.);
#4601= IFCFACE((#4600));
#4602= IFCPOLYLOOP((#4594,#4595,#4596,#4597));
#4603= IFCFACEOUTERBOUND(#4602,.T.);
#4604= IFCFACE((#4603));
#4605= IFCPOLYLOOP((#4590,#4591,#4595,#4594));
#4606= IFCFACEOUTERBOUND(#4605,.T.);
#4607= IFCFACE((#4606));
#4608= IFCPOLYLOOP((#4591,#4592,#4596,#4595));
#4609= IFCFACEOUTERBOUND(#4608,.T.);
#4610= IFCFACE((#4609));
#4611= IFCPOLYLOOP((#4592,#4593,#4597,#4596));
#4612= IFCFACEOUTERBOUND(#4611,.T.);
#4613= IFCFACE((#4612));
#4614= IFCPOLYLOOP((#4593,#4590,#4594,#4597));
#4615= IFCFACEOUTERBOUND(#4614,.T.);
#4616= IFCFACE((#4615));
#4617= IFCFACETEDBREP(#4598);
#4618= IFCWALL('0cjF1uRqn8uP6vNqTXeawY',#2,$,$,$,$,$,$);
#4619= IFCBEAM('2FLcHFvQH1MgUflQt9FM_w',#2,$,$,$,$,#4620,$);
#4620= IFCPRODUCTDEFINITIONSHAPE($,$,(#4621));
#4621= IFCSHAPEREPRESENTATION(#11,'Body','Brep',(#4649));
#4622= IFCCARTESIANPOINT((-5680.,3350.5,3184.9));
#4623= IFCCARTESIANPOINT((-7840.,3350.5,3184.9));
#4624= IFCCARTESIANPOINT((-7840.,3350.5,3364.9));
#4625= IFCCARTESIANPOINT((-5680.,3350.5,3364.9));
#4626= IFCCARTESIANPOINT((-5680.,3409.5,3184.9));
#4627= IFCCARTESIANPOINT((-7840.,3409.5,3184.9));
#4628= IFCCARTESIANPOINT((-7840.,3409.5,3364.9));
#4629= IFCCARTESIANPOINT((-5680.,3409.5,3364.9));
#4630= IFCCLOSEDSHELL((#4633,#4636,#4639,#4642,#4645,#4648));
#4631= IFCPOLYLOOP((#4622,#4623,#4624,#4625));
#4632= IFCFACEOUTERBOUND(#4631,.T.);
#4633= IFCFACE((#4632));
#4634= IFCPOLYLOOP((#4626,#4627,#4628,#4629));
#4635= IFCFACEOUTERBOUND(#4634,.T.);
#4636= IFCFACE((#4635));
#4637= IFCPOLYLOOP((#4622,#4623,#4627,#4626));
#4638= IFCFACEOUTERBOUND(#4637,.T.);
#4639= IFCFACE((#4638));
#4640= IFCPOLYLOOP((#4623,#4624,#4628,#4627));
#4641= IFCFACEOUTERBOUND(#4640,.T.);
#4642= IFCFACE((#4641));
#4643= IFCPOLYLOOP((#4624,#4625,#4629,#4628));
#4644= IFCFACEOUTERBOUND(#4643,.T.);
#4645= IFCFACE((#4644));
#4646= IFCPOLYLOOP((#4625,#4622,#4626,#4629));
#4647= IFCFACEOUTERBOUND(#4646,.T.);
#4648= IFCFACE((#4647));
#4649= IFCFACETEDBREP(#4630);
#4650= IFCWALL('1RiMMC8_X7jA71dN88IDR9',#2,$,$,$,$,$,$);
#4651= IFCBEAM('0Fvbj8ZNr3xPIbRggjrQe6',#2,$,$,$,$,#4652,$);
#4652= IFCPRODUCTDEFINITIONSHAPE($,$,(#4653));
#4653= IFCSHAPEREPRESENTATION(#11,'Body','Brep',(#4681));
#4654= IFCCARTESIANPOINT((-5680.,4320.5,3452.4));
#4655= IFCCARTESIANPOINT((-7840.,4320.5,3452.4));
#4656= IFCCARTESIANPOINT((-7840.,4320.5,3632.4));
#4657= IFCCARTESIANPOINT((-5680.,4320.5,3632.4));
#4658= IFCCARTESIANPOINT((-5680.,4379.5,3452.4));
#4659= IFCCARTESIANPOINT((-7840.,4379.5,3452.4));
#4660= IFCCARTESIANPOINT((-7840.,4379.5,3632.4));
#4661= IFCCARTESIANPOINT((-5680.,4379.5,3632.4));
#4662= IFCCLOSEDSHELL((#4665,#4668,#4671,#4674,#4677,#4680));
#4663= IFCPOLYLOOP((#4654,#4655,#4656,#4657));
#4664= IFCFACEOUTERBOUND(#4663,.T.);
#4665= IFCFACE((#4664));
#4666= IFCPOLYLOOP((#4658,#4659,#4660,#4661));
#4667= IFCFACEOUTERBOUND(#4666,.T.);
#4668= IFCFACE((#4667));
#4669= IFCPOLYLOOP((#4654,#4655,#4659,#4658));
#4670= IFCFACEOUTERBOUND(#4669,.T.);
#4671= IFCFACE((#4670));
#4672= IFCPOLYLOOP((#4655,#4656,#4660,#4659));
#4673= IFCFACEOUTERBOUND(#4672,.T.);
#4674= IFCFACE((#4673));
#4675= IFCPOLYLOOP((#4656,#4657,#4661,#4660));
#4676= IFCFACEOUTERBOUND(#4675,.T.);
#4677= IFCFACE((#4676));
#4678= IFCPOLYLOOP((#4657,#4654,#4658,#4661));
#4679= IFCFACEOUTERBOUND(#4678,.T.);
#4680= IFCFACE((#4679));
#4681= IFCFACETEDBREP(#4662);
#4682= IFCWALL('0SbQFaYWz5yhSPrK5UqUpr',#2,$,$,$,$,$,$);
#4683= IFCBEAM('2o230CR_T2QOYHyW9sacVD',#2,$,$,$,$,#4684,$);
#4684= IFCPRODUCTDEFINITIONSHAPE($,$,(#4685));
#4685= IFCSHAPEREPRESENTATION(#11,'Body','Brep',(#4713));
#4686= IFCCARTESIANPOINT((-5680.,5345.5,3735.));
#4687= IFCCARTESIANPOINT((-7840.,5345.5,3735.));
#4688= IFCCARTESIANPOINT((-7840.,5345.5,3915.));
#4689= IFCCARTESIANPOINT((-5680.,5345.5,3915.));
#4690= IFCCARTESIANPOINT((-5680.,5404.5,3735.));
#4691= IFCCARTESIANPOINT((-7840.,5404.5,3735.));
#4692= IFCCARTESIANPOINT((-7840.,5404.5,3915.));
#4693= IFCCARTESIANPOINT((-5680.,5404.5,3915.));
#4694= IFCCLOSEDSHELL((#4697,#4700,#4703,#4706,#4709,#4712));
#4695= IFCPOLYLOOP((#4686,#4687,#4688,#4689));
#4696= IFCFACEOUTERBOUND(#4695,.T.);
#4697= IFCFACE((#4696));
#4698= IFCPOLYLOOP((#4690,#4691,#4692,#4693));
#4699= IFCFACEOUTERBOUND(#4698,.T.);
#4700= IFCFACE((#4699));
#4701= IFCPOLYLOOP((#4686,#4687,#4691,#4690));
#4702= IFCFACEOUTERBOUND(#4701,.T.);
#4703= IFCFACE((#4702));
#4704= IFCPOLYLOOP((#4687,#4688,#4692,#4691));
#4705= IFCFACEOUTERBOUND(#4704,.T.);
#4706= IFCFACE((#4705));
#4707= IFCPOLYLOOP((#4688,#4689,#4693,#4692));
#4708= IFCFACEOUTERBOUND(#4707,.T.);
#4709= IFCFACE((#4708));
#4710= IFCPOLYLOOP((#4689,#4686,#4690,#4693));
#4711= IFCFACEOUTERBOUND(#4710,.T.);
#4712= IFCFACE((#4711));
#4713= IFCFACETEDBREP(#4694);
#4714= IFCWALL('2owmRnWbTB2hootXyfRioO',#2,$,$,$,$,$,$);
#4715= IFCBEAM('0BhtAsljLCavSVOjtHkqiC',#2,$,$,$,$,#4716,$);
#4716= IFCPRODUCTDEFINITIONSHAPE($,$,(#4717));
#4717= IFCSHAPEREPRESENTATION(#11,'Body','Brep',(#4745));
#4718= IFCCARTESIANPOINT((-5680.,6315.5,3467.5));
#4719= IFCCARTESIANPOINT((-7840.,6315.5,3467.5));
#4720= IFCCARTESIANPOINT((-7840.,6315.5,3647.5));
#4721= IFCCARTESIANPOINT((-5680.,6315.5,3647.5));
#4722= IFCCARTESIANPOINT((-5680.,6374.5,3467.5));
#4723= IFCCARTESIANPOINT((-7840.,6374.5,3467.5));
#4724= IFCCARTESIANPOINT((-7840.,6374.5,3647.5));
#4725= IFCCARTESIANPOINT((-5680.,6374.5,3647.5));
#4726= IFCCLOSEDSHELL((#4729,#4732,#4735,#4738,#4741,#4744));
#4727= IFCPOLYLOOP((#4718,#4719,#4720,#4721));
#4728= IFCFACEOUTERBOUND(#4727,.T.);
#4729= IFCFACE((#4728));
#4730= IFCPOLYLOOP((#4722,#4723,#4724,#4725));
#4731= IFCFACEOUTERBOUND(#4730,.T.);
#4732= IFCFACE((#4731));
#4733= IFCPOLYLOOP((#4718,#4719,#4723,#4722));
#4734= IFCFACEOUTERBOUND(#4733,.T.);
#4735= IFCFACE((#4734));
#4736= IFCPOLYLOOP((#4719,#4720,#4724,#4723));
#4737= IFCFACEOUTERBOUND(#4736,.T.);
#4738= IFCFACE((#4737));
#4739= IFCPOLYLOOP((#4720,#4721,#4725,#4724));
#4740= IFCFACEOUTERBOUND(#4739,.T.);
#4741= IFCFACE((#4740));
#4742= IFCPOLYLOOP((#4721,#4718,#4722,#4725));
#4743= IFCFACEOUTERBOUND(#4742,.T.);
#4744= IFCFACE((#4743));
#4745= IFCFACETEDBREP(#4726);
#4746= IFCWALL('2q9dk3juXCVvZ8TM9eaLxw',#2,$,$,$,$,$,$);
#4747= IFCBEAM('0tuMcjYRzDnhGPMQ_YMxDK',#2,$,$,$,$,#4748,$);
#4748= IFCPRODUCTDEFINITIONSHAPE($,$,(#4749));
#4749= IFCSHAPEREPRESENTATION(#11,'Body','Brep',(#4777));
#4750= IFCCARTESIANPOINT((-5680.,7285.5,3200.1));
#4751= IFCCARTESIANPOINT((-7840.,7285.5,3200.1));
#4752= IFCCARTESIANPOINT((-7840.,7285.5,3380.1));
#4753= IFCCARTESIANPOINT((-5680.,7285.5,3380.1));
#4754= IFCCARTESIANPOINT((-5680.,7344.5,3200.1));
#4755= IFCCARTESIANPOINT((-7840.,7344.5,3200.1));
#4756= IFCCARTESIANPOINT((-7840.,7344.5,3380.1));
#4757= IFCCARTESIANPOINT((-5680.,7344.5,3380.1));
#4758= IFCCLOSEDSHELL((#4761,#4764,#4767,#4770,#4773,#4776));
#4759= IFCPOLYLOOP((#4750,#4751,#4752,#4753));
#4760= IFCFACEOUTERBOUND(#4759,.T.);
#4761= IFCFACE((#4760));
#4762= IFCPOLYLOOP((#4754,#4755,#4756,#4757));
#4763= IFCFACEOUTERBOUND(#4762,.T.);
#4764= IFCFACE((#4763));
#4765= IFCPOLYLOOP((#4750,#4751,#4755,#4754));
#4766= IFCFACEOUTERBOUND(#4765,.T.);
#4767= IFCFACE((#4766));
#4768= IFCPOLYLOOP((#4751,#4752,#4756,#4755));
#4769= IFCFACEOUTERBOUND(#4768,.T.);
#4770= IFCFACE((#4769));
#4771= IFCPOLYLOOP((#4752,#4753,#4757,#4756));
#4772= IFCFACEOUTERBOUND(#4771,.T.);
#4773= IFCFACE((#4772));
#4774= IFCPOLYLOOP((#4753,#4750,#4754,#4757));
#4775= IFCFACEOUTERBOUND(#4774,.T.);
#4776= IFCFACE((#4775));
#4777= IFCFACETEDBREP(#4758);
#4778= IFCWALL('3VpSqJ8nr13hrjp08Gt$gz',#2,$,$,$,$,$,$);
#4779= IFCBEAM('11Ry2oGozCtucPQhJAeTnw',#2,$,$,$,$,#4780,$);
#4780= IFCPRODUCTDEFINITIONSHAPE($,$,(#4781));
#4781= IFCSHAPEREPRESENTATION(#11,'Body','Brep',(#4809));
#4782= IFCCARTESIANPOINT((-7840.,3350.5,3184.9));
#4783= IFCCARTESIANPOINT((-8920.,3350.5,3184.9));
#4784= IFCCARTESIANPOINT((-8920.,3350.5,3364.9));
#4785= IFCCARTESIANPOINT((-7840.,3350.5,3364.9));
#4786= IFCCARTESIANPOINT((-7840.,3409.5,3184.9));
#4787= IFCCARTESIANPOINT((-8920.,3409.5,3184.9));
#4788= IFCCARTESIANPOINT((-8920.,3409.5,3364.9));
#4789= IFCCARTESIANPOINT((-7840.,3409.5,3364.9));
#4790= IFCCLOSEDSHELL((#4793,#4796,#4799,#4802,#4805,#4808));
#4791= IFCPOLYLOOP((#4782,#4783,#4784,#4785));
#4792= IFCFACEOUTERBOUND(#4791,.T.);
#4793= IFCFACE((#4792));
#4794= IFCPOLYLOOP((#4786,#4787,#4788,#4789));
#4795= IFCFACEOUTERBOUND(#4794,.T.);
#4796= IFCFACE((#4795));
#4797= IFCPOLYLOOP((#4782,#4783,#4787,#4786));
#4798= IFCFACEOUTERBOUND(#4797,.T.);
#4799= IFCFACE((#4798));
#4800= IFCPOLYLOOP((#4783,#4784,#4788,#4787));
#4801= IFCFACEOUTERBOUND(#4800,.T.);
#4802= IFCFACE((#4801));
#4803= IFCPOLYLOOP((#4784,#4785,#4789,#4788));
#4804= IFCFACEOUTERBOUND(#4803,.T.);
#4805= IFCFACE((#4804));
#4806= IFCPOLYLOOP((#4785,#4782,#4786,#4789));
#4807= IFCFACEOUTERBOUND(#4806,.T.);
#4808= IFCFACE((#4807));
#4809= IFCFACETEDBREP(#4790);
#4810= IFCWALL('2cRQPxQ6LBBPuyCwUb03yQ',#2,$,$,$,$,$,$);
#4811= IFCBEAM('18HentOxb1P9ha2Iggu2Iy',#2,$,$,$,$,#4812,$);
#4812= IFCPRODUCTDEFINITIONSHAPE($,$,(#4813));
#4813= IFCSHAPEREPRESENTATION(#11,'Body','Brep',(#4841));
#4814= IFCCARTESIANPOINT((-7840.,4320.5,3452.4));
#4815= IFCCARTESIANPOINT((-8920.,4320.5,3452.4));
#4816= IFCCARTESIANPOINT((-8920.,4320.5,3632.4));
#4817= IFCCARTESIANPOINT((-7840.,4320.5,3632.4));
#4818= IFCCARTESIANPOINT((-7840.,4379.5,3452.4));
#4819= IFCCARTESIANPOINT((-8920.,4379.5,3452.4));
#4820= IFCCARTESIANPOINT((-8920.,4379.5,3632.4));
#4821= IFCCARTESIANPOINT((-7840.,4379.5,3632.4));
#4822= IFCCLOSEDSHELL((#4825,#4828,#4831,#4834,#4837,#4840));
#4823= IFCPOLYLOOP((#4814,#4815,#4816,#4817));
#4824= IFCFACEOUTERBOUND(#4823,.T.);
#4825= IFCFACE((#4824));
#4826= IFCPOLYLOOP((#4818,#4819,#4820,#4821));
#4827= IFCFACEOUTERBOUND(#4826,.T.);
#4828= IFCFACE((#4827));
#4829= IFCPOLYLOOP((#4814,#4815,#4819,#4818));
#4830= IFCFACEOUTERBOUND(#4829,.T.);
#4831= IFCFACE((#4830));
#4832= IFCPOLYLOOP((#4815,#4816,#4820,#4819));
#4833= IFCFACEOUTERBOUND(#4832,.T.);
#4834= IFCFACE((#4833));
#4835= IFCPOLYLOOP((#4816,#4817,#4821,#4820));
#4836= IFCFACEOUTERBOUND(#4835,.T.);
#4837= IFCFACE((#4836));
#4838= IFCPOLYLOOP((#4817,#4814,#4818,#4821));
#4839= IFCFACEOUTERBOUND(#4838,.T.);
#4840= IFCFACE((#4839));
#4841= IFCFACETEDBREP(#4822);
#4842= IFCWALL('1SiVDtLyb84ANNjCq33wiW',#2,$,$,$,$,$,$);
#4843= IFCBEAM('0_NsZ_V65EWRTwU2XFy1qe',#2,$,$,$,$,#4844,$);
#4844= IFCPRODUCTDEFINITIONSHAPE($,$,(#4845));
#4845= IFCSHAPEREPRESENTATION(#11,'Body','Brep',(#4873));
#4846= IFCCARTESIANPOINT((-7840.,5345.5,3735.));
#4847= IFCCARTESIANPOINT((-8920.,5345.5,3735.));
#4848= IFCCARTESIANPOINT((-8920.,5345.5,3915.));
#4849= IFCCARTESIANPOINT((-7840.,5345.5,3915.));
#4850= IFCCARTESIANPOINT((-7840.,5404.5,3735.));
#4851= IFCCARTESIANPOINT((-8920.,5404.5,3735.));
#4852= IFCCARTESIANPOINT((-8920.,5404.5,3915.));
#4853= IFCCARTESIANPOINT((-7840.,5404.5,3915.));
#4854= IFCCLOSEDSHELL((#4857,#4860,#4863,#4866,#4869,#4872));
#4855= IFCPOLYLOOP((#4846,#4847,#4848,#4849));
#4856= IFCFACEOUTERBOUND(#4855,.T.);
#4857= IFCFACE((#4856));
#4858= IFCPOLYLOOP((#4850,#4851,#4852,#4853));
#4859= IFCFACEOUTERBOUND(#4858,.T.);
#4860= IFCFACE((#4859));
#4861= IFCPOLYLOOP((#4846,#4847,#4851,#4850));
#4862= IFCFACEOUTERBOUND(#4861,.T.);
#4863= IFCFACE((#4862));
#4864= IFCPOLYLOOP((#4847,#4848,#4852,#4851));
#4865= IFCFACEOUTERBOUND(#4864,.T.);
#4866= IFCFACE((#4865));
#4867= IFCPOLYLOOP((#4848,#4849,#4853,#4852));
#4868= IFCFACEOUTERBOUND(#4867,.T.);
#4869= IFCFACE((#4868));
#4870= IFCPOLYLOOP((#4849,#4846,#4850,#4853));
#4871= IFCFACEOUTERBOUND(#4870,.T.);
#4872= IFCFACE((#4871));
#4873= IFCFACETEDBREP(#4854);
#4874= IFCWALL('057n3kmgX2vOhKPgeeRUbt',#2,$,$,$,$,$,$);
#4875= IFCBEAM('1ZSuypytLANfO8_T67d9kp',#2,$,$,$,$,#4876,$);
#4876= IFCPRODUCTDEFINITIONSHAPE($,$,(#4877));
#4877= IFCSHAPEREPRESENTATION(#11,'Body','Brep',(#4905));
#4878= IFCCARTESIANPOINT((-7840.,6315.5,3467.5));
#4879= IFCCARTESIANPOINT((-8920.,6315.5,3467.5));
#4880= IFCCARTESIANPOINT((-8920.,6315.5,3647.5));
#4881= IFCCARTESIANPOINT((-7840.,6315.5,3647.5));
#4882= IFCCARTESIANPOINT((-7840.,6374.5,3467.5));
#4883= IFCCARTESIANPOINT((-8920.,6374.5,3467.5));
#4884= IFCCARTESIANPOINT((-8920.,6374.5,3647.5));
#4885= IFCCARTESIANPOINT((-7840.,6374.5,3647.5));
#4886= IFCCLOSEDSHELL((#4889,#4892,#4895,#4898,#4901,#4904));
#4887= IFCPOLYLOOP((#4878,#4879,#4880,#4881));
#4888= IFCFACEOUTERBOUND(#4887,.T.);
#4889= IFCFACE((#4888));
#4890= IFCPOLYLOOP((#4882,#4883,#4884,#4885));
#4891= IFCFACEOUTERBOUND(#4890,.T.);
#4892= IFCFACE((#4891));
#4893= IFCPOLYLOOP((#4878,#4879,#4883,#4882));
#4894= IFCFACEOUTERBOUND(#4893,.T.);
#4895= IFCFACE((#4894));
#4896= IFCPOLYLOOP((#4879,#4880,#4884,#4883));
#4897= IFCFACEOUTERBOUND(#4896,.T.);
#4898= IFCFACE((#4897));
#4899= IFCPOLYLOOP((#4880,#4881,#4885,#4884));
#4900= IFCFACEOUTERBOUND(#4899,.T.);
#4901= IFCFACE((#4900));
#4902= IFCPOLYLOOP((#4881,#4878,#4882,#4885));
#4903= IFCFACEOUTERBOUND(#4902,.T.);
#4904= IFCFACE((#4903));
#4905= IFCFACETEDBREP(#4886);
#4906= IFCWALL('2Jx$hc0p93ZPV_3ZlnjCow',#2,$,$,$,$,$,$);
#4907= IFCBEAM('3KQPM25290ghetTSPUbLGK',#2,$,$,$,$,#4908,$);
#4908= IFCPRODUCTDEFINITIONSHAPE($,$,(#4909));
#4909= IFCSHAPEREPRESENTATION(#11,'Body','Brep',(#4937));
#4910= IFCCARTESIANPOINT((-7840.,7285.5,3200.1));
#4911= IFCCARTESIANPOINT((-8920.,7285.5,3200.1));
#4912= IFCCARTESIANPOINT((-8920.,7285.5,3380.1));
#4913= IFCCARTESIANPOINT((-7840.,7285.5,3380.1));
#4914= IFCCARTESIANPOINT((-7840.,7344.5,3200.1));
#4915= IFCCARTESIANPOINT((-8920.,7344.5,3200.1));
#4916= IFCCARTESIANPOINT((-8920.,7344.5,3380.1));
#4917= IFCCARTESIANPOINT((-7840.,7344.5,3380.1));
#4918= IFCCLOSEDSHELL((#4921,#4924,#4927,#4930,#4933,#4936));
#4919= IFCPOLYLOOP((#4910,#4911,#4912,#4913));
#4920= IFCFACEOUTERBOUND(#4919,.T.);
#4921= IFCFACE((#4920));
#4922= IFCPOLYLOOP((#4914,#4915,#4916,#4917));
#4923= IFCFACEOUTERBOUND(#4922,.T.);
#4924= IFCFACE((#4923));
#4925= IFCPOLYLOOP((#4910,#4911,#4915,#4914));
#4926= IFCFACEOUTERBOUND(#4925,.T.);
#4927= IFCFACE((#4926));
#4928= IFCPOLYLOOP((#4911,#4912,#4916,#4915));
#4929= IFCFACEOUTERBOUND(#4928,.T.);
#4930= IFCFACE((#4929));
#4931= IFCPOLYLOOP((#4912,#4913,#4917,#4916));
#4932= IFCFACEOUTERBOUND(#4931,.T.);
#4933= IFCFACE((#4932));
#4934= IFCPOLYLOOP((#4913,#4910,#4914,#4917));
#4935= IFCFACEOUTERBOUND(#4934,.T.);
#4936= IFCFACE((#4935));
#4937= IFCFACETEDBREP(#4918);
#4938= IFCWALL('265Or7huH0h9WJ6ACVZF7Q',#2,$,$,$,$,$,$);
#4939= IFCBEAM('3I6zHACuH3NgbIULG3bCy1',#2,$,$,$,$,#4940,$);
#4940= IFCPRODUCTDEFINITIONSHAPE($,$,(#4941));
#4941= IFCSHAPEREPRESENTATION(#11,'Body','Brep',(#4969));
#4942= IFCCARTESIANPOINT((-8920.,4320.5,3452.4));
#4943= IFCCARTESIANPOINT((-10005.5,4320.5,3452.4));
#4944= IFCCARTESIANPOINT((-10005.5,4320.5,3632.4));
#4945= IFCCARTESIANPOINT((-8920.,4320.5,3632.4));
#4946= IFCCARTESIANPOINT((-8920.,4379.5,3452.4));
#4947= IFCCARTESIANPOINT((-10005.5,4379.5,3452.4));
#4948= IFCCARTESIANPOINT((-10005.5,4379.5,3632.4));
#4949= IFCCARTESIANPOINT((-8920.,4379.5,3632.4));
#4950= IFCCLOSEDSHELL((#4953,#4956,#4959,#4962,#4965,#4968));
#4951= IFCPOLYLOOP((#4942,#4943,#4944,#4945));
#4952= IFCFACEOUTERBOUND(#4951,.T.);
#4953= IFCFACE((#4952));
#4954= IFCPOLYLOOP((#4946,#4947,#4948,#4949));
#4955= IFCFACEOUTERBOUND(#4954,.T.);
#4956= IFCFACE((#4955));
#4957= IFCPOLYLOOP((#4942,#4943,#4947,#4946));
#4958= IFCFACEOUTERBOUND(#4957,.T.);
#4959= IFCFACE((#4958));
#4960= IFCPOLYLOOP((#4943,#4944,#4948,#4947));
#4961= IFCFACEOUTERBOUND(#4960,.T.);
#4962= IFCFACE((#4961));
#4963= IFCPOLYLOOP((#4944,#4945,#4949,#4948));
#4964= IFCFACEOUTERBOUND(#4963,.T.);
#4965= IFCFACE((#4964));
#4966= IFCPOLYLOOP((#4945,#4942,#4946,#4949));
#4967= IFCFACEOUTERBOUND(#4966,.T.);
#4968= IFCFACE((#4967));
#4969= IFCFACETEDBREP(#4950);
#4970= IFCWALL('2g3W1qNIP4zvTuUChd31Gz',#2,$,$,$,$,$,$);
#4971= IFCBEAM('0upx0aB3v6APOxZPm2wjDT',#2,$,$,$,$,#4972,$);
#4972= IFCPRODUCTDEFINITIONSHAPE($,$,(#4973));
#4973= IFCSHAPEREPRESENTATION(#11,'Body','Brep',(#5001));
#4974= IFCCARTESIANPOINT((-8920.,5345.5,3735.));
#4975= IFCCARTESIANPOINT((-10005.5,5345.5,3735.));
#4976= IFCCARTESIANPOINT((-10005.5,5345.5,3915.));
#4977= IFCCARTESIANPOINT((-8920.,5345.5,3915.));
#4978= IFCCARTESIANPOINT((-8920.,5404.5,3735.));
#4979= IFCCARTESIANPOINT((-10005.5,5404.5,3735.));
#4980= IFCCARTESIANPOINT((-10005.5,5404.5,3915.));
#4981= IFCCARTESIANPOINT((-8920.,5404.5,3915.));
#4982= IFCCLOSEDSHELL((#4985,#4988,#4991,#4994,#4997,#5000));
#4983= IFCPOLYLOOP((#4974,#4975,#4976,#4977));
#4984= IFCFACEOUTERBOUND(#4983,.T.);
#4985= IFCFACE((#4984));
#4986= IFCPOLYLOOP((#4978,#4979,#4980,#4981));
#4987= IFCFACEOUTERBOUND(#4986,.T.);
#4988= IFCFACE((#4987));
#4989= IFCPOLYLOOP((#4974,#4975,#4979,#4978));
#4990= IFCFACEOUTERBOUND(#4989,.T.);
#4991= IFCFACE((#4990));
#4992= IFCPOLYLOOP((#4975,#4976,#4980,#4979));
#4993= IFCFACEOUTERBOUND(#4992,.T.);
#4994= IFCFACE((#4993));
#4995= IFCPOLYLOOP((#4976,#4977,#4981,#4980));
#4996= IFCFACEOUTERBOUND(#4995,.T.);
#4997= IFCFACE((#4996));
#4998= IFCPOLYLOOP((#4977,#4974,#4978,#4981));
#4999= IFCFACEOUTERBOUND(#4998,.T.);
#5000= IFCFACE((#4999));
#5001= IFCFACETEDBREP(#4982);
#5002= IFCWALL('3JDapyQnnBBAFqgqs_InJh',#2,$,$,$,$,$,$);
#5003= IFCBEAM('1AuS9zc0v1yBlIm2YAPcbw',#2,$,$,$,$,#5004,$);
#5004= IFCPRODUCTDEFINITIONSHAPE($,$,(#5005));
#5005= IFCSHAPEREPRESENTATION(#11,'Body','Brep',(#5033));
#5006= IFCCARTESIANPOINT((-8920.,6315.5,3467.5));
#5007= IFCCARTESIANPOINT((-10005.5,6315.5,3467.5));
#5008= IFCCARTESIANPOINT((-10005.5,6315.5,3647.5));
#5009= IFCCARTESIANPOINT((-8920.,6315.5,3647.5));
#5010= IFCCARTESIANPOINT((-8920.,6374.5,3467.5));
#5011= IFCCARTESIANPOINT((-10005.5,6374.5,3467.5));
#5012= IFCCARTESIANPOINT((-10005.5,6374.5,3647.5));
#5013= IFCCARTESIANPOINT((-8920.,6374.5,3647.5));
#5014= IFCCLOSEDSHELL((#5017,#5020,#5023,#5026,#5029,#5032));
#5015= IFCPOLYLOOP((#5006,#5007,#5008,#5009));
#5016= IFCFACEOUTERBOUND(#5015,.T.);
#5017= IFCFACE((#5016));
#5018= IFCPOLYLOOP((#5010,#5011,#5012,#5013));
#5019= IFCFACEOUTERBOUND(#5018,.T.);
#5020= IFCFACE((#5019));
#5021= IFCPOLYLOOP((#5006,#5007,#5011,#5010));
#5022= IFCFACEOUTERBOUND(#5021,.T.);
#5023= IFCFACE((#5022));
#5024= IFCPOLYLOOP((#5007,#5008,#5012,#5011));
#5025= IFCFACEOUTERBOUND(#5024,.T.);
#5026= IFCFACE((#5025));
#5027= IFCPOLYLOOP((#5008,#5009,#5013,#5012));
#5028= IFCFACEOUTERBOUND(#5027,.T.);
#5029= IFCFACE((#5028));
#5030= IFCPOLYLOOP((#5009,#5006,#5010,#5013));
#5031= IFCFACEOUTERBOUND(#5030,.T.);
#5032= IFCFACE((#5031));
#5033= IFCFACETEDBREP(#5014);
#5034= IFCWALL('3X0YJ0bIn7LwJpWoFhs3V5',#2,$,$,$,$,$,$);
#5035= IFCBEAM('3$_aKT9tf4oxyx2ZFcVnHb',#2,$,$,$,$,#5036,$);
#5036= IFCPRODUCTDEFINITIONSHAPE($,$,(#5037));
#5037= IFCSHAPEREPRESENTATION(#11,'Body','Brep',(#5065));
#5038= IFCCARTESIANPOINT((-8920.,7285.5,3200.1));
#5039= IFCCARTESIANPOINT((-10005.5,7285.5,3200.1));
#5040= IFCCARTESIANPOINT((-10005.5,7285.5,3380.1));
#5041= IFCCARTESIANPOINT((-8920.,7285.5,3380.1));
#5042= IFCCARTESIANPOINT((-8920.,7344.5,3200.1));
#5043= IFCCARTESIANPOINT((-10005.5,7344.5,3200.1));
#5044= IFCCARTESIANPOINT((-10005.5,7344.5,3380.1));
#5045= IFCCARTESIANPOINT((-8920.,7344.5,3380.1));
#5046= IFCCLOSEDSHELL((#5049,#5052,#5055,#5058,#5061,#5064));
#5047= IFCPOLYLOOP((#5038,#5039,#5040,#5041));
#5048= IFCFACEOUTERBOUND(#5047,.T.);
#5049= IFCFACE((#5048));
#5050= IFCPOLYLOOP((#5042,#5043,#5044,#5045));
#5051= IFCFACEOUTERBOUND(#5050,.T.);
#5052= IFCFACE((#5051));
#5053= IFCPOLYLOOP((#5038,#5039,#5043,#5042));
#5054= IFCFACEOUTERBOUND(#5053,.T.);
#5055= IFCFACE((#5054));
#5056= IFCPOLYLOOP((#5039,#5040,#5044,#5043));
#5057= IFCFACEOUTERBOUND(#5056,.T.);
#5058= IFCFACE((#5057));
#5059= IFCPOLYLOOP((#5040,#5041,#5045,#5044));
#5060= IFCFACEOUTERBOUND(#5059,.T.);
#5061= IFCFACE((#5060));
#5062= IFCPOLYLOOP((#5041,#5038,#5042,#5045));
#5063= IFCFACEOUTERBOUND(#5062,.T.);
#5064= IFCFACE((#5063));
#5065= IFCFACETEDBREP(#5046);
#5066= IFCWALL('1vdqj42nT6wR3DgIcEmfJ0',#2,$,$,$,$,$,$);
#5067= IFCBEAM('2a5jgiskv3IRn_A5NQw29u',#2,$,$,$,$,#5068,$);
#5068= IFCPRODUCTDEFINITIONSHAPE($,$,(#5069));
#5069= IFCSHAPEREPRESENTATION(#11,'Body','Brep',(#5097));
#5070= IFCCARTESIANPOINT((-7840.,440.5,2382.5));
#5071= IFCCARTESIANPOINT((-8920.,440.5,2382.5));
#5072= IFCCARTESIANPOINT((-8920.,440.5,2562.5));
#5073= IFCCARTESIANPOINT((-7840.,440.5,2562.5));
#5074= IFCCARTESIANPOINT((-7840.,499.5,2382.5));
#5075= IFCCARTESIANPOINT((-8920.,499.5,2382.5));
#5076= IFCCARTESIANPOINT((-8920.,499.5,2562.5));
#5077= IFCCARTESIANPOINT((-7840.,499.5,2562.5));
#5078= IFCCLOSEDSHELL((#5081,#5084,#5087,#5090,#5093,#5096));
#5079= IFCPOLYLOOP((#5070,#5071,#5072,#5073));
#5080= IFCFACEOUTERBOUND(#5079,.T.);
#5081= IFCFACE((#5080));
#5082= IFCPOLYLOOP((#5074,#5075,#5076,#5077));
#5083= IFCFACEOUTERBOUND(#5082,.T.);
#5084= IFCFACE((#5083));
#5085= IFCPOLYLOOP((#5070,#5071,#5075,#5074));
#5086= IFCFACEOUTERBOUND(#5085,.T.);
#5087= IFCFACE((#5086));
#5088= IFCPOLYLOOP((#5071,#5072,#5076,#5075));
#5089= IFCFACEOUTERBOUND(#5088,.T.);
#5090= IFCFACE((#5089));
#5091= IFCPOLYLOOP((#5072,#5073,#5077,#5076));
#5092= IFCFACEOUTERBOUND(#5091,.T.);
#5093= IFCFACE((#5092));
#5094= IFCPOLYLOOP((#5073,#5070,#5074,#5077));
#5095= IFCFACEOUTERBOUND(#5094,.T.);
#5096= IFCFACE((#5095));
#5097= IFCFACETEDBREP(#5078);
#5098= IFCWALL('2zWADVoyDBLOenbzbYfpP6',#2,$,$,$,$,$,$);
#5099= IFCBEAM('0cLDeCUvf6kfd3HG2Z3wK1',#2,$,$,$,$,#5100,$);
#5100= IFCPRODUCTDEFINITIONSHAPE($,$,(#5101));
#5101= IFCSHAPEREPRESENTATION(#11,'Body','Brep',(#5129));
#5102= IFCCARTESIANPOINT((-7840.,1410.5,2649.9));
#5103= IFCCARTESIANPOINT((-8920.,1410.5,2649.9));
#5104= IFCCARTESIANPOINT((-8920.,1410.5,2829.9));
#5105= IFCCARTESIANPOINT((-7840.,1410.5,2829.9));
#5106= IFCCARTESIANPOINT((-7840.,1469.5,2649.9));
#5107= IFCCARTESIANPOINT((-8920.,1469.5,2649.9));
#5108= IFCCARTESIANPOINT((-8920.,1469.5,2829.9));
#5109= IFCCARTESIANPOINT((-7840.,1469.5,2829.9));
#5110= IFCCLOSEDSHELL((#5113,#5116,#5119,#5122,#5125,#5128));
#5111= IFCPOLYLOOP((#5102,#5103,#5104,#5105));
#5112= IFCFACEOUTERBOUND(#5111,.T.);
#5113= IFCFACE((#5112));
#5114= IFCPOLYLOOP((#5106,#5107,#5108,#5109));
#5115= IFCFACEOUTERBOUND(#5114,.T.);
#5116= IFCFACE((#5115));
#5117= IFCPOLYLOOP((#5102,#5103,#5107,#5106));
#5118= IFCFACEOUTERBOUND(#5117,.T.);
#5119= IFCFACE((#5118));
#5120= IFCPOLYLOOP((#5103,#5104,#5108,#5107));
#5121= IFCFACEOUTERBOUND(#5120,.T.);
#5122= IFCFACE((#5121));
#5123= IFCPOLYLOOP((#5104,#5105,#5109,#5108));
#5124= IFCFACEOUTERBOUND(#5123,.T.);
#5125= IFCFACE((#5124));
#5126= IFCPOLYLOOP((#5105,#5102,#5106,#5109));
#5127= IFCFACEOUTERBOUND(#5126,.T.);
#5128= IFCFACE((#5127));
#5129= IFCFACETEDBREP(#5110);
#5130= IFCWALL('33CpdUYCX7qO0UdA97xyna',#2,$,$,$,$,$,$);
#5131= IFCBEAM('1_01XWwvr4NvkfaGY$ow_7',#2,$,$,$,$,#5132,$);
#5132= IFCPRODUCTDEFINITIONSHAPE($,$,(#5133));
#5133= IFCSHAPEREPRESENTATION(#11,'Body','Brep',(#5161));
#5134= IFCCARTESIANPOINT((-7840.,2380.5,2917.4));
#5135= IFCCARTESIANPOINT((-8920.,2380.5,2917.4));
#5136= IFCCARTESIANPOINT((-8920.,2380.5,3097.4));
#5137= IFCCARTESIANPOINT((-7840.,2380.5,3097.4));
#5138= IFCCARTESIANPOINT((-7840.,2439.5,2917.4));
#5139= IFCCARTESIANPOINT((-8920.,2439.5,2917.4));
#5140= IFCCARTESIANPOINT((-8920.,2439.5,3097.4));
#5141= IFCCARTESIANPOINT((-7840.,2439.5,3097.4));
#5142= IFCCLOSEDSHELL((#5145,#5148,#5151,#5154,#5157,#5160));
#5143= IFCPOLYLOOP((#5134,#5135,#5136,#5137));
#5144= IFCFACEOUTERBOUND(#5143,.T.);
#5145= IFCFACE((#5144));
#5146= IFCPOLYLOOP((#5138,#5139,#5140,#5141));
#5147= IFCFACEOUTERBOUND(#5146,.T.);
#5148= IFCFACE((#5147));
#5149= IFCPOLYLOOP((#5134,#5135,#5139,#5138));
#5150= IFCFACEOUTERBOUND(#5149,.T.);
#5151= IFCFACE((#5150));
#5152= IFCPOLYLOOP((#5135,#5136,#5140,#5139));
#5153= IFCFACEOUTERBOUND(#5152,.T.);
#5154= IFCFACE((#5153));
#5155= IFCPOLYLOOP((#5136,#5137,#5141,#5140));
#5156= IFCFACEOUTERBOUND(#5155,.T.);
#5157= IFCFACE((#5156));
#5158= IFCPOLYLOOP((#5137,#5134,#5138,#5141));
#5159= IFCFACEOUTERBOUND(#5158,.T.);
#5160= IFCFACE((#5159));
#5161= IFCFACETEDBREP(#5142);
#5162= IFCWALL('1wlsc9QBHEGBZtE6DSsI9H',#2,$,$,$,$,$,$);
#5163= IFCBEAM('0MncSFlIv9d8HN1YtcumDm',#2,$,$,$,$,#5164,$);
#5164= IFCPRODUCTDEFINITIONSHAPE($,$,(#5165));
#5165= IFCSHAPEREPRESENTATION(#11,'Body','Brep',(#5193));
#5166= IFCCARTESIANPOINT((-9866.,-529.5,2155.));
#5167= IFCCARTESIANPOINT((-10005.5,-529.5,2155.));
#5168= IFCCARTESIANPOINT((-10005.5,-529.5,2295.));
#5169= IFCCARTESIANPOINT((-9866.,-529.5,2295.));
#5170= IFCCARTESIANPOINT((-9866.,-470.5,2155.));
#5171= IFCCARTESIANPOINT((-10005.5,-470.5,2155.));
#5172= IFCCARTESIANPOINT((-10005.5,-470.5,2295.));
#5173= IFCCARTESIANPOINT((-9866.,-470.5,2295.));
#5174= IFCCLOSEDSHELL((#5177,#5180,#5183,#5186,#5189,#5192));
#5175= IFCPOLYLOOP((#5166,#5167,#5168,#5169));
#5176= IFCFACEOUTERBOUND(#5175,.T.);
#5177= IFCFACE((#5176));
#5178= IFCPOLYLOOP((#5170,#5171,#5172,#5173));
#5179= IFCFACEOUTERBOUND(#5178,.T.);
#5180= IFCFACE((#5179));
#5181= IFCPOLYLOOP((#5166,#5167,#5171,#5170));
#5182= IFCFACEOUTERBOUND(#5181,.T.);
#5183= IFCFACE((#5182));
#5184= IFCPOLYLOOP((#5167,#5168,#5172,#5171));
#5185= IFCFACEOUTERBOUND(#5184,.T.);
#5186= IFCFACE((#5185));
#5187= IFCPOLYLOOP((#5168,#5169,#5173,#5172));
#5188= IFCFACEOUTERBOUND(#5187,.T.);
#5189= IFCFACE((#5188));
#5190= IFCPOLYLOOP((#5169,#5166,#5170,#5173));
#5191= IFCFACEOUTERBOUND(#5190,.T.);
#5192= IFCFACE((#5191));
#5193= IFCFACETEDBREP(#5174);
#5194= IFCWALL('1kMwLLE3v9ywSa0DxNz2bn',#2,$,$,$,$,$,$);
#5195= IFCBEAM('0mOWEymzX1QuEnqVub6WJv',#2,$,$,$,$,#5196,$);
#5196= IFCPRODUCTDEFINITIONSHAPE($,$,(#5197));
#5197= IFCSHAPEREPRESENTATION(#11,'Body','Brep',(#5225));
#5198= IFCCARTESIANPOINT((-8920.,440.5,2382.5));
#5199= IFCCARTESIANPOINT((-10005.5,440.5,2382.5));
#5200= IFCCARTESIANPOINT((-10005.5,440.5,2562.5));
#5201= IFCCARTESIANPOINT((-8920.,440.5,2562.5));
#5202= IFCCARTESIANPOINT((-8920.,499.5,2382.5));
#5203= IFCCARTESIANPOINT((-10005.5,499.5,2382.5));
#5204= IFCCARTESIANPOINT((-10005.5,499.5,2562.5));
#5205= IFCCARTESIANPOINT((-8920.,499.5,2562.5));
#5206= IFCCLOSEDSHELL((#5209,#5212,#5215,#5218,#5221,#5224));
#5207= IFCPOLYLOOP((#5198,#5199,#5200,#5201));
#5208= IFCFACEOUTERBOUND(#5207,.T.);
#5209= IFCFACE((#5208));
#5210= IFCPOLYLOOP((#5202,#5203,#5204,#5205));
#5211= IFCFACEOUTERBOUND(#5210,.T.);
#5212= IFCFACE((#5211));
#5213= IFCPOLYLOOP((#5198,#5199,#5203,#5202));
#5214= IFCFACEOUTERBOUND(#5213,.T.);
#5215= IFCFACE((#5214));
#5216= IFCPOLYLOOP((#5199,#5200,#5204,#5203));
#5217= IFCFACEOUTERBOUND(#5216,.T.);
#5218= IFCFACE((#5217));
#5219= IFCPOLYLOOP((#5200,#5201,#5205,#5204));
#5220= IFCFACEOUTERBOUND(#5219,.T.);
#5221= IFCFACE((#5220));
#5222= IFCPOLYLOOP((#5201,#5198,#5202,#5205));
#5223= IFCFACEOUTERBOUND(#5222,.T.);
#5224= IFCFACE((#5223));
#5225= IFCFACETEDBREP(#5206);
#5226= IFCWALL('3RaAlv_g90fRIBjsJ1wlCt',#2,$,$,$,$,$,$);
#5227= IFCBEAM('25sM1rEubAxPVW40WFJCJG',#2,$,$,$,$,#5228,$);
#5228= IFCPRODUCTDEFINITIONSHAPE($,$,(#5229));
#5229= IFCSHAPEREPRESENTATION(#11,'Body','Brep',(#5257));
#5230= IFCCARTESIANPOINT((-8920.,1410.5,2649.9));
#5231= IFCCARTESIANPOINT((-10005.5,1410.5,2649.9));
#5232= IFCCARTESIANPOINT((-10005.5,1410.5,2829.9));
#5233= IFCCARTESIANPOINT((-8920.,1410.5,2829.9));
#5234= IFCCARTESIANPOINT((-8920.,1469.5,2649.9));
#5235= IFCCARTESIANPOINT((-10005.5,1469.5,2649.9));
#5236= IFCCARTESIANPOINT((-10005.5,1469.5,2829.9));
#5237= IFCCARTESIANPOINT((-8920.,1469.5,2829.9));
#5238= IFCCLOSEDSHELL((#5241,#5244,#5247,#5250,#5253,#5256));
#5239= IFCPOLYLOOP((#5230,#5231,#5232,#5233));
#5240= IFCFACEOUTERBOUND(#5239,.T.);
#5241= IFCFACE((#5240));
#5242= IFCPOLYLOOP((#5234,#5235,#5236,#5237));
#5243= IFCFACEOUTERBOUND(#5242,.T.);
#5244= IFCFACE((#5243));
#5245= IFCPOLYLOOP((#5230,#5231,#5235,#5234));
#5246= IFCFACEOUTERBOUND(#5245,.T.);
#5247= IFCFACE((#5246));
#5248= IFCPOLYLOOP((#5231,#5232,#5236,#5235));
#5249= IFCFACEOUTERBOUND(#5248,.T.);
#5250= IFCFACE((#5249));
#5251= IFCPOLYLOOP((#5232,#5233,#5237,#5236));
#5252= IFCFACEOUTERBOUND(#5251,.T.);
#5253= IFCFACE((#5252));
#5254= IFCPOLYLOOP((#5233,#5230,#5234,#5237));
#5255= IFCFACEOUTERBOUND(#5254,.T.);
#5256= IFCFACE((#5255));
#5257= IFCFACETEDBREP(#5238);
#5258= IFCWALL('38dlNqqljAmPchScSoT3ja',#2,$,$,$,$,$,$);
#5259= IFCBEAM('3jscZEjNPEdAcNG5hDeHGt',#2,$,$,$,$,#5260,$);
#5260= IFCPRODUCTDEFINITIONSHAPE($,$,(#5261));
#5261= IFCSHAPEREPRESENTATION(#11,'Body','Brep',(#5289));
#5262= IFCCARTESIANPOINT((-8920.,2380.5,2917.4));
#5263= IFCCARTESIANPOINT((-10005.5,2380.5,2917.4));
#5264= IFCCARTESIANPOINT((-10005.5,2380.5,3097.4));
#5265= IFCCARTESIANPOINT((-8920.,2380.5,3097.4));
#5266= IFCCARTESIANPOINT((-8920.,2439.5,2917.4));
#5267= IFCCARTESIANPOINT((-10005.5,2439.5,2917.4));
#5268= IFCCARTESIANPOINT((-10005.5,2439.5,3097.4));
#5269= IFCCARTESIANPOINT((-8920.,2439.5,3097.4));
#5270= IFCCLOSEDSHELL((#5273,#5276,#5279,#5282,#5285,#5288));
#5271= IFCPOLYLOOP((#5262,#5263,#5264,#5265));
#5272= IFCFACEOUTERBOUND(#5271,.T.);
#5273= IFCFACE((#5272));
#5274= IFCPOLYLOOP((#5266,#5267,#5268,#5269));
#5275= IFCFACEOUTERBOUND(#5274,.T.);
#5276= IFCFACE((#5275));
#5277= IFCPOLYLOOP((#5262,#5263,#5267,#5266));
#5278= IFCFACEOUTERBOUND(#5277,.T.);
#5279= IFCFACE((#5278));
#5280= IFCPOLYLOOP((#5263,#5264,#5268,#5267));
#5281= IFCFACEOUTERBOUND(#5280,.T.);
#5282= IFCFACE((#5281));
#5283= IFCPOLYLOOP((#5264,#5265,#5269,#5268));
#5284= IFCFACEOUTERBOUND(#5283,.T.);
#5285= IFCFACE((#5284));
#5286= IFCPOLYLOOP((#5265,#5262,#5266,#5269));
#5287= IFCFACEOUTERBOUND(#5286,.T.);
#5288= IFCFACE((#5287));
#5289= IFCFACETEDBREP(#5270);
#5290= IFCWALL('2szGmoMVn7JRN$X5de2TmX',#2,$,$,$,$,$,$);
#5291= IFCBEAM('1jiUIbijjEzehOFkLl7j6E',#2,$,$,$,$,#5292,$);
#5292= IFCPRODUCTDEFINITIONSHAPE($,$,(#5293));
#5293= IFCSHAPEREPRESENTATION(#11,'Body','Brep',(#5321));
#5294= IFCCARTESIANPOINT((-2000.,8255.5,2932.6));
#5295= IFCCARTESIANPOINT((-4070.,8255.5,2932.6));
#5296= IFCCARTESIANPOINT((-4070.,8255.5,3112.6));
#5297= IFCCARTESIANPOINT((-2000.,8255.5,3112.6));
#5298= IFCCARTESIANPOINT((-2000.,8314.5,2932.6));
#5299= IFCCARTESIANPOINT((-4070.,8314.5,2932.6));
#5300= IFCCARTESIANPOINT((-4070.,8314.5,3112.6));
#5301= IFCCARTESIANPOINT((-2000.,8314.5,3112.6));
#5302= IFCCLOSEDSHELL((#5305,#5308,#5311,#5314,#5317,#5320));
#5303= IFCPOLYLOOP((#5294,#5295,#5296,#5297));
#5304= IFCFACEOUTERBOUND(#5303,.T.);
#5305= IFCFACE((#5304));
#5306= IFCPOLYLOOP((#5298,#5299,#5300,#5301));
#5307= IFCFACEOUTERBOUND(#5306,.T.);
#5308= IFCFACE((#5307));
#5309= IFCPOLYLOOP((#5294,#5295,#5299,#5298));
#5310= IFCFACEOUTERBOUND(#5309,.T.);
#5311= IFCFACE((#5310));
#5312= IFCPOLYLOOP((#5295,#5296,#5300,#5299));
#5313= IFCFACEOUTERBOUND(#5312,.T.);
#5314= IFCFACE((#5313));
#5315= IFCPOLYLOOP((#5296,#5297,#5301,#5300));
#5316= IFCFACEOUTERBOUND(#5315,.T.);
#5317= IFCFACE((#5316));
#5318= IFCPOLYLOOP((#5297,#5294,#5298,#5301));
#5319= IFCFACEOUTERBOUND(#5318,.T.);
#5320= IFCFACE((#5319));
#5321= IFCFACETEDBREP(#5302);
#5322= IFCWALL('1z1$23ztnBz9RkTJAOptH0',#2,$,$,$,$,$,$);
#5323= IFCBEAM('1mD7qpcQvFpf3eMgbEVi8M',#2,$,$,$,$,#5324,$);
#5324= IFCPRODUCTDEFINITIONSHAPE($,$,(#5325));
#5325= IFCSHAPEREPRESENTATION(#11,'Body','Brep',(#5353));
#5326= IFCCARTESIANPOINT((-2000.,9225.5,2665.1));
#5327= IFCCARTESIANPOINT((-4070.,9225.5,2665.1));
#5328= IFCCARTESIANPOINT((-4070.,9225.5,2845.1));
#5329= IFCCARTESIANPOINT((-2000.,9225.5,2845.1));
#5330= IFCCARTESIANPOINT((-2000.,9284.5,2665.1));
#5331= IFCCARTESIANPOINT((-4070.,9284.5,2665.1));
#5332= IFCCARTESIANPOINT((-4070.,9284.5,2845.1));
#5333= IFCCARTESIANPOINT((-2000.,9284.5,2845.1));
#5334= IFCCLOSEDSHELL((#5337,#5340,#5343,#5346,#5349,#5352));
#5335= IFCPOLYLOOP((#5326,#5327,#5328,#5329));
#5336= IFCFACEOUTERBOUND(#5335,.T.);
#5337= IFCFACE((#5336));
#5338= IFCPOLYLOOP((#5330,#5331,#5332,#5333));
#5339= IFCFACEOUTERBOUND(#5338,.T.);
#5340= IFCFACE((#5339));
#5341= IFCPOLYLOOP((#5326,#5327,#5331,#5330));
#5342= IFCFACEOUTERBOUND(#5341,.T.);
#5343= IFCFACE((#5342));
#5344= IFCPOLYLOOP((#5327,#5328,#5332,#5331));
#5345= IFCFACEOUTERBOUND(#5344,.T.);
#5346= IFCFACE((#5345));
#5347= IFCPOLYLOOP((#5328,#5329,#5333,#5332));
#5348= IFCFACEOUTERBOUND(#5347,.T.);
#5349= IFCFACE((#5348));
#5350= IFCPOLYLOOP((#5329,#5326,#5330,#5333));
#5351= IFCFACEOUTERBOUND(#5350,.T.);
#5352= IFCFACE((#5351));
#5353= IFCFACETEDBREP(#5334);
#5354= IFCWALL('0Iiwcy7Cn1uPnfMicoOhIZ',#2,$,$,$,$,$,$);
#5355= IFCBEAM('1tv4TNSoD1Egi9gsGwOH0x',#2,$,$,$,$,#5356,$);
#5356= IFCPRODUCTDEFINITIONSHAPE($,$,(#5357));
#5357= IFCSHAPEREPRESENTATION(#11,'Body','Brep',(#5385));
#5358= IFCCARTESIANPOINT((-2000.,10195.5,2397.6));
#5359= IFCCARTESIANPOINT((-4070.,10195.5,2397.6));
#5360= IFCCARTESIANPOINT((-4070.,10195.5,2577.6));
#5361= IFCCARTESIANPOINT((-2000.,10195.5,2577.6));
#5362= IFCCARTESIANPOINT((-2000.,10254.5,2397.6));
#5363= IFCCARTESIANPOINT((-4070.,10254.5,2397.6));
#5364= IFCCARTESIANPOINT((-4070.,10254.5,2577.6));
#5365= IFCCARTESIANPOINT((-2000.,10254.5,2577.6));
#5366= IFCCLOSEDSHELL((#5369,#5372,#5375,#5378,#5381,#5384));
#5367= IFCPOLYLOOP((#5358,#5359,#5360,#5361));
#5368= IFCFACEOUTERBOUND(#5367,.T.);
#5369= IFCFACE((#5368));
#5370= IFCPOLYLOOP((#5362,#5363,#5364,#5365));
#5371= IFCFACEOUTERBOUND(#5370,.T.);
#5372= IFCFACE((#5371));
#5373= IFCPOLYLOOP((#5358,#5359,#5363,#5362));
#5374= IFCFACEOUTERBOUND(#5373,.T.);
#5375= IFCFACE((#5374));
#5376= IFCPOLYLOOP((#5359,#5360,#5364,#5363));
#5377= IFCFACEOUTERBOUND(#5376,.T.);
#5378= IFCFACE((#5377));
#5379= IFCPOLYLOOP((#5360,#5361,#5365,#5364));
#5380= IFCFACEOUTERBOUND(#5379,.T.);
#5381= IFCFACE((#5380));
#5382= IFCPOLYLOOP((#5361,#5358,#5362,#5365));
#5383= IFCFACEOUTERBOUND(#5382,.T.);
#5384= IFCFACE((#5383));
#5385= IFCFACETEDBREP(#5366);
#5386= IFCWALL('23Dh50dov2jAR6P4vCxJ1x',#2,$,$,$,$,$,$);
#5387= IFCBEAM('0K0kIu30v7qRal2mpUTx8f',#2,$,$,$,$,#5388,$);
#5388= IFCPRODUCTDEFINITIONSHAPE($,$,(#5389));
#5389= IFCSHAPEREPRESENTATION(#11,'Body','Brep',(#5417));
#5390= IFCCARTESIANPOINT((-4070.,8255.5,2932.6));
#5391= IFCCARTESIANPOINT((-5680.,8255.5,2932.6));
#5392= IFCCARTESIANPOINT((-5680.,8255.5,3112.6));
#5393= IFCCARTESIANPOINT((-4070.,8255.5,3112.6));
#5394= IFCCARTESIANPOINT((-4070.,8314.5,2932.6));
#5395= IFCCARTESIANPOINT((-5680.,8314.5,2932.6));
#5396= IFCCARTESIANPOINT((-5680.,8314.5,3112.6));
#5397= IFCCARTESIANPOINT((-4070.,8314.5,3112.6));
#5398= IFCCLOSEDSHELL((#5401,#5404,#5407,#5410,#5413,#5416));
#5399= IFCPOLYLOOP((#5390,#5391,#5392,#5393));
#5400= IFCFACEOUTERBOUND(#5399,.T.);
#5401= IFCFACE((#5400));
#5402= IFCPOLYLOOP((#5394,#5395,#5396,#5397));
#5403= IFCFACEOUTERBOUND(#5402,.T.);
#5404= IFCFACE((#5403));
#5405= IFCPOLYLOOP((#5390,#5391,#5395,#5394));
#5406= IFCFACEOUTERBOUND(#5405,.T.);
#5407= IFCFACE((#5406));
#5408= IFCPOLYLOOP((#5391,#5392,#5396,#5395));
#5409= IFCFACEOUTERBOUND(#5408,.T.);
#5410= IFCFACE((#5409));
#5411= IFCPOLYLOOP((#5392,#5393,#5397,#5396));
#5412= IFCFACEOUTERBOUND(#5411,.T.);
#5413= IFCFACE((#5412));
#5414= IFCPOLYLOOP((#5393,#5390,#5394,#5397));
#5415= IFCFACEOUTERBOUND(#5414,.T.);
#5416= IFCFACE((#5415));
#5417= IFCFACETEDBREP(#5398);
#5418= IFCWALL('1EfGQeDrb6T9qWIlgIx7vY',#2,$,$,$,$,$,$);
#5419= IFCBEAM('2wOlwQgPr5zxUZ8$k$JE9f',#2,$,$,$,$,#5420,$);
#5420= IFCPRODUCTDEFINITIONSHAPE($,$,(#5421));
#5421= IFCSHAPEREPRESENTATION(#11,'Body','Brep',(#5449));
#5422= IFCCARTESIANPOINT((-4070.,9225.5,2665.1));
#5423= IFCCARTESIANPOINT((-5680.,9225.5,2665.1));
#5424= IFCCARTESIANPOINT((-5680.,9225.5,2845.1));
#5425= IFCCARTESIANPOINT((-4070.,9225.5,2845.1));
#5426= IFCCARTESIANPOINT((-4070.,9284.5,2665.1));
#5427= IFCCARTESIANPOINT((-5680.,9284.5,2665.1));
#5428= IFCCARTESIANPOINT((-5680.,9284.5,2845.1));
#5429= IFCCARTESIANPOINT((-4070.,9284.5,2845.1));
#5430= IFCCLOSEDSHELL((#5433,#5436,#5439,#5442,#5445,#5448));
#5431= IFCPOLYLOOP((#5422,#5423,#5424,#5425));
#5432= IFCFACEOUTERBOUND(#5431,.T.);
#5433= IFCFACE((#5432));
#5434= IFCPOLYLOOP((#5426,#5427,#5428,#5429));
#5435= IFCFACEOUTERBOUND(#5434,.T.);
#5436= IFCFACE((#5435));
#5437= IFCPOLYLOOP((#5422,#5423,#5427,#5426));
#5438= IFCFACEOUTERBOUND(#5437,.T.);
#5439= IFCFACE((#5438));
#5440= IFCPOLYLOOP((#5423,#5424,#5428,#5427));
#5441= IFCFACEOUTERBOUND(#5440,.T.);
#5442= IFCFACE((#5441));
#5443= IFCPOLYLOOP((#5424,#5425,#5429,#5428));
#5444= IFCFACEOUTERBOUND(#5443,.T.);
#5445= IFCFACE((#5444));
#5446= IFCPOLYLOOP((#5425,#5422,#5426,#5429));
#5447= IFCFACEOUTERBOUND(#5446,.T.);
#5448= IFCFACE((#5447));
#5449= IFCFACETEDBREP(#5430);
#5450= IFCWALL('1mKDE0xOT8TAzJGrR231ey',#2,$,$,$,$,$,$);
#5451= IFCBEAM('2zYv77rbfEZRNqpmNGOWAm',#2,$,$,$,$,#5452,$);
#5452= IFCPRODUCTDEFINITIONSHAPE($,$,(#5453));
#5453= IFCSHAPEREPRESENTATION(#11,'Body','Brep',(#5481));
#5454= IFCCARTESIANPOINT((-4070.,10195.5,2397.6));
#5455= IFCCARTESIANPOINT((-5680.,10195.5,2397.6));
#5456= IFCCARTESIANPOINT((-5680.,10195.5,2577.6));
#5457= IFCCARTESIANPOINT((-4070.,10195.5,2577.6));
#5458= IFCCARTESIANPOINT((-4070.,10254.5,2397.6));
#5459= IFCCARTESIANPOINT((-5680.,10254.5,2397.6));
#5460= IFCCARTESIANPOINT((-5680.,10254.5,2577.6));
#5461= IFCCARTESIANPOINT((-4070.,10254.5,2577.6));
#5462= IFCCLOSEDSHELL((#5465,#5468,#5471,#5474,#5477,#5480));
#5463= IFCPOLYLOOP((#5454,#5455,#5456,#5457));
#5464= IFCFACEOUTERBOUND(#5463,.T.);
#5465= IFCFACE((#5464));
#5466= IFCPOLYLOOP((#5458,#5459,#5460,#5461));
#5467= IFCFACEOUTERBOUND(#5466,.T.);
#5468= IFCFACE((#5467));
#5469= IFCPOLYLOOP((#5454,#5455,#5459,#5458));
#5470= IFCFACEOUTERBOUND(#5469,.T.);
#5471= IFCFACE((#5470));
#5472= IFCPOLYLOOP((#5455,#5456,#5460,#5459));
#5473= IFCFACEOUTERBOUND(#5472,.T.);
#5474= IFCFACE((#5473));
#5475= IFCPOLYLOOP((#5456,#5457,#5461,#5460));
#5476= IFCFACEOUTERBOUND(#5475,.T.);
#5477= IFCFACE((#5476));
#5478= IFCPOLYLOOP((#5457,#5454,#5458,#5461));
#5479= IFCFACEOUTERBOUND(#5478,.T.);
#5480= IFCFACE((#5479));
#5481= IFCFACETEDBREP(#5462);
#5482= IFCWALL('3wxW5ugQ90TPbtOYyYneED',#2,$,$,$,$,$,$);
#5483= IFCBEAM('0dZZ$NSKP4CQbJ2yyG6hHL',#2,$,$,$,$,#5484,$);
#5484= IFCPRODUCTDEFINITIONSHAPE($,$,(#5485));
#5485= IFCSHAPEREPRESENTATION(#11,'Body','Brep',(#5513));
#5486= IFCCARTESIANPOINT((-5680.,8255.5,2932.6));
#5487= IFCCARTESIANPOINT((-7840.,8255.5,2932.6));
#5488= IFCCARTESIANPOINT((-7840.,8255.5,3112.6));
#5489= IFCCARTESIANPOINT((-5680.,8255.5,3112.6));
#5490= IFCCARTESIANPOINT((-5680.,8314.5,2932.6));
#5491= IFCCARTESIANPOINT((-7840.,8314.5,2932.6));
#5492= IFCCARTESIANPOINT((-7840.,8314.5,3112.6));
#5493= IFCCARTESIANPOINT((-5680.,8314.5,3112.6));
#5494= IFCCLOSEDSHELL((#5497,#5500,#5503,#5506,#5509,#5512));
#5495= IFCPOLYLOOP((#5486,#5487,#5488,#5489));
#5496= IFCFACEOUTERBOUND(#5495,.T.);
#5497= IFCFACE((#5496));
#5498= IFCPOLYLOOP((#5490,#5491,#5492,#5493));
#5499= IFCFACEOUTERBOUND(#5498,.T.);
#5500= IFCFACE((#5499));
#5501= IFCPOLYLOOP((#5486,#5487,#5491,#5490));
#5502= IFCFACEOUTERBOUND(#5501,.T.);
#5503= IFCFACE((#5502));
#5504= IFCPOLYLOOP((#5487,#5488,#5492,#5491));
#5505= IFCFACEOUTERBOUND(#5504,.T.);
#5506= IFCFACE((#5505));
#5507= IFCPOLYLOOP((#5488,#5489,#5493,#5492));
#5508= IFCFACEOUTERBOUND(#5507,.T.);
#5509= IFCFACE((#5508));
#5510= IFCPOLYLOOP((#5489,#5486,#5490,#5493));
#5511= IFCFACEOUTERBOUND(#5510,.T.);
#5512= IFCFACE((#5511));
#5513= IFCFACETEDBREP(#5494);
#5514= IFCWALL('1FueGU73LFPRfFF0yy7nh6',#2,$,$,$,$,$,$);
#5515= IFCBEAM('0AKvSyveH3U9GNBvHeZlT5',#2,$,$,$,$,#5516,$);
#5516= IFCPRODUCTDEFINITIONSHAPE($,$,(#5517));
#5517= IFCSHAPEREPRESENTATION(#11,'Body','Brep',(#5545));
#5518= IFCCARTESIANPOINT((-5680.,9225.5,2665.1));
#5519= IFCCARTESIANPOINT((-7840.,9225.5,2665.1));
#5520= IFCCARTESIANPOINT((-7840.,9225.5,2845.1));
#5521= IFCCARTESIANPOINT((-5680.,9225.5,2845.1));
#5522= IFCCARTESIANPOINT((-5680.,9284.5,2665.1));
#5523= IFCCARTESIANPOINT((-7840.,9284.5,2665.1));
#5524= IFCCARTESIANPOINT((-7840.,9284.5,2845.1));
#5525= IFCCARTESIANPOINT((-5680.,9284.5,2845.1));
#5526= IFCCLOSEDSHELL((#5529,#5532,#5535,#5538,#5541,#5544));
#5527= IFCPOLYLOOP((#5518,#5519,#5520,#5521));
#5528= IFCFACEOUTERBOUND(#5527,.T.);
#5529= IFCFACE((#5528));
#5530= IFCPOLYLOOP((#5522,#5523,#5524,#5525));
#5531= IFCFACEOUTERBOUND(#5530,.T.);
#5532= IFCFACE((#5531));
#5533= IFCPOLYLOOP((#5518,#5519,#5523,#5522));
#5534= IFCFACEOUTERBOUND(#5533,.T.);
#5535= IFCFACE((#5534));
#5536= IFCPOLYLOOP((#5519,#5520,#5524,#5523));
#5537= IFCFACEOUTERBOUND(#5536,.T.);
#5538= IFCFACE((#5537));
#5539= IFCPOLYLOOP((#5520,#5521,#5525,#5524));
#5540= IFCFACEOUTERBOUND(#5539,.T.);
#5541= IFCFACE((#5540));
#5542= IFCPOLYLOOP((#5521,#5518,#5522,#5525));
#5543= IFCFACEOUTERBOUND(#5542,.T.);
#5544= IFCFACE((#5543));
#5545= IFCFACETEDBREP(#5526);
#5546= IFCWALL('2s4xoMpnL3kQUNWflkQKEh',#2,$,$,$,$,$,$);
#5547= IFCBEAM('2h$y7DX_L52QtXixSdVdJu',#2,$,$,$,$,#5548,$);
#5548= IFCPRODUCTDEFINITIONSHAPE($,$,(#5549));
#5549= IFCSHAPEREPRESENTATION(#11,'Body','Brep',(#5577));
#5550= IFCCARTESIANPOINT((-5680.,10195.5,2397.6));
#5551= IFCCARTESIANPOINT((-7840.,10195.5,2397.6));
#5552= IFCCARTESIANPOINT((-7840.,10195.5,2577.6));
#5553= IFCCARTESIANPOINT((-5680.,10195.5,2577.6));
#5554= IFCCARTESIANPOINT((-5680.,10254.5,2397.6));
#5555= IFCCARTESIANPOINT((-7840.,10254.5,2397.6));
#5556= IFCCARTESIANPOINT((-7840.,10254.5,2577.6));
#5557= IFCCARTESIANPOINT((-5680.,10254.5,2577.6));
#5558= IFCCLOSEDSHELL((#5561,#5564,#5567,#5570,#5573,#5576));
#5559= IFCPOLYLOOP((#5550,#5551,#5552,#5553));
#5560= IFCFACEOUTERBOUND(#5559,.T.);
#5561= IFCFACE((#5560));
#5562= IFCPOLYLOOP((#5554,#5555,#5556,#5557));
#5563= IFCFACEOUTERBOUND(#5562,.T.);
#5564= IFCFACE((#5563));
#5565= IFCPOLYLOOP((#5550,#5551,#5555,#5554));
#5566= IFCFACEOUTERBOUND(#5565,.T.);
#5567= IFCFACE((#5566));
#5568= IFCPOLYLOOP((#5551,#5552,#5556,#5555));
#5569= IFCFACEOUTERBOUND(#5568,.T.);
#5570= IFCFACE((#5569));
#5571= IFCPOLYLOOP((#5552,#5553,#5557,#5556));
#5572= IFCFACEOUTERBOUND(#5571,.T.);
#5573= IFCFACE((#5572));
#5574= IFCPOLYLOOP((#5553,#5550,#5554,#5557));
#5575= IFCFACEOUTERBOUND(#5574,.T.);
#5576= IFCFACE((#5575));
#5577= IFCFACETEDBREP(#5558);
#5578= IFCWALL('0qGpyStA942fS4O7Yyqa$O',#2,$,$,$,$,$,$);
#5579= IFCBEAM('32ilZksU9FURuzfk6iZjcn',#2,$,$,$,$,#5580,$);
#5580= IFCPRODUCTDEFINITIONSHAPE($,$,(#5581));
#5581= IFCSHAPEREPRESENTATION(#11,'Body','Brep',(#5609));
#5582= IFCCARTESIANPOINT((-7840.,8255.5,2932.6));
#5583= IFCCARTESIANPOINT((-8920.,8255.5,2932.6));
#5584= IFCCARTESIANPOINT((-8920.,8255.5,3112.6));
#5585= IFCCARTESIANPOINT((-7840.,8255.5,3112.6));
#5586= IFCCARTESIANPOINT((-7840.,8314.5,2932.6));
#5587= IFCCARTESIANPOINT((-8920.,8314.5,2932.6));
#5588= IFCCARTESIANPOINT((-8920.,8314.5,3112.6));
#5589= IFCCARTESIANPOINT((-7840.,8314.5,3112.6));
#5590= IFCCLOSEDSHELL((#5593,#5596,#5599,#5602,#5605,#5608));
#5591= IFCPOLYLOOP((#5582,#5583,#5584,#5585));
#5592= IFCFACEOUTERBOUND(#5591,.T.);
#5593= IFCFACE((#5592));
#5594= IFCPOLYLOOP((#5586,#5587,#5588,#5589));
#5595= IFCFACEOUTERBOUND(#5594,.T.);
#5596= IFCFACE((#5595));
#5597= IFCPOLYLOOP((#5582,#5583,#5587,#5586));
#5598= IFCFACEOUTERBOUND(#5597,.T.);
#5599= IFCFACE((#5598));
#5600= IFCPOLYLOOP((#5583,#5584,#5588,#5587));
#5601= IFCFACEOUTERBOUND(#5600,.T.);
#5602= IFCFACE((#5601));
#5603= IFCPOLYLOOP((#5584,#5585,#5589,#5588));
#5604= IFCFACEOUTERBOUND(#5603,.T.);
#5605= IFCFACE((#5604));
#5606= IFCPOLYLOOP((#5585,#5582,#5586,#5589));
#5607= IFCFACEOUTERBOUND(#5606,.T.);
#5608= IFCFACE((#5607));
#5609= IFCFACETEDBREP(#5590);
#5610= IFCWALL('36sSZtKpL0VOv2ebl32x8S',#2,$,$,$,$,$,$);
#5611= IFCBEAM('1m98omBT51xujylFz0bpSQ',#2,$,$,$,$,#5612,$);
#5612= IFCPRODUCTDEFINITIONSHAPE($,$,(#5613));
#5613= IFCSHAPEREPRESENTATION(#11,'Body','Brep',(#5641));
#5614= IFCCARTESIANPOINT((-7840.,9225.5,2665.1));
#5615= IFCCARTESIANPOINT((-8920.,9225.5,2665.1));
#5616= IFCCARTESIANPOINT((-8920.,9225.5,2845.1));
#5617= IFCCARTESIANPOINT((-7840.,9225.5,2845.1));
#5618= IFCCARTESIANPOINT((-7840.,9284.5,2665.1));
#5619= IFCCARTESIANPOINT((-8920.,9284.5,2665.1));
#5620= IFCCARTESIANPOINT((-8920.,9284.5,2845.1));
#5621= IFCCARTESIANPOINT((-7840.,9284.5,2845.1));
#5622= IFCCLOSEDSHELL((#5625,#5628,#5631,#5634,#5637,#5640));
#5623= IFCPOLYLOOP((#5614,#5615,#5616,#5617));
#5624= IFCFACEOUTERBOUND(#5623,.T.);
#5625= IFCFACE((#5624));
#5626= IFCPOLYLOOP((#5618,#5619,#5620,#5621));
#5627= IFCFACEOUTERBOUND(#5626,.T.);
#5628= IFCFACE((#5627));
#5629= IFCPOLYLOOP((#5614,#5615,#5619,#5618));
#5630= IFCFACEOUTERBOUND(#5629,.T.);
#5631= IFCFACE((#5630));
#5632= IFCPOLYLOOP((#5615,#5616,#5620,#5619));
#5633= IFCFACEOUTERBOUND(#5632,.T.);
#5634= IFCFACE((#5633));
#5635= IFCPOLYLOOP((#5616,#5617,#5621,#5620));
#5636= IFCFACEOUTERBOUND(#5635,.T.);
#5637= IFCFACE((#5636));
#5638= IFCPOLYLOOP((#5617,#5614,#5618,#5621));
#5639= IFCFACEOUTERBOUND(#5638,.T.);
#5640= IFCFACE((#5639));
#5641= IFCFACETEDBREP(#5622);
#5642= IFCWALL('2Lgnz3YJz82RyUuzwtvJ_R',#2,$,$,$,$,$,$);
#5643= IFCBEAM('2x2adlz4n4iv0R256xxKNv',#2,$,$,$,$,#5644,$);
#5644= IFCPRODUCTDEFINITIONSHAPE($,$,(#5645));
#5645= IFCSHAPEREPRESENTATION(#11,'Body','Brep',(#5673));
#5646= IFCCARTESIANPOINT((-7840.,10195.5,2397.6));
#5647= IFCCARTESIANPOINT((-8920.,10195.5,2397.6));
#5648= IFCCARTESIANPOINT((-8920.,10195.5,2577.6));
#5649= IFCCARTESIANPOINT((-7840.,10195.5,2577.6));
#5650= IFCCARTESIANPOINT((-7840.,10254.5,2397.6));
#5651= IFCCARTESIANPOINT((-8920.,10254.5,2397.6));
#5652= IFCCARTESIANPOINT((-8920.,10254.5,2577.6));
#5653= IFCCARTESIANPOINT((-7840.,10254.5,2577.6));
#5654= IFCCLOSEDSHELL((#5657,#5660,#5663,#5666,#5669,#5672));
#5655= IFCPOLYLOOP((#5646,#5647,#5648,#5649));
#5656= IFCFACEOUTERBOUND(#5655,.T.);
#5657= IFCFACE((#5656));
#5658= IFCPOLYLOOP((#5650,#5651,#5652,#5653));
#5659= IFCFACEOUTERBOUND(#5658,.T.);
#5660= IFCFACE((#5659));
#5661= IFCPOLYLOOP((#5646,#5647,#5651,#5650));
#5662= IFCFACEOUTERBOUND(#5661,.T.);
#5663= IFCFACE((#5662));
#5664= IFCPOLYLOOP((#5647,#5648,#5652,#5651));
#5665= IFCFACEOUTERBOUND(#5664,.T.);
#5666= IFCFACE((#5665));
#5667= IFCPOLYLOOP((#5648,#5649,#5653,#5652));
#5668= IFCFACEOUTERBOUND(#5667,.T.);
#5669= IFCFACE((#5668));
#5670= IFCPOLYLOOP((#5649,#5646,#5650,#5653));
#5671= IFCFACEOUTERBOUND(#5670,.T.);
#5672= IFCFACE((#5671));
#5673= IFCFACETEDBREP(#5654);
#5674= IFCWALL('0kcVb_R1H79O0rt9pwYL2F',#2,$,$,$,$,$,$);
#5675= IFCBEAM('0pqOMv$zz4vfUdkR206Oe8',#2,$,$,$,$,#5676,$);
#5676= IFCPRODUCTDEFINITIONSHAPE($,$,(#5677));
#5677= IFCSHAPEREPRESENTATION(#11,'Body','Brep',(#5705));
#5678= IFCCARTESIANPOINT((-8920.,8255.5,2932.6));
#5679= IFCCARTESIANPOINT((-10005.5,8255.5,2932.6));
#5680= IFCCARTESIANPOINT((-10005.5,8255.5,3112.6));
#5681= IFCCARTESIANPOINT((-8920.,8255.5,3112.6));
#5682= IFCCARTESIANPOINT((-8920.,8314.5,2932.6));
#5683= IFCCARTESIANPOINT((-10005.5,8314.5,2932.6));
#5684= IFCCARTESIANPOINT((-10005.5,8314.5,3112.6));
#5685= IFCCARTESIANPOINT((-8920.,8314.5,3112.6));
#5686= IFCCLOSEDSHELL((#5689,#5692,#5695,#5698,#5701,#5704));
#5687= IFCPOLYLOOP((#5678,#5679,#5680,#5681));
#5688= IFCFACEOUTERBOUND(#5687,.T.);
#5689= IFCFACE((#5688));
#5690= IFCPOLYLOOP((#5682,#5683,#5684,#5685));
#5691= IFCFACEOUTERBOUND(#5690,.T.);
#5692= IFCFACE((#5691));
#5693= IFCPOLYLOOP((#5678,#5679,#5683,#5682));
#5694= IFCFACEOUTERBOUND(#5693,.T.);
#5695= IFCFACE((#5694));
#5696= IFCPOLYLOOP((#5679,#5680,#5684,#5683));
#5697= IFCFACEOUTERBOUND(#5696,.T.);
#5698= IFCFACE((#5697));
#5699= IFCPOLYLOOP((#5680,#5681,#5685,#5684));
#5700= IFCFACEOUTERBOUND(#5699,.T.);
#5701= IFCFACE((#5700));
#5702= IFCPOLYLOOP((#5681,#5678,#5682,#5685));
#5703= IFCFACEOUTERBOUND(#5702,.T.);
#5704= IFCFACE((#5703));
#5705= IFCFACETEDBREP(#5686);
#5706= IFCWALL('2_jOYfp0PC0RgN7uxW22zV',#2,$,$,$,$,$,$);
#5707= IFCBEAM('26pyIO9Jb3QhzthqePieFk',#2,$,$,$,$,#5708,$);
#5708= IFCPRODUCTDEFINITIONSHAPE($,$,(#5709));
#5709= IFCSHAPEREPRESENTATION(#11,'Body','Brep',(#5737));
#5710= IFCCARTESIANPOINT((-8920.,9225.5,2665.1));
#5711= IFCCARTESIANPOINT((-10005.5,9225.5,2665.1));
#5712= IFCCARTESIANPOINT((-10005.5,9225.5,2845.1));
#5713= IFCCARTESIANPOINT((-8920.,9225.5,2845.1));
#5714= IFCCARTESIANPOINT((-8920.,9284.5,2665.1));
#5715= IFCCARTESIANPOINT((-10005.5,9284.5,2665.1));
#5716= IFCCARTESIANPOINT((-10005.5,9284.5,2845.1));
#5717= IFCCARTESIANPOINT((-8920.,9284.5,2845.1));
#5718= IFCCLOSEDSHELL((#5721,#5724,#5727,#5730,#5733,#5736));
#5719= IFCPOLYLOOP((#5710,#5711,#5712,#5713));
#5720= IFCFACEOUTERBOUND(#5719,.T.);
#5721= IFCFACE((#5720));
#5722= IFCPOLYLOOP((#5714,#5715,#5716,#5717));
#5723= IFCFACEOUTERBOUND(#5722,.T.);
#5724= IFCFACE((#5723));
#5725= IFCPOLYLOOP((#5710,#5711,#5715,#5714));
#5726= IFCFACEOUTERBOUND(#5725,.T.);
#5727= IFCFACE((#5726));
#5728= IFCPOLYLOOP((#5711,#5712,#5716,#5715));
#5729= IFCFACEOUTERBOUND(#5728,.T.);
#5730= IFCFACE((#5729));
#5731= IFCPOLYLOOP((#5712,#5713,#5717,#5716));
#5732= IFCFACEOUTERBOUND(#5731,.T.);
#5733= IFCFACE((#5732));
#5734= IFCPOLYLOOP((#5713,#5710,#5714,#5717));
#5735= IFCFACEOUTERBOUND(#5734,.T.);
#5736= IFCFACE((#5735));
#5737= IFCFACETEDBREP(#5718);
#5738= IFCWALL('0FtfqL$cLE6w5ugV9Y6kKP',#2,$,$,$,$,$,$);
#5739= IFCBEAM('0GaM20a0vDaR4Luw3YabxU',#2,$,$,$,$,#5740,$);
#5740= IFCPRODUCTDEFINITIONSHAPE($,$,(#5741));
#5741= IFCSHAPEREPRESENTATION(#11,'Body','Brep',(#5769));
#5742= IFCCARTESIANPOINT((-8920.,10195.5,2397.6));
#5743= IFCCARTESIANPOINT((-10005.5,10195.5,2397.6));
#5744= IFCCARTESIANPOINT((-10005.5,10195.5,2577.6));
#5745= IFCCARTESIANPOINT((-8920.,10195.5,2577.6));
#5746= IFCCARTESIANPOINT((-8920.,10254.5,2397.6));
#5747= IFCCARTESIANPOINT((-10005.5,10254.5,2397.6));
#5748= IFCCARTESIANPOINT((-10005.5,10254.5,2577.6));
#5749= IFCCARTESIANPOINT((-8920.,10254.5,2577.6));
#5750= IFCCLOSEDSHELL((#5753,#5756,#5759,#5762,#5765,#5768));
#5751= IFCPOLYLOOP((#5742,#5743,#5744,#5745));
#5752= IFCFACEOUTERBOUND(#5751,.T.);
#5753= IFCFACE((#5752));
#5754= IFCPOLYLOOP((#5746,#5747,#5748,#5749));
#5755= IFCFACEOUTERBOUND(#5754,.T.);
#5756= IFCFACE((#5755));
#5757= IFCPOLYLOOP((#5742,#5743,#5747,#5746));
#5758= IFCFACEOUTERBOUND(#5757,.T.);
#5759= IFCFACE((#5758));
#5760= IFCPOLYLOOP((#5743,#5744,#5748,#5747));
#5761= IFCFACEOUTERBOUND(#5760,.T.);
#5762= IFCFACE((#5761));
#5763= IFCPOLYLOOP((#5744,#5745,#5749,#5748));
#5764= IFCFACEOUTERBOUND(#5763,.T.);
#5765= IFCFACE((#5764));
#5766= IFCPOLYLOOP((#5745,#5742,#5746,#5749));
#5767= IFCFACEOUTERBOUND(#5766,.T.);
#5768= IFCFACE((#5767));
#5769= IFCFACETEDBREP(#5750);
#5770= IFCWALL('2renQZ5GbBuPOVuKlfSNYT',#2,$,$,$,$,$,$);
#5771= IFCBEAM('3ndTX8dLnFwvGMZJ9fVFhG',#2,$,$,$,$,#5772,$);
#5772= IFCPRODUCTDEFINITIONSHAPE($,$,(#5773));
#5773= IFCSHAPEREPRESENTATION(#11,'Body','Brep',(#5801));
#5774= IFCCARTESIANPOINT((-9866.,11220.5,2155.));
#5775= IFCCARTESIANPOINT((-10005.5,11220.5,2155.));
#5776= IFCCARTESIANPOINT((-10005.5,11220.5,2295.));
#5777= IFCCARTESIANPOINT((-9866.,11220.5,2295.));
#5778= IFCCARTESIANPOINT((-9866.,11279.5,2155.));
#5779= IFCCARTESIANPOINT((-10005.5,11279.5,2155.));
#5780= IFCCARTESIANPOINT((-10005.5,11279.5,2295.));
#5781= IFCCARTESIANPOINT((-9866.,11279.5,2295.));
#5782= IFCCLOSEDSHELL((#5785,#5788,#5791,#5794,#5797,#5800));
#5783= IFCPOLYLOOP((#5774,#5775,#5776,#5777));
#5784= IFCFACEOUTERBOUND(#5783,.T.);
#5785= IFCFACE((#5784));
#5786= IFCPOLYLOOP((#5778,#5779,#5780,#5781));
#5787= IFCFACEOUTERBOUND(#5786,.T.);
#5788= IFCFACE((#5787));
#5789= IFCPOLYLOOP((#5774,#5775,#5779,#5778));
#5790= IFCFACEOUTERBOUND(#5789,.T.);
#5791= IFCFACE((#5790));
#5792= IFCPOLYLOOP((#5775,#5776,#5780,#5779));
#5793= IFCFACEOUTERBOUND(#5792,.T.);
#5794= IFCFACE((#5793));
#5795= IFCPOLYLOOP((#5776,#5777,#5781,#5780));
#5796= IFCFACEOUTERBOUND(#5795,.T.);
#5797= IFCFACE((#5796));
#5798= IFCPOLYLOOP((#5777,#5774,#5778,#5781));
#5799= IFCFACEOUTERBOUND(#5798,.T.);
#5800= IFCFACE((#5799));
#5801= IFCFACETEDBREP(#5782);
#5802= IFCWALL('0zLXoFA8jBehiizsml_vLc',#2,$,$,$,$,$,$);
#5803= IFCBEAM('0gMWCtyYX0WvCaTGGhWfcf',#2,$,$,$,$,#5804,$);
#5804= IFCPRODUCTDEFINITIONSHAPE($,$,(#5805));
#5805= IFCSHAPEREPRESENTATION(#11,'Body','Brep',(#5833));
#5806= IFCCARTESIANPOINT((-8920.,3350.5,3184.9));
#5807= IFCCARTESIANPOINT((-10005.5,3350.5,3184.9));
#5808= IFCCARTESIANPOINT((-10005.5,3350.5,3364.9));
#5809= IFCCARTESIANPOINT((-8920.,3350.5,3364.9));
#5810= IFCCARTESIANPOINT((-8920.,3409.5,3184.9));
#5811= IFCCARTESIANPOINT((-10005.5,3409.5,3184.9));
#5812= IFCCARTESIANPOINT((-10005.5,3409.5,3364.9));
#5813= IFCCARTESIANPOINT((-8920.,3409.5,3364.9));
#5814= IFCCLOSEDSHELL((#5817,#5820,#5823,#5826,#5829,#5832));
#5815= IFCPOLYLOOP((#5806,#5807,#5808,#5809));
#5816= IFCFACEOUTERBOUND(#5815,.T.);
#5817= IFCFACE((#5816));
#5818= IFCPOLYLOOP((#5810,#5811,#5812,#5813));
#5819= IFCFACEOUTERBOUND(#5818,.T.);
#5820= IFCFACE((#5819));
#5821= IFCPOLYLOOP((#5806,#5807,#5811,#5810));
#5822= IFCFACEOUTERBOUND(#5821,.T.);
#5823= IFCFACE((#5822));
#5824= IFCPOLYLOOP((#5807,#5808,#5812,#5811));
#5825= IFCFACEOUTERBOUND(#5824,.T.);
#5826= IFCFACE((#5825));
#5827= IFCPOLYLOOP((#5808,#5809,#5813,#5812));
#5828= IFCFACEOUTERBOUND(#5827,.T.);
#5829= IFCFACE((#5828));
#5830= IFCPOLYLOOP((#5809,#5806,#5810,#5813));
#5831= IFCFACEOUTERBOUND(#5830,.T.);
#5832= IFCFACE((#5831));
#5833= IFCFACETEDBREP(#5814);
#5834= IFCWALL('0LTorkMjDDq9_I4aiIpHwn',#2,$,$,$,$,$,$);
#5835= IFCBEAM('2Ws9E3Xk538hgtAiI6RlFM',#2,$,$,$,$,#5836,$);
#5836= IFCPRODUCTDEFINITIONSHAPE($,$,(#5837));
#5837= IFCSHAPEREPRESENTATION(#11,'Body','Brep',(#5865));
#5838= IFCCARTESIANPOINT((-2000.,-529.,-180.));
#5839= IFCCARTESIANPOINT((-9750.,-529.,-180.));
#5840= IFCCARTESIANPOINT((-9750.,-529.,0.));
#5841= IFCCARTESIANPOINT((-2000.,-529.,0.));
#5842= IFCCARTESIANPOINT((-2000.,-471.,-180.));
#5843= IFCCARTESIANPOINT((-9750.,-471.,-180.));
#5844= IFCCARTESIANPOINT((-9750.,-471.,0.));
#5845= IFCCARTESIANPOINT((-2000.,-471.,0.));
#5846= IFCCLOSEDSHELL((#5849,#5852,#5855,#5858,#5861,#5864));
#5847= IFCPOLYLOOP((#5838,#5839,#5840,#5841));
#5848= IFCFACEOUTERBOUND(#5847,.T.);
#5849= IFCFACE((#5848));
#5850= IFCPOLYLOOP((#5842,#5843,#5844,#5845));
#5851= IFCFACEOUTERBOUND(#5850,.T.);
#5852= IFCFACE((#5851));
#5853= IFCPOLYLOOP((#5838,#5839,#5843,#5842));
#5854= IFCFACEOUTERBOUND(#5853,.T.);
#5855= IFCFACE((#5854));
#5856= IFCPOLYLOOP((#5839,#5840,#5844,#5843));
#5857= IFCFACEOUTERBOUND(#5856,.T.);
#5858= IFCFACE((#5857));
#5859= IFCPOLYLOOP((#5840,#5841,#5845,#5844));
#5860= IFCFACEOUTERBOUND(#5859,.T.);
#5861= IFCFACE((#5860));
#5862= IFCPOLYLOOP((#5841,#5838,#5842,#5845));
#5863= IFCFACEOUTERBOUND(#5862,.T.);
#5864= IFCFACE((#5863));
#5865= IFCFACETEDBREP(#5846);
#5866= IFCWALL('2Lmu0PKgr7T9lkFTBC951i',#2,$,$,$,$,$,$);
#5867= IFCBEAM('0rf3X6Cx5BTfkMT2yZUdu3',#2,$,$,$,$,#5868,$);
#5868= IFCPRODUCTDEFINITIONSHAPE($,$,(#5869));
#5869= IFCSHAPEREPRESENTATION(#11,'Body','Brep',(#5897));
#5870= IFCCARTESIANPOINT((-2000.,-29.,-180.));
#5871= IFCCARTESIANPOINT((-9750.,-29.,-180.));
#5872= IFCCARTESIANPOINT((-9750.,-29.,0.));
#5873= IFCCARTESIANPOINT((-2000.,-29.,0.));
#5874= IFCCARTESIANPOINT((-2000.,29.,-180.));
#5875= IFCCARTESIANPOINT((-9750.,29.,-180.));
#5876= IFCCARTESIANPOINT((-9750.,29.,0.));
#5877= IFCCARTESIANPOINT((-2000.,29.,0.));
#5878= IFCCLOSEDSHELL((#5881,#5884,#5887,#5890,#5893,#5896));
#5879= IFCPOLYLOOP((#5870,#5871,#5872,#5873));
#5880= IFCFACEOUTERBOUND(#5879,.T.);
#5881= IFCFACE((#5880));
#5882= IFCPOLYLOOP((#5874,#5875,#5876,#5877));
#5883= IFCFACEOUTERBOUND(#5882,.T.);
#5884= IFCFACE((#5883));
#5885= IFCPOLYLOOP((#5870,#5871,#5875,#5874));
#5886= IFCFACEOUTERBOUND(#5885,.T.);
#5887= IFCFACE((#5886));
#5888= IFCPOLYLOOP((#5871,#5872,#5876,#5875));
#5889= IFCFACEOUTERBOUND(#5888,.T.);
#5890= IFCFACE((#5889));
#5891= IFCPOLYLOOP((#5872,#5873,#5877,#5876));
#5892= IFCFACEOUTERBOUND(#5891,.T.);
#5893= IFCFACE((#5892));
#5894= IFCPOLYLOOP((#5873,#5870,#5874,#5877));
#5895= IFCFACEOUTERBOUND(#5894,.T.);
#5896= IFCFACE((#5895));
#5897= IFCFACETEDBREP(#5878);
#5898= IFCWALL('21bRFjgcX7q8O7W3KTFo46',#2,$,$,$,$,$,$);
#5899= IFCBEAM('2oFtVz1zPD$ec_yOmgFAmR',#2,$,$,$,$,#5900,$);
#5900= IFCPRODUCTDEFINITIONSHAPE($,$,(#5901));
#5901= IFCSHAPEREPRESENTATION(#11,'Body','Brep',(#5929));
#5902= IFCCARTESIANPOINT((-2000.,471.,-180.));
#5903= IFCCARTESIANPOINT((-9750.,471.,-180.));
#5904= IFCCARTESIANPOINT((-9750.,471.,0.));
#5905= IFCCARTESIANPOINT((-2000.,471.,0.));
#5906= IFCCARTESIANPOINT((-2000.,529.,-180.));
#5907= IFCCARTESIANPOINT((-9750.,529.,-180.));
#5908= IFCCARTESIANPOINT((-9750.,529.,0.));
#5909= IFCCARTESIANPOINT((-2000.,529.,0.));
#5910= IFCCLOSEDSHELL((#5913,#5916,#5919,#5922,#5925,#5928));
#5911= IFCPOLYLOOP((#5902,#5903,#5904,#5905));
#5912= IFCFACEOUTERBOUND(#5911,.T.);
#5913= IFCFACE((#5912));
#5914= IFCPOLYLOOP((#5906,#5907,#5908,#5909));
#5915= IFCFACEOUTERBOUND(#5914,.T.);
#5916= IFCFACE((#5915));
#5917= IFCPOLYLOOP((#5902,#5903,#5907,#5906));
#5918= IFCFACEOUTERBOUND(#5917,.T.);
#5919= IFCFACE((#5918));
#5920= IFCPOLYLOOP((#5903,#5904,#5908,#5907));
#5921= IFCFACEOUTERBOUND(#5920,.T.);
#5922= IFCFACE((#5921));
#5923= IFCPOLYLOOP((#5904,#5905,#5909,#5908));
#5924= IFCFACEOUTERBOUND(#5923,.T.);
#5925= IFCFACE((#5924));
#5926= IFCPOLYLOOP((#5905,#5902,#5906,#5909));
#5927= IFCFACEOUTERBOUND(#5926,.T.);
#5928= IFCFACE((#5927));
#5929= IFCFACETEDBREP(#5910);
#5930= IFCWALL('327fR_4jv9bRwQI8m_kYQP',#2,$,$,$,$,$,$);
#5931= IFCBEAM('0_uVQP7wL3mf7rTxn25KXM',#2,$,$,$,$,#5932,$);
#5932= IFCPRODUCTDEFINITIONSHAPE($,$,(#5933));
#5933= IFCSHAPEREPRESENTATION(#11,'Body','Brep',(#5961));
#5934= IFCCARTESIANPOINT((-2000.,971.,-180.));
#5935= IFCCARTESIANPOINT((-9750.,971.,-180.));
#5936= IFCCARTESIANPOINT((-9750.,971.,0.));
#5937= IFCCARTESIANPOINT((-2000.,971.,0.));
#5938= IFCCARTESIANPOINT((-2000.,1029.,-180.));
#5939= IFCCARTESIANPOINT((-9750.,1029.,-180.));
#5940= IFCCARTESIANPOINT((-9750.,1029.,0.));
#5941= IFCCARTESIANPOINT((-2000.,1029.,0.));
#5942= IFCCLOSEDSHELL((#5945,#5948,#5951,#5954,#5957,#5960));
#5943= IFCPOLYLOOP((#5934,#5935,#5936,#5937));
#5944= IFCFACEOUTERBOUND(#5943,.T.);
#5945= IFCFACE((#5944));
#5946= IFCPOLYLOOP((#5938,#5939,#5940,#5941));
#5947= IFCFACEOUTERBOUND(#5946,.T.);
#5948= IFCFACE((#5947));
#5949= IFCPOLYLOOP((#5934,#5935,#5939,#5938));
#5950= IFCFACEOUTERBOUND(#5949,.T.);
#5951= IFCFACE((#5950));
#5952= IFCPOLYLOOP((#5935,#5936,#5940,#5939));
#5953= IFCFACEOUTERBOUND(#5952,.T.);
#5954= IFCFACE((#5953));
#5955= IFCPOLYLOOP((#5936,#5937,#5941,#5940));
#5956= IFCFACEOUTERBOUND(#5955,.T.);
#5957= IFCFACE((#5956));
#5958= IFCPOLYLOOP((#5937,#5934,#5938,#5941));
#5959= IFCFACEOUTERBOUND(#5958,.T.);
#5960= IFCFACE((#5959));
#5961= IFCFACETEDBREP(#5942);
#5962= IFCWALL('0wMR1$OV1F7uPaPlRhMF1f',#2,$,$,$,$,$,$);
#5963= IFCBEAM('0kRw7glBL7QeamiLfD7bM$',#2,$,$,$,$,#5964,$);
#5964= IFCPRODUCTDEFINITIONSHAPE($,$,(#5965));
#5965= IFCSHAPEREPRESENTATION(#11,'Body','Brep',(#5993));
#5966= IFCCARTESIANPOINT((-2000.,1471.,-180.));
#5967= IFCCARTESIANPOINT((-9750.,1471.,-180.));
#5968= IFCCARTESIANPOINT((-9750.,1471.,0.));
#5969= IFCCARTESIANPOINT((-2000.,1471.,0.));
#5970= IFCCARTESIANPOINT((-2000.,1529.,-180.));
#5971= IFCCARTESIANPOINT((-9750.,1529.,-180.));
#5972= IFCCARTESIANPOINT((-9750.,1529.,0.));
#5973= IFCCARTESIANPOINT((-2000.,1529.,0.));
#5974= IFCCLOSEDSHELL((#5977,#5980,#5983,#5986,#5989,#5992));
#5975= IFCPOLYLOOP((#5966,#5967,#5968,#5969));
#5976= IFCFACEOUTERBOUND(#5975,.T.);
#5977= IFCFACE((#5976));
#5978= IFCPOLYLOOP((#5970,#5971,#5972,#5973));
#5979= IFCFACEOUTERBOUND(#5978,.T.);
#5980= IFCFACE((#5979));
#5981= IFCPOLYLOOP((#5966,#5967,#5971,#5970));
#5982= IFCFACEOUTERBOUND(#5981,.T.);
#5983= IFCFACE((#5982));
#5984= IFCPOLYLOOP((#5967,#5968,#5972,#5971));
#5985= IFCFACEOUTERBOUND(#5984,.T.);
#5986= IFCFACE((#5985));
#5987= IFCPOLYLOOP((#5968,#5969,#5973,#5972));
#5988= IFCFACEOUTERBOUND(#5987,.T.);
#5989= IFCFACE((#5988));
#5990= IFCPOLYLOOP((#5969,#5966,#5970,#5973));
#5991= IFCFACEOUTERBOUND(#5990,.T.);
#5992= IFCFACE((#5991));
#5993= IFCFACETEDBREP(#5974);
#5994= IFCWALL('1mdcG2Sen2WgsLzk6SqTCY',#2,$,$,$,$,$,$);
#5995= IFCBEAM('2KytNpSn98uvaArA4ZaHrX',#2,$,$,$,$,#5996,$);
#5996= IFCPRODUCTDEFINITIONSHAPE($,$,(#5997));
#5997= IFCSHAPEREPRESENTATION(#11,'Body','Brep',(#6025));
#5998= IFCCARTESIANPOINT((-2000.,1971.,-180.));
#5999= IFCCARTESIANPOINT((-9750.,1971.,-180.));
#6000= IFCCARTESIANPOINT((-9750.,1971.,0.));
#6001= IFCCARTESIANPOINT((-2000.,1971.,0.));
#6002= IFCCARTESIANPOINT((-2000.,2029.,-180.));
#6003= IFCCARTESIANPOINT((-9750.,2029.,-180.));
#6004= IFCCARTESIANPOINT((-9750.,2029.,0.));
#6005= IFCCARTESIANPOINT((-2000.,2029.,0.));
#6006= IFCCLOSEDSHELL((#6009,#6012,#6015,#6018,#6021,#6024));
#6007= IFCPOLYLOOP((#5998,#5999,#6000,#6001));
#6008= IFCFACEOUTERBOUND(#6007,.T.);
#6009= IFCFACE((#6008));
#6010= IFCPOLYLOOP((#6002,#6003,#6004,#6005));
#6011= IFCFACEOUTERBOUND(#6010,.T.);
#6012= IFCFACE((#6011));
#6013= IFCPOLYLOOP((#5998,#5999,#6003,#6002));
#6014= IFCFACEOUTERBOUND(#6013,.T.);
#6015= IFCFACE((#6014));
#6016= IFCPOLYLOOP((#5999,#6000,#6004,#6003));
#6017= IFCFACEOUTERBOUND(#6016,.T.);
#6018= IFCFACE((#6017));
#6019= IFCPOLYLOOP((#6000,#6001,#6005,#6004));
#6020= IFCFACEOUTERBOUND(#6019,.T.);
#6021= IFCFACE((#6020));
#6022= IFCPOLYLOOP((#6001,#5998,#6002,#6005));
#6023= IFCFACEOUTERBOUND(#6022,.T.);
#6024= IFCFACE((#6023));
#6025= IFCFACETEDBREP(#6006);
#6026= IFCWALL('1qK_81OHL7Kg8JZfTGOT1e',#2,$,$,$,$,$,$);
#6027= IFCBEAM('2tQeypNRXFw9oAv8QeIDb$',#2,$,$,$,$,#6028,$);
#6028= IFCPRODUCTDEFINITIONSHAPE($,$,(#6029));
#6029= IFCSHAPEREPRESENTATION(#11,'Body','Brep',(#6057));
#6030= IFCCARTESIANPOINT((-4070.,2501.,-180.));
#6031= IFCCARTESIANPOINT((-8920.,2501.,-180.));
#6032= IFCCARTESIANPOINT((-8920.,2501.,0.));
#6033= IFCCARTESIANPOINT((-4070.,2501.,0.));
#6034= IFCCARTESIANPOINT((-4070.,2559.,-180.));
#6035= IFCCARTESIANPOINT((-8920.,2559.,-180.));
#6036= IFCCARTESIANPOINT((-8920.,2559.,0.));
#6037= IFCCARTESIANPOINT((-4070.,2559.,0.));
#6038= IFCCLOSEDSHELL((#6041,#6044,#6047,#6050,#6053,#6056));
#6039= IFCPOLYLOOP((#6030,#6031,#6032,#6033));
#6040= IFCFACEOUTERBOUND(#6039,.T.);
#6041= IFCFACE((#6040));
#6042= IFCPOLYLOOP((#6034,#6035,#6036,#6037));
#6043= IFCFACEOUTERBOUND(#6042,.T.);
#6044= IFCFACE((#6043));
#6045= IFCPOLYLOOP((#6030,#6031,#6035,#6034));
#6046= IFCFACEOUTERBOUND(#6045,.T.);
#6047= IFCFACE((#6046));
#6048= IFCPOLYLOOP((#6031,#6032,#6036,#6035));
#6049= IFCFACEOUTERBOUND(#6048,.T.);
#6050= IFCFACE((#6049));
#6051= IFCPOLYLOOP((#6032,#6033,#6037,#6036));
#6052= IFCFACEOUTERBOUND(#6051,.T.);
#6053= IFCFACE((#6052));
#6054= IFCPOLYLOOP((#6033,#6030,#6034,#6037));
#6055= IFCFACEOUTERBOUND(#6054,.T.);
#6056= IFCFACE((#6055));
#6057= IFCFACETEDBREP(#6038);
#6058= IFCWALL('2dnx7qIKr8Dhkzbb47pS7e',#2,$,$,$,$,$,$);
#6059= IFCBEAM('24gAPqX1zBOxbhH8A5JW2K',#2,$,$,$,$,#6060,$);
#6060= IFCPRODUCTDEFINITIONSHAPE($,$,(#6061));
#6061= IFCSHAPEREPRESENTATION(#11,'Body','Brep',(#6089));
#6062= IFCCARTESIANPOINT((-5680.,-529.,-180.));
#6063= IFCCARTESIANPOINT((-7840.,-529.,-180.));
#6064= IFCCARTESIANPOINT((-7840.,-529.,0.));
#6065= IFCCARTESIANPOINT((-5680.,-529.,0.));
#6066= IFCCARTESIANPOINT((-5680.,-471.,-180.));
#6067= IFCCARTESIANPOINT((-7840.,-471.,-180.));
#6068= IFCCARTESIANPOINT((-7840.,-471.,0.));
#6069= IFCCARTESIANPOINT((-5680.,-471.,0.));
#6070= IFCCLOSEDSHELL((#6073,#6076,#6079,#6082,#6085,#6088));
#6071= IFCPOLYLOOP((#6062,#6063,#6064,#6065));
#6072= IFCFACEOUTERBOUND(#6071,.T.);
#6073= IFCFACE((#6072));
#6074= IFCPOLYLOOP((#6066,#6067,#6068,#6069));
#6075= IFCFACEOUTERBOUND(#6074,.T.);
#6076= IFCFACE((#6075));
#6077= IFCPOLYLOOP((#6062,#6063,#6067,#6066));
#6078= IFCFACEOUTERBOUND(#6077,.T.);
#6079= IFCFACE((#6078));
#6080= IFCPOLYLOOP((#6063,#6064,#6068,#6067));
#6081= IFCFACEOUTERBOUND(#6080,.T.);
#6082= IFCFACE((#6081));
#6083= IFCPOLYLOOP((#6064,#6065,#6069,#6068));
#6084= IFCFACEOUTERBOUND(#6083,.T.);
#6085= IFCFACE((#6084));
#6086= IFCPOLYLOOP((#6065,#6062,#6066,#6069));
#6087= IFCFACEOUTERBOUND(#6086,.T.);
#6088= IFCFACE((#6087));
#6089= IFCFACETEDBREP(#6070);
#6090= IFCWALL('2YzJjqnMTCmAdgIQdrUu82',#2,$,$,$,$,$,$);
#6091= IFCBEAM('2ojoo8wELDeP7NIhu2kGUt',#2,$,$,$,$,#6092,$);
#6092= IFCPRODUCTDEFINITIONSHAPE($,$,(#6093));
#6093= IFCSHAPEREPRESENTATION(#11,'Body','Brep',(#6121));
#6094= IFCCARTESIANPOINT((-7840.,-529.,-180.));
#6095= IFCCARTESIANPOINT((-9750.,-529.,-180.));
#6096= IFCCARTESIANPOINT((-9750.,-529.,0.));
#6097= IFCCARTESIANPOINT((-7840.,-529.,0.));
#6098= IFCCARTESIANPOINT((-7840.,-471.,-180.));
#6099= IFCCARTESIANPOINT((-9750.,-471.,-180.));
#6100= IFCCARTESIANPOINT((-9750.,-471.,0.));
#6101= IFCCARTESIANPOINT((-7840.,-471.,0.));
#6102= IFCCLOSEDSHELL((#6105,#6108,#6111,#6114,#6117,#6120));
#6103= IFCPOLYLOOP((#6094,#6095,#6096,#6097));
#6104= IFCFACEOUTERBOUND(#6103,.T.);
#6105= IFCFACE((#6104));
#6106= IFCPOLYLOOP((#6098,#6099,#6100,#6101));
#6107= IFCFACEOUTERBOUND(#6106,.T.);
#6108= IFCFACE((#6107));
#6109= IFCPOLYLOOP((#6094,#6095,#6099,#6098));
#6110= IFCFACEOUTERBOUND(#6109,.T.);
#6111= IFCFACE((#6110));
#6112= IFCPOLYLOOP((#6095,#6096,#6100,#6099));
#6113= IFCFACEOUTERBOUND(#6112,.T.);
#6114= IFCFACE((#6113));
#6115= IFCPOLYLOOP((#6096,#6097,#6101,#6100));
#6116= IFCFACEOUTERBOUND(#6115,.T.);
#6117= IFCFACE((#6116));
#6118= IFCPOLYLOOP((#6097,#6094,#6098,#6101));
#6119= IFCFACEOUTERBOUND(#6118,.T.);
#6120= IFCFACE((#6119));
#6121= IFCFACETEDBREP(#6102);
#6122= IFCWALL('3s4aMOly536QFgKoHI8fhd',#2,$,$,$,$,$,$);
#6123= IFCBEAM('07RQBjYJ92qfdNNpgvFmC5',#2,$,$,$,$,#6124,$);
#6124= IFCPRODUCTDEFINITIONSHAPE($,$,(#6125));
#6125= IFCSHAPEREPRESENTATION(#11,'Body','Brep',(#6153));
#6126= IFCCARTESIANPOINT((-8920.,2501.,-180.));
#6127= IFCCARTESIANPOINT((-9750.,2501.,-180.));
#6128= IFCCARTESIANPOINT((-9750.,2501.,0.));
#6129= IFCCARTESIANPOINT((-8920.,2501.,0.));
#6130= IFCCARTESIANPOINT((-8920.,2559.,-180.));
#6131= IFCCARTESIANPOINT((-9750.,2559.,-180.));
#6132= IFCCARTESIANPOINT((-9750.,2559.,0.));
#6133= IFCCARTESIANPOINT((-8920.,2559.,0.));
#6134= IFCCLOSEDSHELL((#6137,#6140,#6143,#6146,#6149,#6152));
#6135= IFCPOLYLOOP((#6126,#6127,#6128,#6129));
#6136= IFCFACEOUTERBOUND(#6135,.T.);
#6137= IFCFACE((#6136));
#6138= IFCPOLYLOOP((#6130,#6131,#6132,#6133));
#6139= IFCFACEOUTERBOUND(#6138,.T.);
#6140= IFCFACE((#6139));
#6141= IFCPOLYLOOP((#6126,#6127,#6131,#6130));
#6142= IFCFACEOUTERBOUND(#6141,.T.);
#6143= IFCFACE((#6142));
#6144= IFCPOLYLOOP((#6127,#6128,#6132,#6131));
#6145= IFCFACEOUTERBOUND(#6144,.T.);
#6146= IFCFACE((#6145));
#6147= IFCPOLYLOOP((#6128,#6129,#6133,#6132));
#6148= IFCFACEOUTERBOUND(#6147,.T.);
#6149= IFCFACE((#6148));
#6150= IFCPOLYLOOP((#6129,#6126,#6130,#6133));
#6151= IFCFACEOUTERBOUND(#6150,.T.);
#6152= IFCFACE((#6151));
#6153= IFCFACETEDBREP(#6134);
#6154= IFCWALL('2PiwOBXXr1pOmEIypGWNkM',#2,$,$,$,$,$,$);
#6155= IFCBEAM('3r3PlMXanCnOf7Ao4VUEGI',#2,$,$,$,$,#6156,$);
#6156= IFCPRODUCTDEFINITIONSHAPE($,$,(#6157));
#6157= IFCSHAPEREPRESENTATION(#11,'Body','Brep',(#6185));
#6158= IFCCARTESIANPOINT((-2029.,8220.,-180.));
#6159= IFCCARTESIANPOINT((-2029.,11250.,-180.));
#6160= IFCCARTESIANPOINT((-2029.,11250.,0.));
#6161= IFCCARTESIANPOINT((-2029.,8220.,0.));
#6162= IFCCARTESIANPOINT((-1971.,8220.,-180.));
#6163= IFCCARTESIANPOINT((-1971.,11250.,-180.));
#6164= IFCCARTESIANPOINT((-1971.,11250.,0.));
#6165= IFCCARTESIANPOINT((-1971.,8220.,0.));
#6166= IFCCLOSEDSHELL((#6169,#6172,#6175,#6178,#6181,#6184));
#6167= IFCPOLYLOOP((#6158,#6159,#6160,#6161));
#6168= IFCFACEOUTERBOUND(#6167,.T.);
#6169= IFCFACE((#6168));
#6170= IFCPOLYLOOP((#6162,#6163,#6164,#6165));
#6171= IFCFACEOUTERBOUND(#6170,.T.);
#6172= IFCFACE((#6171));
#6173= IFCPOLYLOOP((#6158,#6159,#6163,#6162));
#6174= IFCFACEOUTERBOUND(#6173,.T.);
#6175= IFCFACE((#6174));
#6176= IFCPOLYLOOP((#6159,#6160,#6164,#6163));
#6177= IFCFACEOUTERBOUND(#6176,.T.);
#6178= IFCFACE((#6177));
#6179= IFCPOLYLOOP((#6160,#6161,#6165,#6164));
#6180= IFCFACEOUTERBOUND(#6179,.T.);
#6181= IFCFACE((#6180));
#6182= IFCPOLYLOOP((#6161,#6158,#6162,#6165));
#6183= IFCFACEOUTERBOUND(#6182,.T.);
#6184= IFCFACE((#6183));
#6185= IFCFACETEDBREP(#6166);
#6186= IFCWALL('3eQkXXtDzDNvGjxo8k9092',#2,$,$,$,$,$,$);
#6187= IFCBEAM('3ARGQ4$TL078Tf40r3e1BP',#2,$,$,$,$,#6188,$);
#6188= IFCPRODUCTDEFINITIONSHAPE($,$,(#6189));
#6189= IFCSHAPEREPRESENTATION(#11,'Body','Brep',(#6217));
#6190= IFCCARTESIANPOINT((-4099.,2530.,-180.));
#6191= IFCCARTESIANPOINT((-4099.,8220.,-180.));
#6192= IFCCARTESIANPOINT((-4099.,8220.,0.));
#6193= IFCCARTESIANPOINT((-4099.,2530.,0.));
#6194= IFCCARTESIANPOINT((-4041.,2530.,-180.));
#6195= IFCCARTESIANPOINT((-4041.,8220.,-180.));
#6196= IFCCARTESIANPOINT((-4041.,8220.,0.));
#6197= IFCCARTESIANPOINT((-4041.,2530.,0.));
#6198= IFCCLOSEDSHELL((#6201,#6204,#6207,#6210,#6213,#6216));
#6199= IFCPOLYLOOP((#6190,#6191,#6192,#6193));
#6200= IFCFACEOUTERBOUND(#6199,.T.);
#6201= IFCFACE((#6200));
#6202= IFCPOLYLOOP((#6194,#6195,#6196,#6197));
#6203= IFCFACEOUTERBOUND(#6202,.T.);
#6204= IFCFACE((#6203));
#6205= IFCPOLYLOOP((#6190,#6191,#6195,#6194));
#6206= IFCFACEOUTERBOUND(#6205,.T.);
#6207= IFCFACE((#6206));
#6208= IFCPOLYLOOP((#6191,#6192,#6196,#6195));
#6209= IFCFACEOUTERBOUND(#6208,.T.);
#6210= IFCFACE((#6209));
#6211= IFCPOLYLOOP((#6192,#6193,#6197,#6196));
#6212= IFCFACEOUTERBOUND(#6211,.T.);
#6213= IFCFACE((#6212));
#6214= IFCPOLYLOOP((#6193,#6190,#6194,#6197));
#6215= IFCFACEOUTERBOUND(#6214,.T.);
#6216= IFCFACE((#6215));
#6217= IFCFACETEDBREP(#6198);
#6218= IFCWALL('37O2j6rsr3tghL2DZ9bjsb',#2,$,$,$,$,$,$);
#6219= IFCBEAM('2MJ170K8P5HO8t_SNM9vxW',#2,$,$,$,$,#6220,$);
#6220= IFCPRODUCTDEFINITIONSHAPE($,$,(#6221));
#6221= IFCSHAPEREPRESENTATION(#11,'Body','Brep',(#6249));
#6222= IFCCARTESIANPOINT((-2000.,2501.,-180.));
#6223= IFCCARTESIANPOINT((-4070.,2501.,-180.));
#6224= IFCCARTESIANPOINT((-4070.,2501.,0.));
#6225= IFCCARTESIANPOINT((-2000.,2501.,0.));
#6226= IFCCARTESIANPOINT((-2000.,2559.,-180.));
#6227= IFCCARTESIANPOINT((-4070.,2559.,-180.));
#6228= IFCCARTESIANPOINT((-4070.,2559.,0.));
#6229= IFCCARTESIANPOINT((-2000.,2559.,0.));
#6230= IFCCLOSEDSHELL((#6233,#6236,#6239,#6242,#6245,#6248));
#6231= IFCPOLYLOOP((#6222,#6223,#6224,#6225));
#6232= IFCFACEOUTERBOUND(#6231,.T.);
#6233= IFCFACE((#6232));
#6234= IFCPOLYLOOP((#6226,#6227,#6228,#6229));
#6235= IFCFACEOUTERBOUND(#6234,.T.);
#6236= IFCFACE((#6235));
#6237= IFCPOLYLOOP((#6222,#6223,#6227,#6226));
#6238= IFCFACEOUTERBOUND(#6237,.T.);
#6239= IFCFACE((#6238));
#6240= IFCPOLYLOOP((#6223,#6224,#6228,#6227));
#6241= IFCFACEOUTERBOUND(#6240,.T.);
#6242= IFCFACE((#6241));
#6243= IFCPOLYLOOP((#6224,#6225,#6229,#6228));
#6244= IFCFACEOUTERBOUND(#6243,.T.);
#6245= IFCFACE((#6244));
#6246= IFCPOLYLOOP((#6225,#6222,#6226,#6229));
#6247= IFCFACEOUTERBOUND(#6246,.T.);
#6248= IFCFACE((#6247));
#6249= IFCFACETEDBREP(#6230);
#6250= IFCWALL('3fvmZ1SwnEifrOJTXLhfXJ',#2,$,$,$,$,$,$);
#6251= IFCBEAM('2g$KsqU3b5aQOaehFSmY8p',#2,$,$,$,$,#6252,$);
#6252= IFCPRODUCTDEFINITIONSHAPE($,$,(#6253));
#6253= IFCSHAPEREPRESENTATION(#11,'Body','Brep',(#6281));
#6254= IFCCARTESIANPOINT((-2029.,-500.,-180.));
#6255= IFCCARTESIANPOINT((-2029.,2530.,-180.));
#6256= IFCCARTESIANPOINT((-2029.,2530.,0.));
#6257= IFCCARTESIANPOINT((-2029.,-500.,0.));
#6258= IFCCARTESIANPOINT((-1971.,-500.,-180.));
#6259= IFCCARTESIANPOINT((-1971.,2530.,-180.));
#6260= IFCCARTESIANPOINT((-1971.,2530.,0.));
#6261= IFCCARTESIANPOINT((-1971.,-500.,0.));
#6262= IFCCLOSEDSHELL((#6265,#6268,#6271,#6274,#6277,#6280));
#6263= IFCPOLYLOOP((#6254,#6255,#6256,#6257));
#6264= IFCFACEOUTERBOUND(#6263,.T.);
#6265= IFCFACE((#6264));
#6266= IFCPOLYLOOP((#6258,#6259,#6260,#6261));
#6267= IFCFACEOUTERBOUND(#6266,.T.);
#6268= IFCFACE((#6267));
#6269= IFCPOLYLOOP((#6254,#6255,#6259,#6258));
#6270= IFCFACEOUTERBOUND(#6269,.T.);
#6271= IFCFACE((#6270));
#6272= IFCPOLYLOOP((#6255,#6256,#6260,#6259));
#6273= IFCFACEOUTERBOUND(#6272,.T.);
#6274= IFCFACE((#6273));
#6275= IFCPOLYLOOP((#6256,#6257,#6261,#6260));
#6276= IFCFACEOUTERBOUND(#6275,.T.);
#6277= IFCFACE((#6276));
#6278= IFCPOLYLOOP((#6257,#6254,#6258,#6261));
#6279= IFCFACEOUTERBOUND(#6278,.T.);
#6280= IFCFACE((#6279));
#6281= IFCFACETEDBREP(#6262);
#6282= IFCWALL('2K03Q5z9r0Bh60nrSP613P',#2,$,$,$,$,$,$);
#6283= IFCBEAM('321XFOeU9ADwGt$8pnYuH5',#2,$,$,$,$,#6284,$);
#6284= IFCPRODUCTDEFINITIONSHAPE($,$,(#6285));
#6285= IFCSHAPEREPRESENTATION(#11,'Body','Brep',(#6313));
#6286= IFCCARTESIANPOINT((-2000.,-529.,-180.));
#6287= IFCCARTESIANPOINT((-5680.,-529.,-180.));
#6288= IFCCARTESIANPOINT((-5680.,-529.,0.));
#6289= IFCCARTESIANPOINT((-2000.,-529.,0.));
#6290= IFCCARTESIANPOINT((-2000.,-471.,-180.));
#6291= IFCCARTESIANPOINT((-5680.,-471.,-180.));
#6292= IFCCARTESIANPOINT((-5680.,-471.,0.));
#6293= IFCCARTESIANPOINT((-2000.,-471.,0.));
#6294= IFCCLOSEDSHELL((#6297,#6300,#6303,#6306,#6309,#6312));
#6295= IFCPOLYLOOP((#6286,#6287,#6288,#6289));
#6296= IFCFACEOUTERBOUND(#6295,.T.);
#6297= IFCFACE((#6296));
#6298= IFCPOLYLOOP((#6290,#6291,#6292,#6293));
#6299= IFCFACEOUTERBOUND(#6298,.T.);
#6300= IFCFACE((#6299));
#6301= IFCPOLYLOOP((#6286,#6287,#6291,#6290));
#6302= IFCFACEOUTERBOUND(#6301,.T.);
#6303= IFCFACE((#6302));
#6304= IFCPOLYLOOP((#6287,#6288,#6292,#6291));
#6305= IFCFACEOUTERBOUND(#6304,.T.);
#6306= IFCFACE((#6305));
#6307= IFCPOLYLOOP((#6288,#6289,#6293,#6292));
#6308= IFCFACEOUTERBOUND(#6307,.T.);
#6309= IFCFACE((#6308));
#6310= IFCPOLYLOOP((#6289,#6286,#6290,#6293));
#6311= IFCFACEOUTERBOUND(#6310,.T.);
#6312= IFCFACE((#6311));
#6313= IFCFACETEDBREP(#6294);
#6314= IFCWALL('2P6TbhsEHAAx0jfuvw0Z9A',#2,$,$,$,$,$,$);
#6315= IFCBEAM('012K3hITT0yOhDMiDMOLVj',#2,$,$,$,$,#6316,$);
#6316= IFCPRODUCTDEFINITIONSHAPE($,$,(#6317));
#6317= IFCSHAPEREPRESENTATION(#11,'Body','Brep',(#6345));
#6318= IFCCARTESIANPOINT((-4070.,2951.,-180.));
#6319= IFCCARTESIANPOINT((-8920.,2951.,-180.));
#6320= IFCCARTESIANPOINT((-8920.,2951.,0.));
#6321= IFCCARTESIANPOINT((-4070.,2951.,0.));
#6322= IFCCARTESIANPOINT((-4070.,3009.,-180.));
#6323= IFCCARTESIANPOINT((-8920.,3009.,-180.));
#6324= IFCCARTESIANPOINT((-8920.,3009.,0.));
#6325= IFCCARTESIANPOINT((-4070.,3009.,0.));
#6326= IFCCLOSEDSHELL((#6329,#6332,#6335,#6338,#6341,#6344));
#6327= IFCPOLYLOOP((#6318,#6319,#6320,#6321));
#6328= IFCFACEOUTERBOUND(#6327,.T.);
#6329= IFCFACE((#6328));
#6330= IFCPOLYLOOP((#6322,#6323,#6324,#6325));
#6331= IFCFACEOUTERBOUND(#6330,.T.);
#6332= IFCFACE((#6331));
#6333= IFCPOLYLOOP((#6318,#6319,#6323,#6322));
#6334= IFCFACEOUTERBOUND(#6333,.T.);
#6335= IFCFACE((#6334));
#6336= IFCPOLYLOOP((#6319,#6320,#6324,#6323));
#6337= IFCFACEOUTERBOUND(#6336,.T.);
#6338= IFCFACE((#6337));
#6339= IFCPOLYLOOP((#6320,#6321,#6325,#6324));
#6340= IFCFACEOUTERBOUND(#6339,.T.);
#6341= IFCFACE((#6340));
#6342= IFCPOLYLOOP((#6321,#6318,#6322,#6325));
#6343= IFCFACEOUTERBOUND(#6342,.T.);
#6344= IFCFACE((#6343));
#6345= IFCFACETEDBREP(#6326);
#6346= IFCWALL('0lJMcz3FD7pPNarsVVjBB9',#2,$,$,$,$,$,$);
#6347= IFCBEAM('3yZHBwZKP56B10Jqw4vtlb',#2,$,$,$,$,#6348,$);
#6348= IFCPRODUCTDEFINITIONSHAPE($,$,(#6349));
#6349= IFCSHAPEREPRESENTATION(#11,'Body','Brep',(#6377));
#6350= IFCCARTESIANPOINT((-4070.,3401.,-180.));
#6351= IFCCARTESIANPOINT((-8920.,3401.,-180.));
#6352= IFCCARTESIANPOINT((-8920.,3401.,0.));
#6353= IFCCARTESIANPOINT((-4070.,3401.,0.));
#6354= IFCCARTESIANPOINT((-4070.,3459.,-180.));
#6355= IFCCARTESIANPOINT((-8920.,3459.,-180.));
#6356= IFCCARTESIANPOINT((-8920.,3459.,0.));
#6357= IFCCARTESIANPOINT((-4070.,3459.,0.));
#6358= IFCCLOSEDSHELL((#6361,#6364,#6367,#6370,#6373,#6376));
#6359= IFCPOLYLOOP((#6350,#6351,#6352,#6353));
#6360= IFCFACEOUTERBOUND(#6359,.T.);
#6361= IFCFACE((#6360));
#6362= IFCPOLYLOOP((#6354,#6355,#6356,#6357));
#6363= IFCFACEOUTERBOUND(#6362,.T.);
#6364= IFCFACE((#6363));
#6365= IFCPOLYLOOP((#6350,#6351,#6355,#6354));
#6366= IFCFACEOUTERBOUND(#6365,.T.);
#6367= IFCFACE((#6366));
#6368= IFCPOLYLOOP((#6351,#6352,#6356,#6355));
#6369= IFCFACEOUTERBOUND(#6368,.T.);
#6370= IFCFACE((#6369));
#6371= IFCPOLYLOOP((#6352,#6353,#6357,#6356));
#6372= IFCFACEOUTERBOUND(#6371,.T.);
#6373= IFCFACE((#6372));
#6374= IFCPOLYLOOP((#6353,#6350,#6354,#6357));
#6375= IFCFACEOUTERBOUND(#6374,.T.);
#6376= IFCFACE((#6375));
#6377= IFCFACETEDBREP(#6358);
#6378= IFCWALL('3sApX91or8f8MPgjhw3U73',#2,$,$,$,$,$,$);
#6379= IFCBEAM('11ib10dT99iAzVBa49iScB',#2,$,$,$,$,#6380,$);
#6380= IFCPRODUCTDEFINITIONSHAPE($,$,(#6381));
#6381= IFCSHAPEREPRESENTATION(#11,'Body','Brep',(#6409));
#6382= IFCCARTESIANPOINT((-4070.,3851.,-180.));
#6383= IFCCARTESIANPOINT((-8920.,3851.,-180.));
#6384= IFCCARTESIANPOINT((-8920.,3851.,0.));
#6385= IFCCARTESIANPOINT((-4070.,3851.,0.));
#6386= IFCCARTESIANPOINT((-4070.,3909.,-180.));
#6387= IFCCARTESIANPOINT((-8920.,3909.,-180.));
#6388= IFCCARTESIANPOINT((-8920.,3909.,0.));
#6389= IFCCARTESIANPOINT((-4070.,3909.,0.));
#6390= IFCCLOSEDSHELL((#6393,#6396,#6399,#6402,#6405,#6408));
#6391= IFCPOLYLOOP((#6382,#6383,#6384,#6385));
#6392= IFCFACEOUTERBOUND(#6391,.T.);
#6393= IFCFACE((#6392));
#6394= IFCPOLYLOOP((#6386,#6387,#6388,#6389));
#6395= IFCFACEOUTERBOUND(#6394,.T.);
#6396= IFCFACE((#6395));
#6397= IFCPOLYLOOP((#6382,#6383,#6387,#6386));
#6398= IFCFACEOUTERBOUND(#6397,.T.);
#6399= IFCFACE((#6398));
#6400= IFCPOLYLOOP((#6383,#6384,#6388,#6387));
#6401= IFCFACEOUTERBOUND(#6400,.T.);
#6402= IFCFACE((#6401));
#6403= IFCPOLYLOOP((#6384,#6385,#6389,#6388));
#6404= IFCFACEOUTERBOUND(#6403,.T.);
#6405= IFCFACE((#6404));
#6406= IFCPOLYLOOP((#6385,#6382,#6386,#6389));
#6407= IFCFACEOUTERBOUND(#6406,.T.);
#6408= IFCFACE((#6407));
#6409= IFCFACETEDBREP(#6390);
#6410= IFCWALL('1Ya$JVTfX9H8xr6SKSR6bL',#2,$,$,$,$,$,$);
#6411= IFCBEAM('1cYOFyB8D1hOrOpe8Y9AWG',#2,$,$,$,$,#6412,$);
#6412= IFCPRODUCTDEFINITIONSHAPE($,$,(#6413));
#6413= IFCSHAPEREPRESENTATION(#11,'Body','Brep',(#6441));
#6414= IFCCARTESIANPOINT((-4070.,4311.,-180.));
#6415= IFCCARTESIANPOINT((-8920.,4311.,-180.));
#6416= IFCCARTESIANPOINT((-8920.,4311.,0.));
#6417= IFCCARTESIANPOINT((-4070.,4311.,0.));
#6418= IFCCARTESIANPOINT((-4070.,4369.,-180.));
#6419= IFCCARTESIANPOINT((-8920.,4369.,-180.));
#6420= IFCCARTESIANPOINT((-8920.,4369.,0.));
#6421= IFCCARTESIANPOINT((-4070.,4369.,0.));
#6422= IFCCLOSEDSHELL((#6425,#6428,#6431,#6434,#6437,#6440));
#6423= IFCPOLYLOOP((#6414,#6415,#6416,#6417));
#6424= IFCFACEOUTERBOUND(#6423,.T.);
#6425= IFCFACE((#6424));
#6426= IFCPOLYLOOP((#6418,#6419,#6420,#6421));
#6427= IFCFACEOUTERBOUND(#6426,.T.);
#6428= IFCFACE((#6427));
#6429= IFCPOLYLOOP((#6414,#6415,#6419,#6418));
#6430= IFCFACEOUTERBOUND(#6429,.T.);
#6431= IFCFACE((#6430));
#6432= IFCPOLYLOOP((#6415,#6416,#6420,#6419));
#6433= IFCFACEOUTERBOUND(#6432,.T.);
#6434= IFCFACE((#6433));
#6435= IFCPOLYLOOP((#6416,#6417,#6421,#6420));
#6436= IFCFACEOUTERBOUND(#6435,.T.);
#6437= IFCFACE((#6436));
#6438= IFCPOLYLOOP((#6417,#6414,#6418,#6421));
#6439= IFCFACEOUTERBOUND(#6438,.T.);
#6440= IFCFACE((#6439));
#6441= IFCFACETEDBREP(#6422);
#6442= IFCWALL('30RXfRxaHEXQbf3j9fzQVS',#2,$,$,$,$,$,$);
#6443= IFCBEAM('14OYtBeVz7FPHON_1aOGkb',#2,$,$,$,$,#6444,$);
#6444= IFCPRODUCTDEFINITIONSHAPE($,$,(#6445));
#6445= IFCSHAPEREPRESENTATION(#11,'Body','Brep',(#6473));
#6446= IFCCARTESIANPOINT((-4070.,4861.,-180.));
#6447= IFCCARTESIANPOINT((-9750.,4861.,-180.));
#6448= IFCCARTESIANPOINT((-9750.,4861.,0.));
#6449= IFCCARTESIANPOINT((-4070.,4861.,0.));
#6450= IFCCARTESIANPOINT((-4070.,4919.,-180.));
#6451= IFCCARTESIANPOINT((-9750.,4919.,-180.));
#6452= IFCCARTESIANPOINT((-9750.,4919.,0.));
#6453= IFCCARTESIANPOINT((-4070.,4919.,0.));
#6454= IFCCLOSEDSHELL((#6457,#6460,#6463,#6466,#6469,#6472));
#6455= IFCPOLYLOOP((#6446,#6447,#6448,#6449));
#6456= IFCFACEOUTERBOUND(#6455,.T.);
#6457= IFCFACE((#6456));
#6458= IFCPOLYLOOP((#6450,#6451,#6452,#6453));
#6459= IFCFACEOUTERBOUND(#6458,.T.);
#6460= IFCFACE((#6459));
#6461= IFCPOLYLOOP((#6446,#6447,#6451,#6450));
#6462= IFCFACEOUTERBOUND(#6461,.T.);
#6463= IFCFACE((#6462));
#6464= IFCPOLYLOOP((#6447,#6448,#6452,#6451));
#6465= IFCFACEOUTERBOUND(#6464,.T.);
#6466= IFCFACE((#6465));
#6467= IFCPOLYLOOP((#6448,#6449,#6453,#6452));
#6468= IFCFACEOUTERBOUND(#6467,.T.);
#6469= IFCFACE((#6468));
#6470= IFCPOLYLOOP((#6449,#6446,#6450,#6453));
#6471= IFCFACEOUTERBOUND(#6470,.T.);
#6472= IFCFACE((#6471));
#6473= IFCFACETEDBREP(#6454);
#6474= IFCWALL('1nY8RZNEj7FedcTYTw56V1',#2,$,$,$,$,$,$);
#6475= IFCBEAM('3P0IEMh4f8wweOPLjhUCIx',#2,$,$,$,$,#6476,$);
#6476= IFCPRODUCTDEFINITIONSHAPE($,$,(#6477));
#6477= IFCSHAPEREPRESENTATION(#11,'Body','Brep',(#6505));
#6478= IFCCARTESIANPOINT((-4070.,5411.,-180.));
#6479= IFCCARTESIANPOINT((-9750.,5411.,-180.));
#6480= IFCCARTESIANPOINT((-9750.,5411.,0.));
#6481= IFCCARTESIANPOINT((-4070.,5411.,0.));
#6482= IFCCARTESIANPOINT((-4070.,5469.,-180.));
#6483= IFCCARTESIANPOINT((-9750.,5469.,-180.));
#6484= IFCCARTESIANPOINT((-9750.,5469.,0.));
#6485= IFCCARTESIANPOINT((-4070.,5469.,0.));
#6486= IFCCLOSEDSHELL((#6489,#6492,#6495,#6498,#6501,#6504));
#6487= IFCPOLYLOOP((#6478,#6479,#6480,#6481));
#6488= IFCFACEOUTERBOUND(#6487,.T.);
#6489= IFCFACE((#6488));
#6490= IFCPOLYLOOP((#6482,#6483,#6484,#6485));
#6491= IFCFACEOUTERBOUND(#6490,.T.);
#6492= IFCFACE((#6491));
#6493= IFCPOLYLOOP((#6478,#6479,#6483,#6482));
#6494= IFCFACEOUTERBOUND(#6493,.T.);
#6495= IFCFACE((#6494));
#6496= IFCPOLYLOOP((#6479,#6480,#6484,#6483));
#6497= IFCFACEOUTERBOUND(#6496,.T.);
#6498= IFCFACE((#6497));
#6499= IFCPOLYLOOP((#6480,#6481,#6485,#6484));
#6500= IFCFACEOUTERBOUND(#6499,.T.);
#6501= IFCFACE((#6500));
#6502= IFCPOLYLOOP((#6481,#6478,#6482,#6485));
#6503= IFCFACEOUTERBOUND(#6502,.T.);
#6504= IFCFACE((#6503));
#6505= IFCFACETEDBREP(#6486);
#6506= IFCWALL('0H$fYCiFX1aeceiRhI5fkM',#2,$,$,$,$,$,$);
#6507= IFCBEAM('2ZxuhDuj147Q_NFXjlTZf$',#2,$,$,$,$,#6508,$);
#6508= IFCPRODUCTDEFINITIONSHAPE($,$,(#6509));
#6509= IFCSHAPEREPRESENTATION(#11,'Body','Brep',(#6537));
#6510= IFCCARTESIANPOINT((-4070.,5961.,-180.));
#6511= IFCCARTESIANPOINT((-9750.,5961.,-180.));
#6512= IFCCARTESIANPOINT((-9750.,5961.,0.));
#6513= IFCCARTESIANPOINT((-4070.,5961.,0.));
#6514= IFCCARTESIANPOINT((-4070.,6019.,-180.));
#6515= IFCCARTESIANPOINT((-9750.,6019.,-180.));
#6516= IFCCARTESIANPOINT((-9750.,6019.,0.));
#6517= IFCCARTESIANPOINT((-4070.,6019.,0.));
#6518= IFCCLOSEDSHELL((#6521,#6524,#6527,#6530,#6533,#6536));
#6519= IFCPOLYLOOP((#6510,#6511,#6512,#6513));
#6520= IFCFACEOUTERBOUND(#6519,.T.);
#6521= IFCFACE((#6520));
#6522= IFCPOLYLOOP((#6514,#6515,#6516,#6517));
#6523= IFCFACEOUTERBOUND(#6522,.T.);
#6524= IFCFACE((#6523));
#6525= IFCPOLYLOOP((#6510,#6511,#6515,#6514));
#6526= IFCFACEOUTERBOUND(#6525,.T.);
#6527= IFCFACE((#6526));
#6528= IFCPOLYLOOP((#6511,#6512,#6516,#6515));
#6529= IFCFACEOUTERBOUND(#6528,.T.);
#6530= IFCFACE((#6529));
#6531= IFCPOLYLOOP((#6512,#6513,#6517,#6516));
#6532= IFCFACEOUTERBOUND(#6531,.T.);
#6533= IFCFACE((#6532));
#6534= IFCPOLYLOOP((#6513,#6510,#6514,#6517));
#6535= IFCFACEOUTERBOUND(#6534,.T.);
#6536= IFCFACE((#6535));
#6537= IFCFACETEDBREP(#6518);
#6538= IFCWALL('1velZ7O_nFRQXLmu3H133l',#2,$,$,$,$,$,$);
#6539= IFCBEAM('2Bllat2kL3ROwomWmYsoNj',#2,$,$,$,$,#6540,$);
#6540= IFCPRODUCTDEFINITIONSHAPE($,$,(#6541));
#6541= IFCSHAPEREPRESENTATION(#11,'Body','Brep',(#6569));
#6542= IFCCARTESIANPOINT((-4070.,6511.,-180.));
#6543= IFCCARTESIANPOINT((-9750.,6511.,-180.));
#6544= IFCCARTESIANPOINT((-9750.,6511.,0.));
#6545= IFCCARTESIANPOINT((-4070.,6511.,0.));
#6546= IFCCARTESIANPOINT((-4070.,6569.,-180.));
#6547= IFCCARTESIANPOINT((-9750.,6569.,-180.));
#6548= IFCCARTESIANPOINT((-9750.,6569.,0.));
#6549= IFCCARTESIANPOINT((-4070.,6569.,0.));
#6550= IFCCLOSEDSHELL((#6553,#6556,#6559,#6562,#6565,#6568));
#6551= IFCPOLYLOOP((#6542,#6543,#6544,#6545));
#6552= IFCFACEOUTERBOUND(#6551,.T.);
#6553= IFCFACE((#6552));
#6554= IFCPOLYLOOP((#6546,#6547,#6548,#6549));
#6555= IFCFACEOUTERBOUND(#6554,.T.);
#6556= IFCFACE((#6555));
#6557= IFCPOLYLOOP((#6542,#6543,#6547,#6546));
#6558= IFCFACEOUTERBOUND(#6557,.T.);
#6559= IFCFACE((#6558));
#6560= IFCPOLYLOOP((#6543,#6544,#6548,#6547));
#6561= IFCFACEOUTERBOUND(#6560,.T.);
#6562= IFCFACE((#6561));
#6563= IFCPOLYLOOP((#6544,#6545,#6549,#6548));
#6564= IFCFACEOUTERBOUND(#6563,.T.);
#6565= IFCFACE((#6564));
#6566= IFCPOLYLOOP((#6545,#6542,#6546,#6549));
#6567= IFCFACEOUTERBOUND(#6566,.T.);
#6568= IFCFACE((#6567));
#6569= IFCFACETEDBREP(#6550);
#6570= IFCWALL('2i3hGt3B10$9sIl5HsT50j',#2,$,$,$,$,$,$);
#6571= IFCBEAM('09CopBfkT6iezYhHzxHQs4',#2,$,$,$,$,#6572,$);
#6572= IFCPRODUCTDEFINITIONSHAPE($,$,(#6573));
#6573= IFCSHAPEREPRESENTATION(#11,'Body','Brep',(#6601));
#6574= IFCCARTESIANPOINT((-4070.,7061.,-180.));
#6575= IFCCARTESIANPOINT((-9750.,7061.,-180.));
#6576= IFCCARTESIANPOINT((-9750.,7061.,0.));
#6577= IFCCARTESIANPOINT((-4070.,7061.,0.));
#6578= IFCCARTESIANPOINT((-4070.,7119.,-180.));
#6579= IFCCARTESIANPOINT((-9750.,7119.,-180.));
#6580= IFCCARTESIANPOINT((-9750.,7119.,0.));
#6581= IFCCARTESIANPOINT((-4070.,7119.,0.));
#6582= IFCCLOSEDSHELL((#6585,#6588,#6591,#6594,#6597,#6600));
#6583= IFCPOLYLOOP((#6574,#6575,#6576,#6577));
#6584= IFCFACEOUTERBOUND(#6583,.T.);
#6585= IFCFACE((#6584));
#6586= IFCPOLYLOOP((#6578,#6579,#6580,#6581));
#6587= IFCFACEOUTERBOUND(#6586,.T.);
#6588= IFCFACE((#6587));
#6589= IFCPOLYLOOP((#6574,#6575,#6579,#6578));
#6590= IFCFACEOUTERBOUND(#6589,.T.);
#6591= IFCFACE((#6590));
#6592= IFCPOLYLOOP((#6575,#6576,#6580,#6579));
#6593= IFCFACEOUTERBOUND(#6592,.T.);
#6594= IFCFACE((#6593));
#6595= IFCPOLYLOOP((#6576,#6577,#6581,#6580));
#6596= IFCFACEOUTERBOUND(#6595,.T.);
#6597= IFCFACE((#6596));
#6598= IFCPOLYLOOP((#6577,#6574,#6578,#6581));
#6599= IFCFACEOUTERBOUND(#6598,.T.);
#6600= IFCFACE((#6599));
#6601= IFCFACETEDBREP(#6582);
#6602= IFCWALL('1O9xaQ$_12Qxjp69Gjg_gB',#2,$,$,$,$,$,$);
#6603= IFCBEAM('3dbT699JPD9xx_cuB_8IE3',#2,$,$,$,$,#6604,$);
#6604= IFCPRODUCTDEFINITIONSHAPE($,$,(#6605));
#6605= IFCSHAPEREPRESENTATION(#11,'Body','Brep',(#6633));
#6606= IFCCARTESIANPOINT((-4070.,7611.,-180.));
#6607= IFCCARTESIANPOINT((-9750.,7611.,-180.));
#6608= IFCCARTESIANPOINT((-9750.,7611.,0.));
#6609= IFCCARTESIANPOINT((-4070.,7611.,0.));
#6610= IFCCARTESIANPOINT((-4070.,7669.,-180.));
#6611= IFCCARTESIANPOINT((-9750.,7669.,-180.));
#6612= IFCCARTESIANPOINT((-9750.,7669.,0.));
#6613= IFCCARTESIANPOINT((-4070.,7669.,0.));
#6614= IFCCLOSEDSHELL((#6617,#6620,#6623,#6626,#6629,#6632));
#6615= IFCPOLYLOOP((#6606,#6607,#6608,#6609));
#6616= IFCFACEOUTERBOUND(#6615,.T.);
#6617= IFCFACE((#6616));
#6618= IFCPOLYLOOP((#6610,#6611,#6612,#6613));
#6619= IFCFACEOUTERBOUND(#6618,.T.);
#6620= IFCFACE((#6619));
#6621= IFCPOLYLOOP((#6606,#6607,#6611,#6610));
#6622= IFCFACEOUTERBOUND(#6621,.T.);
#6623= IFCFACE((#6622));
#6624= IFCPOLYLOOP((#6607,#6608,#6612,#6611));
#6625= IFCFACEOUTERBOUND(#6624,.T.);
#6626= IFCFACE((#6625));
#6627= IFCPOLYLOOP((#6608,#6609,#6613,#6612));
#6628= IFCFACEOUTERBOUND(#6627,.T.);
#6629= IFCFACE((#6628));
#6630= IFCPOLYLOOP((#6609,#6606,#6610,#6613));
#6631= IFCFACEOUTERBOUND(#6630,.T.);
#6632= IFCFACE((#6631));
#6633= IFCFACETEDBREP(#6614);
#6634= IFCWALL('2qMxzzSwTAuQ53AocXiQfN',#2,$,$,$,$,$,$);
#6635= IFCBEAM('1bL2Jag155tgWBvDdVUPcF',#2,$,$,$,$,#6636,$);
#6636= IFCPRODUCTDEFINITIONSHAPE($,$,(#6637));
#6637= IFCSHAPEREPRESENTATION(#11,'Body','Brep',(#6665));
#6638= IFCCARTESIANPOINT((-4070.,8191.,-180.));
#6639= IFCCARTESIANPOINT((-9750.,8191.,-180.));
#6640= IFCCARTESIANPOINT((-9750.,8191.,0.));
#6641= IFCCARTESIANPOINT((-4070.,8191.,0.));
#6642= IFCCARTESIANPOINT((-4070.,8249.,-180.));
#6643= IFCCARTESIANPOINT((-9750.,8249.,-180.));
#6644= IFCCARTESIANPOINT((-9750.,8249.,0.));
#6645= IFCCARTESIANPOINT((-4070.,8249.,0.));
#6646= IFCCLOSEDSHELL((#6649,#6652,#6655,#6658,#6661,#6664));
#6647= IFCPOLYLOOP((#6638,#6639,#6640,#6641));
#6648= IFCFACEOUTERBOUND(#6647,.T.);
#6649= IFCFACE((#6648));
#6650= IFCPOLYLOOP((#6642,#6643,#6644,#6645));
#6651= IFCFACEOUTERBOUND(#6650,.T.);
#6652= IFCFACE((#6651));
#6653= IFCPOLYLOOP((#6638,#6639,#6643,#6642));
#6654= IFCFACEOUTERBOUND(#6653,.T.);
#6655= IFCFACE((#6654));
#6656= IFCPOLYLOOP((#6639,#6640,#6644,#6643));
#6657= IFCFACEOUTERBOUND(#6656,.T.);
#6658= IFCFACE((#6657));
#6659= IFCPOLYLOOP((#6640,#6641,#6645,#6644));
#6660= IFCFACEOUTERBOUND(#6659,.T.);
#6661= IFCFACE((#6660));
#6662= IFCPOLYLOOP((#6641,#6638,#6642,#6645));
#6663= IFCFACEOUTERBOUND(#6662,.T.);
#6664= IFCFACE((#6663));
#6665= IFCFACETEDBREP(#6646);
#6666= IFCWALL('2pPMUhaA18hP6L_VWzGPJa',#2,$,$,$,$,$,$);
#6667= IFCBEAM('0IPkZm8nD5QvOoDkWGesSX',#2,$,$,$,$,#6668,$);
#6668= IFCPRODUCTDEFINITIONSHAPE($,$,(#6669));
#6669= IFCSHAPEREPRESENTATION(#11,'Body','Brep',(#6697));
#6670= IFCCARTESIANPOINT((-8920.,4311.,-180.));
#6671= IFCCARTESIANPOINT((-9750.,4311.,-180.));
#6672= IFCCARTESIANPOINT((-9750.,4311.,0.));
#6673= IFCCARTESIANPOINT((-8920.,4311.,0.));
#6674= IFCCARTESIANPOINT((-8920.,4369.,-180.));
#6675= IFCCARTESIANPOINT((-9750.,4369.,-180.));
#6676= IFCCARTESIANPOINT((-9750.,4369.,0.));
#6677= IFCCARTESIANPOINT((-8920.,4369.,0.));
#6678= IFCCLOSEDSHELL((#6681,#6684,#6687,#6690,#6693,#6696));
#6679= IFCPOLYLOOP((#6670,#6671,#6672,#6673));
#6680= IFCFACEOUTERBOUND(#6679,.T.);
#6681= IFCFACE((#6680));
#6682= IFCPOLYLOOP((#6674,#6675,#6676,#6677));
#6683= IFCFACEOUTERBOUND(#6682,.T.);
#6684= IFCFACE((#6683));
#6685= IFCPOLYLOOP((#6670,#6671,#6675,#6674));
#6686= IFCFACEOUTERBOUND(#6685,.T.);
#6687= IFCFACE((#6686));
#6688= IFCPOLYLOOP((#6671,#6672,#6676,#6675));
#6689= IFCFACEOUTERBOUND(#6688,.T.);
#6690= IFCFACE((#6689));
#6691= IFCPOLYLOOP((#6672,#6673,#6677,#6676));
#6692= IFCFACEOUTERBOUND(#6691,.T.);
#6693= IFCFACE((#6692));
#6694= IFCPOLYLOOP((#6673,#6670,#6674,#6677));
#6695= IFCFACEOUTERBOUND(#6694,.T.);
#6696= IFCFACE((#6695));
#6697= IFCFACETEDBREP(#6678);
#6698= IFCWALL('1IKaQOKln40f_FifCKpYOv',#2,$,$,$,$,$,$);
#6699= IFCBEAM('0B9toZlPD4MP8u5_25ahAU',#2,$,$,$,$,#6700,$);
#6700= IFCPRODUCTDEFINITIONSHAPE($,$,(#6701));
#6701= IFCSHAPEREPRESENTATION(#11,'Body','Brep',(#6729));
#6702= IFCCARTESIANPOINT((-2000.,8191.,-180.));
#6703= IFCCARTESIANPOINT((-4070.,8191.,-180.));
#6704= IFCCARTESIANPOINT((-4070.,8191.,0.));
#6705= IFCCARTESIANPOINT((-2000.,8191.,0.));
#6706= IFCCARTESIANPOINT((-2000.,8249.,-180.));
#6707= IFCCARTESIANPOINT((-4070.,8249.,-180.));
#6708= IFCCARTESIANPOINT((-4070.,8249.,0.));
#6709= IFCCARTESIANPOINT((-2000.,8249.,0.));
#6710= IFCCLOSEDSHELL((#6713,#6716,#6719,#6722,#6725,#6728));
#6711= IFCPOLYLOOP((#6702,#6703,#6704,#6705));
#6712= IFCFACEOUTERBOUND(#6711,.T.);
#6713= IFCFACE((#6712));
#6714= IFCPOLYLOOP((#6706,#6707,#6708,#6709));
#6715= IFCFACEOUTERBOUND(#6714,.T.);
#6716= IFCFACE((#6715));
#6717= IFCPOLYLOOP((#6702,#6703,#6707,#6706));
#6718= IFCFACEOUTERBOUND(#6717,.T.);
#6719= IFCFACE((#6718));
#6720= IFCPOLYLOOP((#6703,#6704,#6708,#6707));
#6721= IFCFACEOUTERBOUND(#6720,.T.);
#6722= IFCFACE((#6721));
#6723= IFCPOLYLOOP((#6704,#6705,#6709,#6708));
#6724= IFCFACEOUTERBOUND(#6723,.T.);
#6725= IFCFACE((#6724));
#6726= IFCPOLYLOOP((#6705,#6702,#6706,#6709));
#6727= IFCFACEOUTERBOUND(#6726,.T.);
#6728= IFCFACE((#6727));
#6729= IFCFACETEDBREP(#6710);
#6730= IFCWALL('39q8h_ws9ElAMxv8mmI5TR',#2,$,$,$,$,$,$);
#6731= IFCBEAM('3V2ztmZMrD3hInEOBUAbfD',#2,$,$,$,$,#6732,$);
#6732= IFCPRODUCTDEFINITIONSHAPE($,$,(#6733));
#6733= IFCSHAPEREPRESENTATION(#11,'Body','Brep',(#6761));
#6734= IFCCARTESIANPOINT((-2000.,8691.,-180.));
#6735= IFCCARTESIANPOINT((-9750.,8691.,-180.));
#6736= IFCCARTESIANPOINT((-9750.,8691.,0.));
#6737= IFCCARTESIANPOINT((-2000.,8691.,0.));
#6738= IFCCARTESIANPOINT((-2000.,8749.,-180.));
#6739= IFCCARTESIANPOINT((-9750.,8749.,-180.));
#6740= IFCCARTESIANPOINT((-9750.,8749.,0.));
#6741= IFCCARTESIANPOINT((-2000.,8749.,0.));
#6742= IFCCLOSEDSHELL((#6745,#6748,#6751,#6754,#6757,#6760));
#6743= IFCPOLYLOOP((#6734,#6735,#6736,#6737));
#6744= IFCFACEOUTERBOUND(#6743,.T.);
#6745= IFCFACE((#6744));
#6746= IFCPOLYLOOP((#6738,#6739,#6740,#6741));
#6747= IFCFACEOUTERBOUND(#6746,.T.);
#6748= IFCFACE((#6747));
#6749= IFCPOLYLOOP((#6734,#6735,#6739,#6738));
#6750= IFCFACEOUTERBOUND(#6749,.T.);
#6751= IFCFACE((#6750));
#6752= IFCPOLYLOOP((#6735,#6736,#6740,#6739));
#6753= IFCFACEOUTERBOUND(#6752,.T.);
#6754= IFCFACE((#6753));
#6755= IFCPOLYLOOP((#6736,#6737,#6741,#6740));
#6756= IFCFACEOUTERBOUND(#6755,.T.);
#6757= IFCFACE((#6756));
#6758= IFCPOLYLOOP((#6737,#6734,#6738,#6741));
#6759= IFCFACEOUTERBOUND(#6758,.T.);
#6760= IFCFACE((#6759));
#6761= IFCFACETEDBREP(#6742);
#6762= IFCWALL('08wXWrdXT1L8$B9UIXXifB',#2,$,$,$,$,$,$);
#6763= IFCBEAM('2l3z8wCQr4hgGWeDwCcLzD',#2,$,$,$,$,#6764,$);
#6764= IFCPRODUCTDEFINITIONSHAPE($,$,(#6765));
#6765= IFCSHAPEREPRESENTATION(#11,'Body','Brep',(#6793));
#6766= IFCCARTESIANPOINT((-2000.,9191.,-180.));
#6767= IFCCARTESIANPOINT((-9750.,9191.,-180.));
#6768= IFCCARTESIANPOINT((-9750.,9191.,0.));
#6769= IFCCARTESIANPOINT((-2000.,9191.,0.));
#6770= IFCCARTESIANPOINT((-2000.,9249.,-180.));
#6771= IFCCARTESIANPOINT((-9750.,9249.,-180.));
#6772= IFCCARTESIANPOINT((-9750.,9249.,0.));
#6773= IFCCARTESIANPOINT((-2000.,9249.,0.));
#6774= IFCCLOSEDSHELL((#6777,#6780,#6783,#6786,#6789,#6792));
#6775= IFCPOLYLOOP((#6766,#6767,#6768,#6769));
#6776= IFCFACEOUTERBOUND(#6775,.T.);
#6777= IFCFACE((#6776));
#6778= IFCPOLYLOOP((#6770,#6771,#6772,#6773));
#6779= IFCFACEOUTERBOUND(#6778,.T.);
#6780= IFCFACE((#6779));
#6781= IFCPOLYLOOP((#6766,#6767,#6771,#6770));
#6782= IFCFACEOUTERBOUND(#6781,.T.);
#6783= IFCFACE((#6782));
#6784= IFCPOLYLOOP((#6767,#6768,#6772,#6771));
#6785= IFCFACEOUTERBOUND(#6784,.T.);
#6786= IFCFACE((#6785));
#6787= IFCPOLYLOOP((#6768,#6769,#6773,#6772));
#6788= IFCFACEOUTERBOUND(#6787,.T.);
#6789= IFCFACE((#6788));
#6790= IFCPOLYLOOP((#6769,#6766,#6770,#6773));
#6791= IFCFACEOUTERBOUND(#6790,.T.);
#6792= IFCFACE((#6791));
#6793= IFCFACETEDBREP(#6774);
#6794= IFCWALL('02XlqqfHPAiPdTHbr3PI2q',#2,$,$,$,$,$,$);
#6795= IFCBEAM('2y2V3tR3H0JwmubmRRcP6X',#2,$,$,$,$,#6796,$);
#6796= IFCPRODUCTDEFINITIONSHAPE($,$,(#6797));
#6797= IFCSHAPEREPRESENTATION(#11,'Body','Brep',(#6825));
#6798= IFCCARTESIANPOINT((-2000.,9691.,-180.));
#6799= IFCCARTESIANPOINT((-9750.,9691.,-180.));
#6800= IFCCARTESIANPOINT((-9750.,9691.,0.));
#6801= IFCCARTESIANPOINT((-2000.,9691.,0.));
#6802= IFCCARTESIANPOINT((-2000.,9749.,-180.));
#6803= IFCCARTESIANPOINT((-9750.,9749.,-180.));
#6804= IFCCARTESIANPOINT((-9750.,9749.,0.));
#6805= IFCCARTESIANPOINT((-2000.,9749.,0.));
#6806= IFCCLOSEDSHELL((#6809,#6812,#6815,#6818,#6821,#6824));
#6807= IFCPOLYLOOP((#6798,#6799,#6800,#6801));
#6808= IFCFACEOUTERBOUND(#6807,.T.);
#6809= IFCFACE((#6808));
#6810= IFCPOLYLOOP((#6802,#6803,#6804,#6805));
#6811= IFCFACEOUTERBOUND(#6810,.T.);
#6812= IFCFACE((#6811));
#6813= IFCPOLYLOOP((#6798,#6799,#6803,#6802));
#6814= IFCFACEOUTERBOUND(#6813,.T.);
#6815= IFCFACE((#6814));
#6816= IFCPOLYLOOP((#6799,#6800,#6804,#6803));
#6817= IFCFACEOUTERBOUND(#6816,.T.);
#6818= IFCFACE((#6817));
#6819= IFCPOLYLOOP((#6800,#6801,#6805,#6804));
#6820= IFCFACEOUTERBOUND(#6819,.T.);
#6821= IFCFACE((#6820));
#6822= IFCPOLYLOOP((#6801,#6798,#6802,#6805));
#6823= IFCFACEOUTERBOUND(#6822,.T.);
#6824= IFCFACE((#6823));
#6825= IFCFACETEDBREP(#6806);
#6826= IFCWALL('3ForM5gXT3b9q9XCEhodCA',#2,$,$,$,$,$,$);
#6827= IFCBEAM('32iNJYnFLCwep1dHTld1XJ',#2,$,$,$,$,#6828,$);
#6828= IFCPRODUCTDEFINITIONSHAPE($,$,(#6829));
#6829= IFCSHAPEREPRESENTATION(#11,'Body','Brep',(#6857));
#6830= IFCCARTESIANPOINT((-2000.,10191.,-180.));
#6831= IFCCARTESIANPOINT((-9750.,10191.,-180.));
#6832= IFCCARTESIANPOINT((-9750.,10191.,0.));
#6833= IFCCARTESIANPOINT((-2000.,10191.,0.));
#6834= IFCCARTESIANPOINT((-2000.,10249.,-180.));
#6835= IFCCARTESIANPOINT((-9750.,10249.,-180.));
#6836= IFCCARTESIANPOINT((-9750.,10249.,0.));
#6837= IFCCARTESIANPOINT((-2000.,10249.,0.));
#6838= IFCCLOSEDSHELL((#6841,#6844,#6847,#6850,#6853,#6856));
#6839= IFCPOLYLOOP((#6830,#6831,#6832,#6833));
#6840= IFCFACEOUTERBOUND(#6839,.T.);
#6841= IFCFACE((#6840));
#6842= IFCPOLYLOOP((#6834,#6835,#6836,#6837));
#6843= IFCFACEOUTERBOUND(#6842,.T.);
#6844= IFCFACE((#6843));
#6845= IFCPOLYLOOP((#6830,#6831,#6835,#6834));
#6846= IFCFACEOUTERBOUND(#6845,.T.);
#6847= IFCFACE((#6846));
#6848= IFCPOLYLOOP((#6831,#6832,#6836,#6835));
#6849= IFCFACEOUTERBOUND(#6848,.T.);
#6850= IFCFACE((#6849));
#6851= IFCPOLYLOOP((#6832,#6833,#6837,#6836));
#6852= IFCFACEOUTERBOUND(#6851,.T.);
#6853= IFCFACE((#6852));
#6854= IFCPOLYLOOP((#6833,#6830,#6834,#6837));
#6855= IFCFACEOUTERBOUND(#6854,.T.);
#6856= IFCFACE((#6855));
#6857= IFCFACETEDBREP(#6838);
#6858= IFCWALL('3wye_yCzDA8PcFHTh6X4qe',#2,$,$,$,$,$,$);
#6859= IFCBEAM('2L8r0mpML43h4ueqXHKgxH',#2,$,$,$,$,#6860,$);
#6860= IFCPRODUCTDEFINITIONSHAPE($,$,(#6861));
#6861= IFCSHAPEREPRESENTATION(#11,'Body','Brep',(#6889));
#6862= IFCCARTESIANPOINT((-2000.,10691.,-180.));
#6863= IFCCARTESIANPOINT((-9750.,10691.,-180.));
#6864= IFCCARTESIANPOINT((-9750.,10691.,0.));
#6865= IFCCARTESIANPOINT((-2000.,10691.,0.));
#6866= IFCCARTESIANPOINT((-2000.,10749.,-180.));
#6867= IFCCARTESIANPOINT((-9750.,10749.,-180.));
#6868= IFCCARTESIANPOINT((-9750.,10749.,0.));
#6869= IFCCARTESIANPOINT((-2000.,10749.,0.));
#6870= IFCCLOSEDSHELL((#6873,#6876,#6879,#6882,#6885,#6888));
#6871= IFCPOLYLOOP((#6862,#6863,#6864,#6865));
#6872= IFCFACEOUTERBOUND(#6871,.T.);
#6873= IFCFACE((#6872));
#6874= IFCPOLYLOOP((#6866,#6867,#6868,#6869));
#6875= IFCFACEOUTERBOUND(#6874,.T.);
#6876= IFCFACE((#6875));
#6877= IFCPOLYLOOP((#6862,#6863,#6867,#6866));
#6878= IFCFACEOUTERBOUND(#6877,.T.);
#6879= IFCFACE((#6878));
#6880= IFCPOLYLOOP((#6863,#6864,#6868,#6867));
#6881= IFCFACEOUTERBOUND(#6880,.T.);
#6882= IFCFACE((#6881));
#6883= IFCPOLYLOOP((#6864,#6865,#6869,#6868));
#6884= IFCFACEOUTERBOUND(#6883,.T.);
#6885= IFCFACE((#6884));
#6886= IFCPOLYLOOP((#6865,#6862,#6866,#6869));
#6887= IFCFACEOUTERBOUND(#6886,.T.);
#6888= IFCFACE((#6887));
#6889= IFCFACETEDBREP(#6870);
#6890= IFCWALL('3pPC5oRAz6gPqook7XhlE_',#2,$,$,$,$,$,$);
#6891= IFCBEAM('3TAXCWUObAEQLGHgQyisvv',#2,$,$,$,$,#6892,$);
#6892= IFCPRODUCTDEFINITIONSHAPE($,$,(#6893));
#6893= IFCSHAPEREPRESENTATION(#11,'Body','Brep',(#6921));
#6894= IFCCARTESIANPOINT((-2000.,11221.,-180.));
#6895= IFCCARTESIANPOINT((-9750.,11221.,-180.));
#6896= IFCCARTESIANPOINT((-9750.,11221.,0.));
#6897= IFCCARTESIANPOINT((-2000.,11221.,0.));
#6898= IFCCARTESIANPOINT((-2000.,11279.,-180.));
#6899= IFCCARTESIANPOINT((-9750.,11279.,-180.));
#6900= IFCCARTESIANPOINT((-9750.,11279.,0.));
#6901= IFCCARTESIANPOINT((-2000.,11279.,0.));
#6902= IFCCLOSEDSHELL((#6905,#6908,#6911,#6914,#6917,#6920));
#6903= IFCPOLYLOOP((#6894,#6895,#6896,#6897));
#6904= IFCFACEOUTERBOUND(#6903,.T.);
#6905= IFCFACE((#6904));
#6906= IFCPOLYLOOP((#6898,#6899,#6900,#6901));
#6907= IFCFACEOUTERBOUND(#6906,.T.);
#6908= IFCFACE((#6907));
#6909= IFCPOLYLOOP((#6894,#6895,#6899,#6898));
#6910= IFCFACEOUTERBOUND(#6909,.T.);
#6911= IFCFACE((#6910));
#6912= IFCPOLYLOOP((#6895,#6896,#6900,#6899));
#6913= IFCFACEOUTERBOUND(#6912,.T.);
#6914= IFCFACE((#6913));
#6915= IFCPOLYLOOP((#6896,#6897,#6901,#6900));
#6916= IFCFACEOUTERBOUND(#6915,.T.);
#6917= IFCFACE((#6916));
#6918= IFCPOLYLOOP((#6897,#6894,#6898,#6901));
#6919= IFCFACEOUTERBOUND(#6918,.T.);
#6920= IFCFACE((#6919));
#6921= IFCFACETEDBREP(#6902);
#6922= IFCWALL('1oWRH1HeL59vpfLVUt5lQ7',#2,$,$,$,$,$,$);
#6923= IFCBEAM('0AIa0R_WP0fAwEVBT$fk4E',#2,$,$,$,$,#6924,$);
#6924= IFCPRODUCTDEFINITIONSHAPE($,$,(#6925));
#6925= IFCSHAPEREPRESENTATION(#11,'Body','Brep',(#6953));
#6926= IFCCARTESIANPOINT((-5680.,11221.,-180.));
#6927= IFCCARTESIANPOINT((-9750.,11221.,-180.));
#6928= IFCCARTESIANPOINT((-9750.,11221.,0.));
#6929= IFCCARTESIANPOINT((-5680.,11221.,0.));
#6930= IFCCARTESIANPOINT((-5680.,11279.,-180.));
#6931= IFCCARTESIANPOINT((-9750.,11279.,-180.));
#6932= IFCCARTESIANPOINT((-9750.,11279.,0.));
#6933= IFCCARTESIANPOINT((-5680.,11279.,0.));
#6934= IFCCLOSEDSHELL((#6937,#6940,#6943,#6946,#6949,#6952));
#6935= IFCPOLYLOOP((#6926,#6927,#6928,#6929));
#6936= IFCFACEOUTERBOUND(#6935,.T.);
#6937= IFCFACE((#6936));
#6938= IFCPOLYLOOP((#6930,#6931,#6932,#6933));
#6939= IFCFACEOUTERBOUND(#6938,.T.);
#6940= IFCFACE((#6939));
#6941= IFCPOLYLOOP((#6926,#6927,#6931,#6930));
#6942= IFCFACEOUTERBOUND(#6941,.T.);
#6943= IFCFACE((#6942));
#6944= IFCPOLYLOOP((#6927,#6928,#6932,#6931));
#6945= IFCFACEOUTERBOUND(#6944,.T.);
#6946= IFCFACE((#6945));
#6947= IFCPOLYLOOP((#6928,#6929,#6933,#6932));
#6948= IFCFACEOUTERBOUND(#6947,.T.);
#6949= IFCFACE((#6948));
#6950= IFCPOLYLOOP((#6929,#6926,#6930,#6933));
#6951= IFCFACEOUTERBOUND(#6950,.T.);
#6952= IFCFACE((#6951));
#6953= IFCFACETEDBREP(#6934);
#6954= IFCWALL('3cGh2KFLb7bBmZtoIXHldT',#2,$,$,$,$,$,$);
#6955= IFCBEAM('1VZEDXE_P7QORf5DPD6AkY',#2,$,$,$,$,#6956,$);
#6956= IFCPRODUCTDEFINITIONSHAPE($,$,(#6957));
#6957= IFCSHAPEREPRESENTATION(#11,'Body','Brep',(#6985));
#6958= IFCCARTESIANPOINT((-2000.,11221.,-180.));
#6959= IFCCARTESIANPOINT((-5680.,11221.,-180.));
#6960= IFCCARTESIANPOINT((-5680.,11221.,0.));
#6961= IFCCARTESIANPOINT((-2000.,11221.,0.));
#6962= IFCCARTESIANPOINT((-2000.,11279.,-180.));
#6963= IFCCARTESIANPOINT((-5680.,11279.,-180.));
#6964= IFCCARTESIANPOINT((-5680.,11279.,0.));
#6965= IFCCARTESIANPOINT((-2000.,11279.,0.));
#6966= IFCCLOSEDSHELL((#6969,#6972,#6975,#6978,#6981,#6984));
#6967= IFCPOLYLOOP((#6958,#6959,#6960,#6961));
#6968= IFCFACEOUTERBOUND(#6967,.T.);
#6969= IFCFACE((#6968));
#6970= IFCPOLYLOOP((#6962,#6963,#6964,#6965));
#6971= IFCFACEOUTERBOUND(#6970,.T.);
#6972= IFCFACE((#6971));
#6973= IFCPOLYLOOP((#6958,#6959,#6963,#6962));
#6974= IFCFACEOUTERBOUND(#6973,.T.);
#6975= IFCFACE((#6974));
#6976= IFCPOLYLOOP((#6959,#6960,#6964,#6963));
#6977= IFCFACEOUTERBOUND(#6976,.T.);
#6978= IFCFACE((#6977));
#6979= IFCPOLYLOOP((#6960,#6961,#6965,#6964));
#6980= IFCFACEOUTERBOUND(#6979,.T.);
#6981= IFCFACE((#6980));
#6982= IFCPOLYLOOP((#6961,#6958,#6962,#6965));
#6983= IFCFACEOUTERBOUND(#6982,.T.);
#6984= IFCFACE((#6983));
#6985= IFCFACETEDBREP(#6966);
#6986= IFCWALL('2Z_IUIA8P8ruaovJDLkDU5',#2,$,$,$,$,$,$);
#6987= IFCBEAM('0_tVH0jur9e99Th_oMo85v',#2,$,$,$,$,#6988,$);
#6988= IFCPRODUCTDEFINITIONSHAPE($,$,(#6989));
#6989= IFCSHAPEREPRESENTATION(#11,'Body','Brep',(#7017));
#6990= IFCCARTESIANPOINT((-8949.,2530.,-180.));
#6991= IFCCARTESIANPOINT((-8949.,4340.,-180.));
#6992= IFCCARTESIANPOINT((-8949.,4340.,0.));
#6993= IFCCARTESIANPOINT((-8949.,2530.,0.));
#6994= IFCCARTESIANPOINT((-8891.,2530.,-180.));
#6995= IFCCARTESIANPOINT((-8891.,4340.,-180.));
#6996= IFCCARTESIANPOINT((-8891.,4340.,0.));
#6997= IFCCARTESIANPOINT((-8891.,2530.,0.));
#6998= IFCCLOSEDSHELL((#7001,#7004,#7007,#7010,#7013,#7016));
#6999= IFCPOLYLOOP((#6990,#6991,#6992,#6993));
#7000= IFCFACEOUTERBOUND(#6999,.T.);
#7001= IFCFACE((#7000));
#7002= IFCPOLYLOOP((#6994,#6995,#6996,#6997));
#7003= IFCFACEOUTERBOUND(#7002,.T.);
#7004= IFCFACE((#7003));
#7005= IFCPOLYLOOP((#6990,#6991,#6995,#6994));
#7006= IFCFACEOUTERBOUND(#7005,.T.);
#7007= IFCFACE((#7006));
#7008= IFCPOLYLOOP((#6991,#6992,#6996,#6995));
#7009= IFCFACEOUTERBOUND(#7008,.T.);
#7010= IFCFACE((#7009));
#7011= IFCPOLYLOOP((#6992,#6993,#6997,#6996));
#7012= IFCFACEOUTERBOUND(#7011,.T.);
#7013= IFCFACE((#7012));
#7014= IFCPOLYLOOP((#6993,#6990,#6994,#6997));
#7015= IFCFACEOUTERBOUND(#7014,.T.);
#7016= IFCFACE((#7015));
#7017= IFCFACETEDBREP(#6998);
#7018= IFCWALL('0D6V_P1WPBp8VYFQxXpJWr',#2,$,$,$,$,$,$);
#7019= IFCBEAM('3Vpa6iy_TCEfm2PQWLfyWU',#2,$,$,$,$,#7020,$);
#7020= IFCPRODUCTDEFINITIONSHAPE($,$,(#7021));
#7021= IFCSHAPEREPRESENTATION(#11,'Body','Brep',(#7049));
#7022= IFCCARTESIANPOINT((-9779.,-500.,-180.));
#7023= IFCCARTESIANPOINT((-9779.,2530.,-180.));
#7024= IFCCARTESIANPOINT((-9779.,2530.,0.));
#7025= IFCCARTESIANPOINT((-9779.,-500.,0.));
#7026= IFCCARTESIANPOINT((-9721.,-500.,-180.));
#7027= IFCCARTESIANPOINT((-9721.,2530.,-180.));
#7028= IFCCARTESIANPOINT((-9721.,2530.,0.));
#7029= IFCCARTESIANPOINT((-9721.,-500.,0.));
#7030= IFCCLOSEDSHELL((#7033,#7036,#7039,#7042,#7045,#7048));
#7031= IFCPOLYLOOP((#7022,#7023,#7024,#7025));
#7032= IFCFACEOUTERBOUND(#7031,.T.);
#7033= IFCFACE((#7032));
#7034= IFCPOLYLOOP((#7026,#7027,#7028,#7029));
#7035= IFCFACEOUTERBOUND(#7034,.T.);
#7036= IFCFACE((#7035));
#7037= IFCPOLYLOOP((#7022,#7023,#7027,#7026));
#7038= IFCFACEOUTERBOUND(#7037,.T.);
#7039= IFCFACE((#7038));
#7040= IFCPOLYLOOP((#7023,#7024,#7028,#7027));
#7041= IFCFACEOUTERBOUND(#7040,.T.);
#7042= IFCFACE((#7041));
#7043= IFCPOLYLOOP((#7024,#7025,#7029,#7028));
#7044= IFCFACEOUTERBOUND(#7043,.T.);
#7045= IFCFACE((#7044));
#7046= IFCPOLYLOOP((#7025,#7022,#7026,#7029));
#7047= IFCFACEOUTERBOUND(#7046,.T.);
#7048= IFCFACE((#7047));
#7049= IFCFACETEDBREP(#7030);
#7050= IFCWALL('0WUgGX9wP8WP5e5pDaNVd0',#2,$,$,$,$,$,$);
#7051= IFCBEAM('17BW2qBrbEAxW4bYesvky7',#2,$,$,$,$,#7052,$);
#7052= IFCPRODUCTDEFINITIONSHAPE($,$,(#7053));
#7053= IFCSHAPEREPRESENTATION(#11,'Body','Brep',(#7081));
#7054= IFCCARTESIANPOINT((-9779.,4340.,-180.));
#7055= IFCCARTESIANPOINT((-9779.,8220.,-180.));
#7056= IFCCARTESIANPOINT((-9779.,8220.,0.));
#7057= IFCCARTESIANPOINT((-9779.,4340.,0.));
#7058= IFCCARTESIANPOINT((-9721.,4340.,-180.));
#7059= IFCCARTESIANPOINT((-9721.,8220.,-180.));
#7060= IFCCARTESIANPOINT((-9721.,8220.,0.));
#7061= IFCCARTESIANPOINT((-9721.,4340.,0.));
#7062= IFCCLOSEDSHELL((#7065,#7068,#7071,#7074,#7077,#7080));
#7063= IFCPOLYLOOP((#7054,#7055,#7056,#7057));
#7064= IFCFACEOUTERBOUND(#7063,.T.);
#7065= IFCFACE((#7064));
#7066= IFCPOLYLOOP((#7058,#7059,#7060,#7061));
#7067= IFCFACEOUTERBOUND(#7066,.T.);
#7068= IFCFACE((#7067));
#7069= IFCPOLYLOOP((#7054,#7055,#7059,#7058));
#7070= IFCFACEOUTERBOUND(#7069,.T.);
#7071= IFCFACE((#7070));
#7072= IFCPOLYLOOP((#7055,#7056,#7060,#7059));
#7073= IFCFACEOUTERBOUND(#7072,.T.);
#7074= IFCFACE((#7073));
#7075= IFCPOLYLOOP((#7056,#7057,#7061,#7060));
#7076= IFCFACEOUTERBOUND(#7075,.T.);
#7077= IFCFACE((#7076));
#7078= IFCPOLYLOOP((#7057,#7054,#7058,#7061));
#7079= IFCFACEOUTERBOUND(#7078,.T.);
#7080= IFCFACE((#7079));
#7081= IFCFACETEDBREP(#7062);
#7082= IFCWALL('3sA31J0Xz2ceHd10$s1UQ9',#2,$,$,$,$,$,$);
#7083= IFCBEAM('0FGGTeIkj19BqdlILHS1HK',#2,$,$,$,$,#7084,$);
#7084= IFCPRODUCTDEFINITIONSHAPE($,$,(#7085));
#7085= IFCSHAPEREPRESENTATION(#11,'Body','Brep',(#7113));
#7086= IFCCARTESIANPOINT((-9779.,8220.,-180.));
#7087= IFCCARTESIANPOINT((-9779.,11250.,-180.));
#7088= IFCCARTESIANPOINT((-9779.,11250.,0.));
#7089= IFCCARTESIANPOINT((-9779.,8220.,0.));
#7090= IFCCARTESIANPOINT((-9721.,8220.,-180.));
#7091= IFCCARTESIANPOINT((-9721.,11250.,-180.));
#7092= IFCCARTESIANPOINT((-9721.,11250.,0.));
#7093= IFCCARTESIANPOINT((-9721.,8220.,0.));
#7094= IFCCLOSEDSHELL((#7097,#7100,#7103,#7106,#7109,#7112));
#7095= IFCPOLYLOOP((#7086,#7087,#7088,#7089));
#7096= IFCFACEOUTERBOUND(#7095,.T.);
#7097= IFCFACE((#7096));
#7098= IFCPOLYLOOP((#7090,#7091,#7092,#7093));
#7099= IFCFACEOUTERBOUND(#7098,.T.);
#7100= IFCFACE((#7099));
#7101= IFCPOLYLOOP((#7086,#7087,#7091,#7090));
#7102= IFCFACEOUTERBOUND(#7101,.T.);
#7103= IFCFACE((#7102));
#7104= IFCPOLYLOOP((#7087,#7088,#7092,#7091));
#7105= IFCFACEOUTERBOUND(#7104,.T.);
#7106= IFCFACE((#7105));
#7107= IFCPOLYLOOP((#7088,#7089,#7093,#7092));
#7108= IFCFACEOUTERBOUND(#7107,.T.);
#7109= IFCFACE((#7108));
#7110= IFCPOLYLOOP((#7089,#7086,#7090,#7093));
#7111= IFCFACEOUTERBOUND(#7110,.T.);
#7112= IFCFACE((#7111));
#7113= IFCFACETEDBREP(#7094);
#7114= IFCPRESENTATIONLAYERASSIGNMENT('fences layer',$,(),$);
#7115= IFCPRESENTATIONLAYERASSIGNMENT('raingutters layer',$,(),$);
#7116= IFCPRESENTATIONLAYERASSIGNMENT('items layer',$,(),$);
#7117= IFCWALL('1LQP5y4W5BAAXikxTBw$8J',#2,$,$,$,$,$,$);
#7118= IFCWINDOW('27qLutcPD8RhpP14Vqw8PM',#2,$,$,$,$,#7119,$,198,155);
#7119= IFCPRODUCTDEFINITIONSHAPE($,$,(#7120));
#7120= IFCSHAPEREPRESENTATION(#11,'Body','Brep',(#7330));
#7121= IFCCARTESIANPOINT((-2020.,205.,1880.));
#7122= IFCCARTESIANPOINT((-2020.,980.,1880.));
#7123= IFCCARTESIANPOINT((-2020.,980.,1980.));
#7124= IFCCARTESIANPOINT((-2020.,205.,1980.));
#7125= IFCCARTESIANPOINT((-2000.,205.,1880.));
#7126= IFCCARTESIANPOINT((-2000.,980.,1880.));
#7127= IFCCARTESIANPOINT((-2000.,980.,1980.));
#7128= IFCCARTESIANPOINT((-2000.,205.,1980.));
#7129= IFCCARTESIANPOINT((-2020.,205.,101.));
#7130= IFCCARTESIANPOINT((-2020.,305.,101.));
#7131= IFCCARTESIANPOINT((-2020.,305.,1879.));
#7132= IFCCARTESIANPOINT((-2020.,205.,1879.));
#7133= IFCCARTESIANPOINT((-2000.,205.,101.));
#7134= IFCCARTESIANPOINT((-2000.,305.,101.));
#7135= IFCCARTESIANPOINT((-2000.,305.,1879.));
#7136= IFCCARTESIANPOINT((-2000.,205.,1879.));
#7137= IFCCARTESIANPOINT((-2020.,880.,101.));
#7138= IFCCARTESIANPOINT((-2020.,980.,101.));
#7139= IFCCARTESIANPOINT((-2020.,980.,1879.));
#7140= IFCCARTESIANPOINT((-2020.,880.,1879.));
#7141= IFCCARTESIANPOINT((-2000.,880.,101.));
#7142= IFCCARTESIANPOINT((-2000.,980.,101.));
#7143= IFCCARTESIANPOINT((-2000.,980.,1879.));
#7144= IFCCARTESIANPOINT((-2000.,880.,1879.));
#7145= IFCCARTESIANPOINT((-2020.,205.,100.));
#7146= IFCCARTESIANPOINT((-2020.,980.,100.));
#7147= IFCCARTESIANPOINT((-2020.,980.,0.));
#7148= IFCCARTESIANPOINT((-2020.,205.,0.));
#7149= IFCCARTESIANPOINT((-2000.,205.,100.));
#7150= IFCCARTESIANPOINT((-2000.,980.,100.));
#7151= IFCCARTESIANPOINT((-2000.,980.,0.));
#7152= IFCCARTESIANPOINT((-2000.,205.,0.));
#7153= IFCCARTESIANPOINT((-2020.,980.,1880.));
#7154= IFCCARTESIANPOINT((-2020.,1755.,1880.));
#7155= IFCCARTESIANPOINT((-2020.,1755.,1980.));
#7156= IFCCARTESIANPOINT((-2020.,980.,1980.));
#7157= IFCCARTESIANPOINT((-2000.,980.,1880.));
#7158= IFCCARTESIANPOINT((-2000.,1755.,1880.));
#7159= IFCCARTESIANPOINT((-2000.,1755.,1980.));
#7160= IFCCARTESIANPOINT((-2000.,980.,1980.));
#7161= IFCCARTESIANPOINT((-2020.,980.,101.));
#7162= IFCCARTESIANPOINT((-2020.,1080.,101.));
#7163= IFCCARTESIANPOINT((-2020.,1080.,1879.));
#7164= IFCCARTESIANPOINT((-2020.,980.,1879.));
#7165= IFCCARTESIANPOINT((-2000.,980.,101.));
#7166= IFCCARTESIANPOINT((-2000.,1080.,101.));
#7167= IFCCARTESIANPOINT((-2000.,1080.,1879.));
#7168= IFCCARTESIANPOINT((-2000.,980.,1879.));
#7169= IFCCARTESIANPOINT((-2020.,1655.,101.));
#7170= IFCCARTESIANPOINT((-2020.,1755.,101.));
#7171= IFCCARTESIANPOINT((-2020.,1755.,1879.));
#7172= IFCCARTESIANPOINT((-2020.,1655.,1879.));
#7173= IFCCARTESIANPOINT((-2000.,1655.,101.));
#7174= IFCCARTESIANPOINT((-2000.,1755.,101.));
#7175= IFCCARTESIANPOINT((-2000.,1755.,1879.));
#7176= IFCCARTESIANPOINT((-2000.,1655.,1879.));
#7177= IFCCARTESIANPOINT((-2020.,980.,100.));
#7178= IFCCARTESIANPOINT((-2020.,1755.,100.));
#7179= IFCCARTESIANPOINT((-2020.,1755.,0.));
#7180= IFCCARTESIANPOINT((-2020.,980.,0.));
#7181= IFCCARTESIANPOINT((-2000.,980.,100.));
#7182= IFCCARTESIANPOINT((-2000.,1755.,100.));
#7183= IFCCARTESIANPOINT((-2000.,1755.,0.));
#7184= IFCCARTESIANPOINT((-2000.,980.,0.));
#7185= IFCCLOSEDSHELL((#7188,#7191,#7194,#7197,#7200,#7203,#7206,#7209,#7212,#7215,#7218,#7221,#7224,#7227,#7230,#7233,#7236,#7239,#7242,#7245,#7248,#7251,#7254,#7257,#7260,#7263,#7266,#7269,#7272,#7275,#7278,#7281,#7284,#7287,#7290,#7293,#7296,#7299,#7302,#7305,#7308,#7311,#7314,#7317,#7320,#7323,#7326,#7329));
#7186= IFCPOLYLOOP((#7121,#7122,#7123,#7124));
#7187= IFCFACEOUTERBOUND(#7186,.T.);
#7188= IFCFACE((#7187));
#7189= IFCPOLYLOOP((#7125,#7126,#7127,#7128));
#7190= IFCFACEOUTERBOUND(#7189,.T.);
#7191= IFCFACE((#7190));
#7192= IFCPOLYLOOP((#7121,#7122,#7126,#7125));
#7193= IFCFACEOUTERBOUND(#7192,.T.);
#7194= IFCFACE((#7193));
#7195= IFCPOLYLOOP((#7122,#7123,#7127,#7126));
#7196= IFCFACEOUTERBOUND(#7195,.T.);
#7197= IFCFACE((#7196));
#7198= IFCPOLYLOOP((#7123,#7124,#7128,#7127));
#7199= IFCFACEOUTERBOUND(#7198,.T.);
#7200= IFCFACE((#7199));
#7201= IFCPOLYLOOP((#7124,#7121,#7125,#7128));
#7202= IFCFACEOUTERBOUND(#7201,.T.);
#7203= IFCFACE((#7202));
#7204= IFCPOLYLOOP((#7129,#7130,#7131,#7132));
#7205= IFCFACEOUTERBOUND(#7204,.T.);
#7206= IFCFACE((#7205));
#7207= IFCPOLYLOOP((#7133,#7134,#7135,#7136));
#7208= IFCFACEOUTERBOUND(#7207,.T.);
#7209= IFCFACE((#7208));
#7210= IFCPOLYLOOP((#7129,#7130,#7134,#7133));
#7211= IFCFACEOUTERBOUND(#7210,.T.);
#7212= IFCFACE((#7211));
#7213= IFCPOLYLOOP((#7130,#7131,#7135,#7134));
#7214= IFCFACEOUTERBOUND(#7213,.T.);
#7215= IFCFACE((#7214));
#7216= IFCPOLYLOOP((#7131,#7132,#7136,#7135));
#7217= IFCFACEOUTERBOUND(#7216,.T.);
#7218= IFCFACE((#7217));
#7219= IFCPOLYLOOP((#7132,#7129,#7133,#7136));
#7220= IFCFACEOUTERBOUND(#7219,.T.);
#7221= IFCFACE((#7220));
#7222= IFCPOLYLOOP((#7137,#7138,#7139,#7140));
#7223= IFCFACEOUTERBOUND(#7222,.T.);
#7224= IFCFACE((#7223));
#7225= IFCPOLYLOOP((#7141,#7142,#7143,#7144));
#7226= IFCFACEOUTERBOUND(#7225,.T.);
#7227= IFCFACE((#7226));
#7228= IFCPOLYLOOP((#7137,#7138,#7142,#7141));
#7229= IFCFACEOUTERBOUND(#7228,.T.);
#7230= IFCFACE((#7229));
#7231= IFCPOLYLOOP((#7138,#7139,#7143,#7142));
#7232= IFCFACEOUTERBOUND(#7231,.T.);
#7233= IFCFACE((#7232));
#7234= IFCPOLYLOOP((#7139,#7140,#7144,#7143));
#7235= IFCFACEOUTERBOUND(#7234,.T.);
#7236= IFCFACE((#7235));
#7237= IFCPOLYLOOP((#7140,#7137,#7141,#7144));
#7238= IFCFACEOUTERBOUND(#7237,.T.);
#7239= IFCFACE((#7238));
#7240= IFCPOLYLOOP((#7145,#7146,#7147,#7148));
#7241= IFCFACEOUTERBOUND(#7240,.T.);
#7242= IFCFACE((#7241));
#7243= IFCPOLYLOOP((#7149,#7150,#7151,#7152));
#7244= IFCFACEOUTERBOUND(#7243,.T.);
#7245= IFCFACE((#7244));
#7246= IFCPOLYLOOP((#7145,#7146,#7150,#7149));
#7247= IFCFACEOUTERBOUND(#7246,.T.);
#7248= IFCFACE((#7247));
#7249= IFCPOLYLOOP((#7146,#7147,#7151,#7150));
#7250= IFCFACEOUTERBOUND(#7249,.T.);
#7251= IFCFACE((#7250));
#7252= IFCPOLYLOOP((#7147,#7148,#7152,#7151));
#7253= IFCFACEOUTERBOUND(#7252,.T.);
#7254= IFCFACE((#7253));
#7255= IFCPOLYLOOP((#7148,#7145,#7149,#7152));
#7256= IFCFACEOUTERBOUND(#7255,.T.);
#7257= IFCFACE((#7256));
#7258= IFCPOLYLOOP((#7153,#7154,#7155,#7156));
#7259= IFCFACEOUTERBOUND(#7258,.T.);
#7260= IFCFACE((#7259));
#7261= IFCPOLYLOOP((#7157,#7158,#7159,#7160));
#7262= IFCFACEOUTERBOUND(#7261,.T.);
#7263= IFCFACE((#7262));
#7264= IFCPOLYLOOP((#7153,#7154,#7158,#7157));
#7265= IFCFACEOUTERBOUND(#7264,.T.);
#7266= IFCFACE((#7265));
#7267= IFCPOLYLOOP((#7154,#7155,#7159,#7158));
#7268= IFCFACEOUTERBOUND(#7267,.T.);
#7269= IFCFACE((#7268));
#7270= IFCPOLYLOOP((#7155,#7156,#7160,#7159));
#7271= IFCFACEOUTERBOUND(#7270,.T.);
#7272= IFCFACE((#7271));
#7273= IFCPOLYLOOP((#7156,#7153,#7157,#7160));
#7274= IFCFACEOUTERBOUND(#7273,.T.);
#7275= IFCFACE((#7274));
#7276= IFCPOLYLOOP((#7161,#7162,#7163,#7164));
#7277= IFCFACEOUTERBOUND(#7276,.T.);
#7278= IFCFACE((#7277));
#7279= IFCPOLYLOOP((#7165,#7166,#7167,#7168));
#7280= IFCFACEOUTERBOUND(#7279,.T.);
#7281= IFCFACE((#7280));
#7282= IFCPOLYLOOP((#7161,#7162,#7166,#7165));
#7283= IFCFACEOUTERBOUND(#7282,.T.);
#7284= IFCFACE((#7283));
#7285= IFCPOLYLOOP((#7162,#7163,#7167,#7166));
#7286= IFCFACEOUTERBOUND(#7285,.T.);
#7287= IFCFACE((#7286));
#7288= IFCPOLYLOOP((#7163,#7164,#7168,#7167));
#7289= IFCFACEOUTERBOUND(#7288,.T.);
#7290= IFCFACE((#7289));
#7291= IFCPOLYLOOP((#7164,#7161,#7165,#7168));
#7292= IFCFACEOUTERBOUND(#7291,.T.);
#7293= IFCFACE((#7292));
#7294= IFCPOLYLOOP((#7169,#7170,#7171,#7172));
#7295= IFCFACEOUTERBOUND(#7294,.T.);
#7296= IFCFACE((#7295));
#7297= IFCPOLYLOOP((#7173,#7174,#7175,#7176));
#7298= IFCFACEOUTERBOUND(#7297,.T.);
#7299= IFCFACE((#7298));
#7300= IFCPOLYLOOP((#7169,#7170,#7174,#7173));
#7301= IFCFACEOUTERBOUND(#7300,.T.);
#7302= IFCFACE((#7301));
#7303= IFCPOLYLOOP((#7170,#7171,#7175,#7174));
#7304= IFCFACEOUTERBOUND(#7303,.T.);
#7305= IFCFACE((#7304));
#7306= IFCPOLYLOOP((#7171,#7172,#7176,#7175));
#7307= IFCFACEOUTERBOUND(#7306,.T.);
#7308= IFCFACE((#7307));
#7309= IFCPOLYLOOP((#7172,#7169,#7173,#7176));
#7310= IFCFACEOUTERBOUND(#7309,.T.);
#7311= IFCFACE((#7310));
#7312= IFCPOLYLOOP((#7177,#7178,#7179,#7180));
#7313= IFCFACEOUTERBOUND(#7312,.T.);
#7314= IFCFACE((#7313));
#7315= IFCPOLYLOOP((#7181,#7182,#7183,#7184));
#7316= IFCFACEOUTERBOUND(#7315,.T.);
#7317= IFCFACE((#7316));
#7318= IFCPOLYLOOP((#7177,#7178,#7182,#7181));
#7319= IFCFACEOUTERBOUND(#7318,.T.);
#7320= IFCFACE((#7319));
#7321= IFCPOLYLOOP((#7178,#7179,#7183,#7182));
#7322= IFCFACEOUTERBOUND(#7321,.T.);
#7323= IFCFACE((#7322));
#7324= IFCPOLYLOOP((#7179,#7180,#7184,#7183));
#7325= IFCFACEOUTERBOUND(#7324,.T.);
#7326= IFCFACE((#7325));
#7327= IFCPOLYLOOP((#7180,#7177,#7181,#7184));
#7328= IFCFACEOUTERBOUND(#7327,.T.);
#7329= IFCFACE((#7328));
#7330= IFCFACETEDBREP(#7185);
#7331= IFCWALL('08qnQ9NC98XO30SZ5khM7l',#2,$,$,$,$,$,$);
#7332= IFCWINDOW('3X$rEmV2fBAA$xq_aGECtm',#2,$,$,$,$,#7333,$,200,50);
#7333= IFCPRODUCTDEFINITIONSHAPE($,$,(#7334));
#7334= IFCSHAPEREPRESENTATION(#11,'Body','Brep',(#7440));
#7335= IFCCARTESIANPOINT((-7500.,-480.,1900.));
#7336= IFCCARTESIANPOINT((-7000.,-480.,1900.));
#7337= IFCCARTESIANPOINT((-7000.,-480.,2000.));
#7338= IFCCARTESIANPOINT((-7500.,-480.,2000.));
#7339= IFCCARTESIANPOINT((-7500.,-500.,1900.));
#7340= IFCCARTESIANPOINT((-7000.,-500.,1900.));
#7341= IFCCARTESIANPOINT((-7000.,-500.,2000.));
#7342= IFCCARTESIANPOINT((-7500.,-500.,2000.));
#7343= IFCCARTESIANPOINT((-7500.,-480.,101.));
#7344= IFCCARTESIANPOINT((-7400.,-480.,101.));
#7345= IFCCARTESIANPOINT((-7400.,-480.,1899.));
#7346= IFCCARTESIANPOINT((-7500.,-480.,1899.));
#7347= IFCCARTESIANPOINT((-7500.,-500.,101.));
#7348= IFCCARTESIANPOINT((-7400.,-500.,101.));
#7349= IFCCARTESIANPOINT((-7400.,-500.,1899.));
#7350= IFCCARTESIANPOINT((-7500.,-500.,1899.));
#7351= IFCCARTESIANPOINT((-7100.,-480.,101.));
#7352= IFCCARTESIANPOINT((-7000.,-480.,101.));
#7353= IFCCARTESIANPOINT((-7000.,-480.,1899.));
#7354= IFCCARTESIANPOINT((-7100.,-480.,1899.));
#7355= IFCCARTESIANPOINT((-7100.,-500.,101.));
#7356= IFCCARTESIANPOINT((-7000.,-500.,101.));
#7357= IFCCARTESIANPOINT((-7000.,-500.,1899.));
#7358= IFCCARTESIANPOINT((-7100.,-500.,1899.));
#7359= IFCCARTESIANPOINT((-7500.,-480.,100.));
#7360= IFCCARTESIANPOINT((-7000.,-480.,100.));
#7361= IFCCARTESIANPOINT((-7000.,-480.,0.));
#7362= IFCCARTESIANPOINT((-7500.,-480.,0.));
#7363= IFCCARTESIANPOINT((-7500.,-500.,100.));
#7364= IFCCARTESIANPOINT((-7000.,-500.,100.));
#7365= IFCCARTESIANPOINT((-7000.,-500.,0.));
#7366= IFCCARTESIANPOINT((-7500.,-500.,0.));
#7367= IFCCLOSEDSHELL((#7370,#7373,#7376,#7379,#7382,#7385,#7388,#7391,#7394,#7397,#7400,#7403,#7406,#7409,#7412,#7415,#7418,#7421,#7424,#7427,#7430,#7433,#7436,#7439));
#7368= IFCPOLYLOOP((#7335,#7336,#7337,#7338));
#7369= IFCFACEOUTERBOUND(#7368,.T.);
#7370= IFCFACE((#7369));
#7371= IFCPOLYLOOP((#7339,#7340,#7341,#7342));
#7372= IFCFACEOUTERBOUND(#7371,.T.);
#7373= IFCFACE((#7372));
#7374= IFCPOLYLOOP((#7335,#7336,#7340,#7339));
#7375= IFCFACEOUTERBOUND(#7374,.T.);
#7376= IFCFACE((#7375));
#7377= IFCPOLYLOOP((#7336,#7337,#7341,#7340));
#7378= IFCFACEOUTERBOUND(#7377,.T.);
#7379= IFCFACE((#7378));
#7380= IFCPOLYLOOP((#7337,#7338,#7342,#7341));
#7381= IFCFACEOUTERBOUND(#7380,.T.);
#7382= IFCFACE((#7381));
#7383= IFCPOLYLOOP((#7338,#7335,#7339,#7342));
#7384= IFCFACEOUTERBOUND(#7383,.T.);
#7385= IFCFACE((#7384));
#7386= IFCPOLYLOOP((#7343,#7344,#7345,#7346));
#7387= IFCFACEOUTERBOUND(#7386,.T.);
#7388= IFCFACE((#7387));
#7389= IFCPOLYLOOP((#7347,#7348,#7349,#7350));
#7390= IFCFACEOUTERBOUND(#7389,.T.);
#7391= IFCFACE((#7390));
#7392= IFCPOLYLOOP((#7343,#7344,#7348,#7347));
#7393= IFCFACEOUTERBOUND(#7392,.T.);
#7394= IFCFACE((#7393));
#7395= IFCPOLYLOOP((#7344,#7345,#7349,#7348));
#7396= IFCFACEOUTERBOUND(#7395,.T.);
#7397= IFCFACE((#7396));
#7398= IFCPOLYLOOP((#7345,#7346,#7350,#7349));
#7399= IFCFACEOUTERBOUND(#7398,.T.);
#7400= IFCFACE((#7399));
#7401= IFCPOLYLOOP((#7346,#7343,#7347,#7350));
#7402= IFCFACEOUTERBOUND(#7401,.T.);
#7403= IFCFACE((#7402));
#7404= IFCPOLYLOOP((#7351,#7352,#7353,#7354));
#7405= IFCFACEOUTERBOUND(#7404,.T.);
#7406= IFCFACE((#7405));
#7407= IFCPOLYLOOP((#7355,#7356,#7357,#7358));
#7408= IFCFACEOUTERBOUND(#7407,.T.);
#7409= IFCFACE((#7408));
#7410= IFCPOLYLOOP((#7351,#7352,#7356,#7355));
#7411= IFCFACEOUTERBOUND(#7410,.T.);
#7412= IFCFACE((#7411));
#7413= IFCPOLYLOOP((#7352,#7353,#7357,#7356));
#7414= IFCFACEOUTERBOUND(#7413,.T.);
#7415= IFCFACE((#7414));
#7416= IFCPOLYLOOP((#7353,#7354,#7358,#7357));
#7417= IFCFACEOUTERBOUND(#7416,.T.);
#7418= IFCFACE((#7417));
#7419= IFCPOLYLOOP((#7354,#7351,#7355,#7358));
#7420= IFCFACEOUTERBOUND(#7419,.T.);
#7421= IFCFACE((#7420));
#7422= IFCPOLYLOOP((#7359,#7360,#7361,#7362));
#7423= IFCFACEOUTERBOUND(#7422,.T.);
#7424= IFCFACE((#7423));
#7425= IFCPOLYLOOP((#7363,#7364,#7365,#7366));
#7426= IFCFACEOUTERBOUND(#7425,.T.);
#7427= IFCFACE((#7426));
#7428= IFCPOLYLOOP((#7359,#7360,#7364,#7363));
#7429= IFCFACEOUTERBOUND(#7428,.T.);
#7430= IFCFACE((#7429));
#7431= IFCPOLYLOOP((#7360,#7361,#7365,#7364));
#7432= IFCFACEOUTERBOUND(#7431,.T.);
#7433= IFCFACE((#7432));
#7434= IFCPOLYLOOP((#7361,#7362,#7366,#7365));
#7435= IFCFACEOUTERBOUND(#7434,.T.);
#7436= IFCFACE((#7435));
#7437= IFCPOLYLOOP((#7362,#7359,#7363,#7366));
#7438= IFCFACEOUTERBOUND(#7437,.T.);
#7439= IFCFACE((#7438));
#7440= IFCFACETEDBREP(#7367);
#7441= IFCWALL('1xlS2zWl19jgflNM1Ilz8e',#2,$,$,$,$,$,$);
#7442= IFCWINDOW('3zQ2_vo018IBWdvoI9fo4e',#2,$,$,$,$,#7443,$,198,155);
#7443= IFCPRODUCTDEFINITIONSHAPE($,$,(#7444));
#7444= IFCSHAPEREPRESENTATION(#11,'Body','Brep',(#7654));
#7445= IFCCARTESIANPOINT((-2020.,8895.,1880.));
#7446= IFCCARTESIANPOINT((-2020.,9670.,1880.));
#7447= IFCCARTESIANPOINT((-2020.,9670.,1980.));
#7448= IFCCARTESIANPOINT((-2020.,8895.,1980.));
#7449= IFCCARTESIANPOINT((-2000.,8895.,1880.));
#7450= IFCCARTESIANPOINT((-2000.,9670.,1880.));
#7451= IFCCARTESIANPOINT((-2000.,9670.,1980.));
#7452= IFCCARTESIANPOINT((-2000.,8895.,1980.));
#7453= IFCCARTESIANPOINT((-2020.,8895.,101.));
#7454= IFCCARTESIANPOINT((-2020.,8995.,101.));
#7455= IFCCARTESIANPOINT((-2020.,8995.,1879.));
#7456= IFCCARTESIANPOINT((-2020.,8895.,1879.));
#7457= IFCCARTESIANPOINT((-2000.,8895.,101.));
#7458= IFCCARTESIANPOINT((-2000.,8995.,101.));
#7459= IFCCARTESIANPOINT((-2000.,8995.,1879.));
#7460= IFCCARTESIANPOINT((-2000.,8895.,1879.));
#7461= IFCCARTESIANPOINT((-2020.,9570.,101.));
#7462= IFCCARTESIANPOINT((-2020.,9670.,101.));
#7463= IFCCARTESIANPOINT((-2020.,9670.,1879.));
#7464= IFCCARTESIANPOINT((-2020.,9570.,1879.));
#7465= IFCCARTESIANPOINT((-2000.,9570.,101.));
#7466= IFCCARTESIANPOINT((-2000.,9670.,101.));
#7467= IFCCARTESIANPOINT((-2000.,9670.,1879.));
#7468= IFCCARTESIANPOINT((-2000.,9570.,1879.));
#7469= IFCCARTESIANPOINT((-2020.,8895.,100.));
#7470= IFCCARTESIANPOINT((-2020.,9670.,100.));
#7471= IFCCARTESIANPOINT((-2020.,9670.,0.));
#7472= IFCCARTESIANPOINT((-2020.,8895.,0.));
#7473= IFCCARTESIANPOINT((-2000.,8895.,100.));
#7474= IFCCARTESIANPOINT((-2000.,9670.,100.));
#7475= IFCCARTESIANPOINT((-2000.,9670.,0.));
#7476= IFCCARTESIANPOINT((-2000.,8895.,0.));
#7477= IFCCARTESIANPOINT((-2020.,9670.,1880.));
#7478= IFCCARTESIANPOINT((-2020.,10445.,1880.));
#7479= IFCCARTESIANPOINT((-2020.,10445.,1980.));
#7480= IFCCARTESIANPOINT((-2020.,9670.,1980.));
#7481= IFCCARTESIANPOINT((-2000.,9670.,1880.));
#7482= IFCCARTESIANPOINT((-2000.,10445.,1880.));
#7483= IFCCARTESIANPOINT((-2000.,10445.,1980.));
#7484= IFCCARTESIANPOINT((-2000.,9670.,1980.));
#7485= IFCCARTESIANPOINT((-2020.,9670.,101.));
#7486= IFCCARTESIANPOINT((-2020.,9770.,101.));
#7487= IFCCARTESIANPOINT((-2020.,9770.,1879.));
#7488= IFCCARTESIANPOINT((-2020.,9670.,1879.));
#7489= IFCCARTESIANPOINT((-2000.,9670.,101.));
#7490= IFCCARTESIANPOINT((-2000.,9770.,101.));
#7491= IFCCARTESIANPOINT((-2000.,9770.,1879.));
#7492= IFCCARTESIANPOINT((-2000.,9670.,1879.));
#7493= IFCCARTESIANPOINT((-2020.,10345.,101.));
#7494= IFCCARTESIANPOINT((-2020.,10445.,101.));
#7495= IFCCARTESIANPOINT((-2020.,10445.,1879.));
#7496= IFCCARTESIANPOINT((-2020.,10345.,1879.));
#7497= IFCCARTESIANPOINT((-2000.,10345.,101.));
#7498= IFCCARTESIANPOINT((-2000.,10445.,101.));
#7499= IFCCARTESIANPOINT((-2000.,10445.,1879.));
#7500= IFCCARTESIANPOINT((-2000.,10345.,1879.));
#7501= IFCCARTESIANPOINT((-2020.,9670.,100.));
#7502= IFCCARTESIANPOINT((-2020.,10445.,100.));
#7503= IFCCARTESIANPOINT((-2020.,10445.,0.));
#7504= IFCCARTESIANPOINT((-2020.,9670.,0.));
#7505= IFCCARTESIANPOINT((-2000.,9670.,100.));
#7506= IFCCARTESIANPOINT((-2000.,10445.,100.));
#7507= IFCCARTESIANPOINT((-2000.,10445.,0.));
#7508= IFCCARTESIANPOINT((-2000.,9670.,0.));
#7509= IFCCLOSEDSHELL((#7512,#7515,#7518,#7521,#7524,#7527,#7530,#7533,#7536,#7539,#7542,#7545,#7548,#7551,#7554,#7557,#7560,#7563,#7566,#7569,#7572,#7575,#7578,#7581,#7584,#7587,#7590,#7593,#7596,#7599,#7602,#7605,#7608,#7611,#7614,#7617,#7620,#7623,#7626,#7629,#7632,#7635,#7638,#7641,#7644,#7647,#7650,#7653));
#7510= IFCPOLYLOOP((#7445,#7446,#7447,#7448));
#7511= IFCFACEOUTERBOUND(#7510,.T.);
#7512= IFCFACE((#7511));
#7513= IFCPOLYLOOP((#7449,#7450,#7451,#7452));
#7514= IFCFACEOUTERBOUND(#7513,.T.);
#7515= IFCFACE((#7514));
#7516= IFCPOLYLOOP((#7445,#7446,#7450,#7449));
#7517= IFCFACEOUTERBOUND(#7516,.T.);
#7518= IFCFACE((#7517));
#7519= IFCPOLYLOOP((#7446,#7447,#7451,#7450));
#7520= IFCFACEOUTERBOUND(#7519,.T.);
#7521= IFCFACE((#7520));
#7522= IFCPOLYLOOP((#7447,#7448,#7452,#7451));
#7523= IFCFACEOUTERBOUND(#7522,.T.);
#7524= IFCFACE((#7523));
#7525= IFCPOLYLOOP((#7448,#7445,#7449,#7452));
#7526= IFCFACEOUTERBOUND(#7525,.T.);
#7527= IFCFACE((#7526));
#7528= IFCPOLYLOOP((#7453,#7454,#7455,#7456));
#7529= IFCFACEOUTERBOUND(#7528,.T.);
#7530= IFCFACE((#7529));
#7531= IFCPOLYLOOP((#7457,#7458,#7459,#7460));
#7532= IFCFACEOUTERBOUND(#7531,.T.);
#7533= IFCFACE((#7532));
#7534= IFCPOLYLOOP((#7453,#7454,#7458,#7457));
#7535= IFCFACEOUTERBOUND(#7534,.T.);
#7536= IFCFACE((#7535));
#7537= IFCPOLYLOOP((#7454,#7455,#7459,#7458));
#7538= IFCFACEOUTERBOUND(#7537,.T.);
#7539= IFCFACE((#7538));
#7540= IFCPOLYLOOP((#7455,#7456,#7460,#7459));
#7541= IFCFACEOUTERBOUND(#7540,.T.);
#7542= IFCFACE((#7541));
#7543= IFCPOLYLOOP((#7456,#7453,#7457,#7460));
#7544= IFCFACEOUTERBOUND(#7543,.T.);
#7545= IFCFACE((#7544));
#7546= IFCPOLYLOOP((#7461,#7462,#7463,#7464));
#7547= IFCFACEOUTERBOUND(#7546,.T.);
#7548= IFCFACE((#7547));
#7549= IFCPOLYLOOP((#7465,#7466,#7467,#7468));
#7550= IFCFACEOUTERBOUND(#7549,.T.);
#7551= IFCFACE((#7550));
#7552= IFCPOLYLOOP((#7461,#7462,#7466,#7465));
#7553= IFCFACEOUTERBOUND(#7552,.T.);
#7554= IFCFACE((#7553));
#7555= IFCPOLYLOOP((#7462,#7463,#7467,#7466));
#7556= IFCFACEOUTERBOUND(#7555,.T.);
#7557= IFCFACE((#7556));
#7558= IFCPOLYLOOP((#7463,#7464,#7468,#7467));
#7559= IFCFACEOUTERBOUND(#7558,.T.);
#7560= IFCFACE((#7559));
#7561= IFCPOLYLOOP((#7464,#7461,#7465,#7468));
#7562= IFCFACEOUTERBOUND(#7561,.T.);
#7563= IFCFACE((#7562));
#7564= IFCPOLYLOOP((#7469,#7470,#7471,#7472));
#7565= IFCFACEOUTERBOUND(#7564,.T.);
#7566= IFCFACE((#7565));
#7567= IFCPOLYLOOP((#7473,#7474,#7475,#7476));
#7568= IFCFACEOUTERBOUND(#7567,.T.);
#7569= IFCFACE((#7568));
#7570= IFCPOLYLOOP((#7469,#7470,#7474,#7473));
#7571= IFCFACEOUTERBOUND(#7570,.T.);
#7572= IFCFACE((#7571));
#7573= IFCPOLYLOOP((#7470,#7471,#7475,#7474));
#7574= IFCFACEOUTERBOUND(#7573,.T.);
#7575= IFCFACE((#7574));
#7576= IFCPOLYLOOP((#7471,#7472,#7476,#7475));
#7577= IFCFACEOUTERBOUND(#7576,.T.);
#7578= IFCFACE((#7577));
#7579= IFCPOLYLOOP((#7472,#7469,#7473,#7476));
#7580= IFCFACEOUTERBOUND(#7579,.T.);
#7581= IFCFACE((#7580));
#7582= IFCPOLYLOOP((#7477,#7478,#7479,#7480));
#7583= IFCFACEOUTERBOUND(#7582,.T.);
#7584= IFCFACE((#7583));
#7585= IFCPOLYLOOP((#7481,#7482,#7483,#7484));
#7586= IFCFACEOUTERBOUND(#7585,.T.);
#7587= IFCFACE((#7586));
#7588= IFCPOLYLOOP((#7477,#7478,#7482,#7481));
#7589= IFCFACEOUTERBOUND(#7588,.T.);
#7590= IFCFACE((#7589));
#7591= IFCPOLYLOOP((#7478,#7479,#7483,#7482));
#7592= IFCFACEOUTERBOUND(#7591,.T.);
#7593= IFCFACE((#7592));
#7594= IFCPOLYLOOP((#7479,#7480,#7484,#7483));
#7595= IFCFACEOUTERBOUND(#7594,.T.);
#7596= IFCFACE((#7595));
#7597= IFCPOLYLOOP((#7480,#7477,#7481,#7484));
#7598= IFCFACEOUTERBOUND(#7597,.T.);
#7599= IFCFACE((#7598));
#7600= IFCPOLYLOOP((#7485,#7486,#7487,#7488));
#7601= IFCFACEOUTERBOUND(#7600,.T.);
#7602= IFCFACE((#7601));
#7603= IFCPOLYLOOP((#7489,#7490,#7491,#7492));
#7604= IFCFACEOUTERBOUND(#7603,.T.);
#7605= IFCFACE((#7604));
#7606= IFCPOLYLOOP((#7485,#7486,#7490,#7489));
#7607= IFCFACEOUTERBOUND(#7606,.T.);
#7608= IFCFACE((#7607));
#7609= IFCPOLYLOOP((#7486,#7487,#7491,#7490));
#7610= IFCFACEOUTERBOUND(#7609,.T.);
#7611= IFCFACE((#7610));
#7612= IFCPOLYLOOP((#7487,#7488,#7492,#7491));
#7613= IFCFACEOUTERBOUND(#7612,.T.);
#7614= IFCFACE((#7613));
#7615= IFCPOLYLOOP((#7488,#7485,#7489,#7492));
#7616= IFCFACEOUTERBOUND(#7615,.T.);
#7617= IFCFACE((#7616));
#7618= IFCPOLYLOOP((#7493,#7494,#7495,#7496));
#7619= IFCFACEOUTERBOUND(#7618,.T.);
#7620= IFCFACE((#7619));
#7621= IFCPOLYLOOP((#7497,#7498,#7499,#7500));
#7622= IFCFACEOUTERBOUND(#7621,.T.);
#7623= IFCFACE((#7622));
#7624= IFCPOLYLOOP((#7493,#7494,#7498,#7497));
#7625= IFCFACEOUTERBOUND(#7624,.T.);
#7626= IFCFACE((#7625));
#7627= IFCPOLYLOOP((#7494,#7495,#7499,#7498));
#7628= IFCFACEOUTERBOUND(#7627,.T.);
#7629= IFCFACE((#7628));
#7630= IFCPOLYLOOP((#7495,#7496,#7500,#7499));
#7631= IFCFACEOUTERBOUND(#7630,.T.);
#7632= IFCFACE((#7631));
#7633= IFCPOLYLOOP((#7496,#7493,#7497,#7500));
#7634= IFCFACEOUTERBOUND(#7633,.T.);
#7635= IFCFACE((#7634));
#7636= IFCPOLYLOOP((#7501,#7502,#7503,#7504));
#7637= IFCFACEOUTERBOUND(#7636,.T.);
#7638= IFCFACE((#7637));
#7639= IFCPOLYLOOP((#7505,#7506,#7507,#7508));
#7640= IFCFACEOUTERBOUND(#7639,.T.);
#7641= IFCFACE((#7640));
#7642= IFCPOLYLOOP((#7501,#7502,#7506,#7505));
#7643= IFCFACEOUTERBOUND(#7642,.T.);
#7644= IFCFACE((#7643));
#7645= IFCPOLYLOOP((#7502,#7503,#7507,#7506));
#7646= IFCFACEOUTERBOUND(#7645,.T.);
#7647= IFCFACE((#7646));
#7648= IFCPOLYLOOP((#7503,#7504,#7508,#7507));
#7649= IFCFACEOUTERBOUND(#7648,.T.);
#7650= IFCFACE((#7649));
#7651= IFCPOLYLOOP((#7504,#7501,#7505,#7508));
#7652= IFCFACEOUTERBOUND(#7651,.T.);
#7653= IFCFACE((#7652));
#7654= IFCFACETEDBREP(#7509);
#7655= IFCWALL('0cbBLfbYH5XvRPcWlV5_gp',#2,$,$,$,$,$,$);
#7656= IFCWINDOW('1je6LNUMD9nv0T8hGir3bM',#2,$,$,$,$,#7657,$,198,155);
#7657= IFCPRODUCTDEFINITIONSHAPE($,$,(#7658));
#7658= IFCSHAPEREPRESENTATION(#11,'Body','Brep',(#7868));
#7659= IFCCARTESIANPOINT((-6025.,11230.,1880.));
#7660= IFCCARTESIANPOINT((-6800.,11230.,1880.));
#7661= IFCCARTESIANPOINT((-6800.,11230.,1980.));
#7662= IFCCARTESIANPOINT((-6025.,11230.,1980.));
#7663= IFCCARTESIANPOINT((-6025.,11250.,1880.));
#7664= IFCCARTESIANPOINT((-6800.,11250.,1880.));
#7665= IFCCARTESIANPOINT((-6800.,11250.,1980.));
#7666= IFCCARTESIANPOINT((-6025.,11250.,1980.));
#7667= IFCCARTESIANPOINT((-6025.,11230.,101.));
#7668= IFCCARTESIANPOINT((-6125.,11230.,101.));
#7669= IFCCARTESIANPOINT((-6125.,11230.,1879.));
#7670= IFCCARTESIANPOINT((-6025.,11230.,1879.));
#7671= IFCCARTESIANPOINT((-6025.,11250.,101.));
#7672= IFCCARTESIANPOINT((-6125.,11250.,101.));
#7673= IFCCARTESIANPOINT((-6125.,11250.,1879.));
#7674= IFCCARTESIANPOINT((-6025.,11250.,1879.));
#7675= IFCCARTESIANPOINT((-6700.,11230.,101.));
#7676= IFCCARTESIANPOINT((-6800.,11230.,101.));
#7677= IFCCARTESIANPOINT((-6800.,11230.,1879.));
#7678= IFCCARTESIANPOINT((-6700.,11230.,1879.));
#7679= IFCCARTESIANPOINT((-6700.,11250.,101.));
#7680= IFCCARTESIANPOINT((-6800.,11250.,101.));
#7681= IFCCARTESIANPOINT((-6800.,11250.,1879.));
#7682= IFCCARTESIANPOINT((-6700.,11250.,1879.));
#7683= IFCCARTESIANPOINT((-6025.,11230.,100.));
#7684= IFCCARTESIANPOINT((-6800.,11230.,100.));
#7685= IFCCARTESIANPOINT((-6800.,11230.,0.));
#7686= IFCCARTESIANPOINT((-6025.,11230.,0.));
#7687= IFCCARTESIANPOINT((-6025.,11250.,100.));
#7688= IFCCARTESIANPOINT((-6800.,11250.,100.));
#7689= IFCCARTESIANPOINT((-6800.,11250.,0.));
#7690= IFCCARTESIANPOINT((-6025.,11250.,0.));
#7691= IFCCARTESIANPOINT((-6800.,11230.,1880.));
#7692= IFCCARTESIANPOINT((-7575.,11230.,1880.));
#7693= IFCCARTESIANPOINT((-7575.,11230.,1980.));
#7694= IFCCARTESIANPOINT((-6800.,11230.,1980.));
#7695= IFCCARTESIANPOINT((-6800.,11250.,1880.));
#7696= IFCCARTESIANPOINT((-7575.,11250.,1880.));
#7697= IFCCARTESIANPOINT((-7575.,11250.,1980.));
#7698= IFCCARTESIANPOINT((-6800.,11250.,1980.));
#7699= IFCCARTESIANPOINT((-6800.,11230.,101.));
#7700= IFCCARTESIANPOINT((-6900.,11230.,101.));
#7701= IFCCARTESIANPOINT((-6900.,11230.,1879.));
#7702= IFCCARTESIANPOINT((-6800.,11230.,1879.));
#7703= IFCCARTESIANPOINT((-6800.,11250.,101.));
#7704= IFCCARTESIANPOINT((-6900.,11250.,101.));
#7705= IFCCARTESIANPOINT((-6900.,11250.,1879.));
#7706= IFCCARTESIANPOINT((-6800.,11250.,1879.));
#7707= IFCCARTESIANPOINT((-7475.,11230.,101.));
#7708= IFCCARTESIANPOINT((-7575.,11230.,101.));
#7709= IFCCARTESIANPOINT((-7575.,11230.,1879.));
#7710= IFCCARTESIANPOINT((-7475.,11230.,1879.));
#7711= IFCCARTESIANPOINT((-7475.,11250.,101.));
#7712= IFCCARTESIANPOINT((-7575.,11250.,101.));
#7713= IFCCARTESIANPOINT((-7575.,11250.,1879.));
#7714= IFCCARTESIANPOINT((-7475.,11250.,1879.));
#7715= IFCCARTESIANPOINT((-6800.,11230.,100.));
#7716= IFCCARTESIANPOINT((-7575.,11230.,100.));
#7717= IFCCARTESIANPOINT((-7575.,11230.,0.));
#7718= IFCCARTESIANPOINT((-6800.,11230.,0.));
#7719= IFCCARTESIANPOINT((-6800.,11250.,100.));
#7720= IFCCARTESIANPOINT((-7575.,11250.,100.));
#7721= IFCCARTESIANPOINT((-7575.,11250.,0.));
#7722= IFCCARTESIANPOINT((-6800.,11250.,0.));
#7723= IFCCLOSEDSHELL((#7726,#7729,#7732,#7735,#7738,#7741,#7744,#7747,#7750,#7753,#7756,#7759,#7762,#7765,#7768,#7771,#7774,#7777,#7780,#7783,#7786,#7789,#7792,#7795,#7798,#7801,#7804,#7807,#7810,#7813,#7816,#7819,#7822,#7825,#7828,#7831,#7834,#7837,#7840,#7843,#7846,#7849,#7852,#7855,#7858,#7861,#7864,#7867));
#7724= IFCPOLYLOOP((#7659,#7660,#7661,#7662));
#7725= IFCFACEOUTERBOUND(#7724,.T.);
#7726= IFCFACE((#7725));
#7727= IFCPOLYLOOP((#7663,#7664,#7665,#7666));
#7728= IFCFACEOUTERBOUND(#7727,.T.);
#7729= IFCFACE((#7728));
#7730= IFCPOLYLOOP((#7659,#7660,#7664,#7663));
#7731= IFCFACEOUTERBOUND(#7730,.T.);
#7732= IFCFACE((#7731));
#7733= IFCPOLYLOOP((#7660,#7661,#7665,#7664));
#7734= IFCFACEOUTERBOUND(#7733,.T.);
#7735= IFCFACE((#7734));
#7736= IFCPOLYLOOP((#7661,#7662,#7666,#7665));
#7737= IFCFACEOUTERBOUND(#7736,.T.);
#7738= IFCFACE((#7737));
#7739= IFCPOLYLOOP((#7662,#7659,#7663,#7666));
#7740= IFCFACEOUTERBOUND(#7739,.T.);
#7741= IFCFACE((#7740));
#7742= IFCPOLYLOOP((#7667,#7668,#7669,#7670));
#7743= IFCFACEOUTERBOUND(#7742,.T.);
#7744= IFCFACE((#7743));
#7745= IFCPOLYLOOP((#7671,#7672,#7673,#7674));
#7746= IFCFACEOUTERBOUND(#7745,.T.);
#7747= IFCFACE((#7746));
#7748= IFCPOLYLOOP((#7667,#7668,#7672,#7671));
#7749= IFCFACEOUTERBOUND(#7748,.T.);
#7750= IFCFACE((#7749));
#7751= IFCPOLYLOOP((#7668,#7669,#7673,#7672));
#7752= IFCFACEOUTERBOUND(#7751,.T.);
#7753= IFCFACE((#7752));
#7754= IFCPOLYLOOP((#7669,#7670,#7674,#7673));
#7755= IFCFACEOUTERBOUND(#7754,.T.);
#7756= IFCFACE((#7755));
#7757= IFCPOLYLOOP((#7670,#7667,#7671,#7674));
#7758= IFCFACEOUTERBOUND(#7757,.T.);
#7759= IFCFACE((#7758));
#7760= IFCPOLYLOOP((#7675,#7676,#7677,#7678));
#7761= IFCFACEOUTERBOUND(#7760,.T.);
#7762= IFCFACE((#7761));
#7763= IFCPOLYLOOP((#7679,#7680,#7681,#7682));
#7764= IFCFACEOUTERBOUND(#7763,.T.);
#7765= IFCFACE((#7764));
#7766= IFCPOLYLOOP((#7675,#7676,#7680,#7679));
#7767= IFCFACEOUTERBOUND(#7766,.T.);
#7768= IFCFACE((#7767));
#7769= IFCPOLYLOOP((#7676,#7677,#7681,#7680));
#7770= IFCFACEOUTERBOUND(#7769,.T.);
#7771= IFCFACE((#7770));
#7772= IFCPOLYLOOP((#7677,#7678,#7682,#7681));
#7773= IFCFACEOUTERBOUND(#7772,.T.);
#7774= IFCFACE((#7773));
#7775= IFCPOLYLOOP((#7678,#7675,#7679,#7682));
#7776= IFCFACEOUTERBOUND(#7775,.T.);
#7777= IFCFACE((#7776));
#7778= IFCPOLYLOOP((#7683,#7684,#7685,#7686));
#7779= IFCFACEOUTERBOUND(#7778,.T.);
#7780= IFCFACE((#7779));
#7781= IFCPOLYLOOP((#7687,#7688,#7689,#7690));
#7782= IFCFACEOUTERBOUND(#7781,.T.);
#7783= IFCFACE((#7782));
#7784= IFCPOLYLOOP((#7683,#7684,#7688,#7687));
#7785= IFCFACEOUTERBOUND(#7784,.T.);
#7786= IFCFACE((#7785));
#7787= IFCPOLYLOOP((#7684,#7685,#7689,#7688));
#7788= IFCFACEOUTERBOUND(#7787,.T.);
#7789= IFCFACE((#7788));
#7790= IFCPOLYLOOP((#7685,#7686,#7690,#7689));
#7791= IFCFACEOUTERBOUND(#7790,.T.);
#7792= IFCFACE((#7791));
#7793= IFCPOLYLOOP((#7686,#7683,#7687,#7690));
#7794= IFCFACEOUTERBOUND(#7793,.T.);
#7795= IFCFACE((#7794));
#7796= IFCPOLYLOOP((#7691,#7692,#7693,#7694));
#7797= IFCFACEOUTERBOUND(#7796,.T.);
#7798= IFCFACE((#7797));
#7799= IFCPOLYLOOP((#7695,#7696,#7697,#7698));
#7800= IFCFACEOUTERBOUND(#7799,.T.);
#7801= IFCFACE((#7800));
#7802= IFCPOLYLOOP((#7691,#7692,#7696,#7695));
#7803= IFCFACEOUTERBOUND(#7802,.T.);
#7804= IFCFACE((#7803));
#7805= IFCPOLYLOOP((#7692,#7693,#7697,#7696));
#7806= IFCFACEOUTERBOUND(#7805,.T.);
#7807= IFCFACE((#7806));
#7808= IFCPOLYLOOP((#7693,#7694,#7698,#7697));
#7809= IFCFACEOUTERBOUND(#7808,.T.);
#7810= IFCFACE((#7809));
#7811= IFCPOLYLOOP((#7694,#7691,#7695,#7698));
#7812= IFCFACEOUTERBOUND(#7811,.T.);
#7813= IFCFACE((#7812));
#7814= IFCPOLYLOOP((#7699,#7700,#7701,#7702));
#7815= IFCFACEOUTERBOUND(#7814,.T.);
#7816= IFCFACE((#7815));
#7817= IFCPOLYLOOP((#7703,#7704,#7705,#7706));
#7818= IFCFACEOUTERBOUND(#7817,.T.);
#7819= IFCFACE((#7818));
#7820= IFCPOLYLOOP((#7699,#7700,#7704,#7703));
#7821= IFCFACEOUTERBOUND(#7820,.T.);
#7822= IFCFACE((#7821));
#7823= IFCPOLYLOOP((#7700,#7701,#7705,#7704));
#7824= IFCFACEOUTERBOUND(#7823,.T.);
#7825= IFCFACE((#7824));
#7826= IFCPOLYLOOP((#7701,#7702,#7706,#7705));
#7827= IFCFACEOUTERBOUND(#7826,.T.);
#7828= IFCFACE((#7827));
#7829= IFCPOLYLOOP((#7702,#7699,#7703,#7706));
#7830= IFCFACEOUTERBOUND(#7829,.T.);
#7831= IFCFACE((#7830));
#7832= IFCPOLYLOOP((#7707,#7708,#7709,#7710));
#7833= IFCFACEOUTERBOUND(#7832,.T.);
#7834= IFCFACE((#7833));
#7835= IFCPOLYLOOP((#7711,#7712,#7713,#7714));
#7836= IFCFACEOUTERBOUND(#7835,.T.);
#7837= IFCFACE((#7836));
#7838= IFCPOLYLOOP((#7707,#7708,#7712,#7711));
#7839= IFCFACEOUTERBOUND(#7838,.T.);
#7840= IFCFACE((#7839));
#7841= IFCPOLYLOOP((#7708,#7709,#7713,#7712));
#7842= IFCFACEOUTERBOUND(#7841,.T.);
#7843= IFCFACE((#7842));
#7844= IFCPOLYLOOP((#7709,#7710,#7714,#7713));
#7845= IFCFACEOUTERBOUND(#7844,.T.);
#7846= IFCFACE((#7845));
#7847= IFCPOLYLOOP((#7710,#7707,#7711,#7714));
#7848= IFCFACEOUTERBOUND(#7847,.T.);
#7849= IFCFACE((#7848));
#7850= IFCPOLYLOOP((#7715,#7716,#7717,#7718));
#7851= IFCFACEOUTERBOUND(#7850,.T.);
#7852= IFCFACE((#7851));
#7853= IFCPOLYLOOP((#7719,#7720,#7721,#7722));
#7854= IFCFACEOUTERBOUND(#7853,.T.);
#7855= IFCFACE((#7854));
#7856= IFCPOLYLOOP((#7715,#7716,#7720,#7719));
#7857= IFCFACEOUTERBOUND(#7856,.T.);
#7858= IFCFACE((#7857));
#7859= IFCPOLYLOOP((#7716,#7717,#7721,#7720));
#7860= IFCFACEOUTERBOUND(#7859,.T.);
#7861= IFCFACE((#7860));
#7862= IFCPOLYLOOP((#7717,#7718,#7722,#7721));
#7863= IFCFACEOUTERBOUND(#7862,.T.);
#7864= IFCFACE((#7863));
#7865= IFCPOLYLOOP((#7718,#7715,#7719,#7722));
#7866= IFCFACEOUTERBOUND(#7865,.T.);
#7867= IFCFACE((#7866));
#7868= IFCFACETEDBREP(#7723);
#7869= IFCWALL('1krGEKBe9Ceel3r_S_KHUk',#2,$,$,$,$,$,$);
#7870= IFCWINDOW('1aq1TNGLn0POjZURJR82xy',#2,$,$,$,$,#7871,$,198,85);
#7871= IFCPRODUCTDEFINITIONSHAPE($,$,(#7872));
#7872= IFCSHAPEREPRESENTATION(#11,'Body','Brep',(#7978));
#7873= IFCCARTESIANPOINT((-9730.,5575.,1880.));
#7874= IFCCARTESIANPOINT((-9730.,4725.,1880.));
#7875= IFCCARTESIANPOINT((-9730.,4725.,1980.));
#7876= IFCCARTESIANPOINT((-9730.,5575.,1980.));
#7877= IFCCARTESIANPOINT((-9750.,5575.,1880.));
#7878= IFCCARTESIANPOINT((-9750.,4725.,1880.));
#7879= IFCCARTESIANPOINT((-9750.,4725.,1980.));
#7880= IFCCARTESIANPOINT((-9750.,5575.,1980.));
#7881= IFCCARTESIANPOINT((-9730.,5575.,101.));
#7882= IFCCARTESIANPOINT((-9730.,5475.,101.));
#7883= IFCCARTESIANPOINT((-9730.,5475.,1879.));
#7884= IFCCARTESIANPOINT((-9730.,5575.,1879.));
#7885= IFCCARTESIANPOINT((-9750.,5575.,101.));
#7886= IFCCARTESIANPOINT((-9750.,5475.,101.));
#7887= IFCCARTESIANPOINT((-9750.,5475.,1879.));
#7888= IFCCARTESIANPOINT((-9750.,5575.,1879.));
#7889= IFCCARTESIANPOINT((-9730.,4825.,101.));
#7890= IFCCARTESIANPOINT((-9730.,4725.,101.));
#7891= IFCCARTESIANPOINT((-9730.,4725.,1879.));
#7892= IFCCARTESIANPOINT((-9730.,4825.,1879.));
#7893= IFCCARTESIANPOINT((-9750.,4825.,101.));
#7894= IFCCARTESIANPOINT((-9750.,4725.,101.));
#7895= IFCCARTESIANPOINT((-9750.,4725.,1879.));
#7896= IFCCARTESIANPOINT((-9750.,4825.,1879.));
#7897= IFCCARTESIANPOINT((-9730.,5575.,100.));
#7898= IFCCARTESIANPOINT((-9730.,4725.,100.));
#7899= IFCCARTESIANPOINT((-9730.,4725.,0.));
#7900= IFCCARTESIANPOINT((-9730.,5575.,0.));
#7901= IFCCARTESIANPOINT((-9750.,5575.,100.));
#7902= IFCCARTESIANPOINT((-9750.,4725.,100.));
#7903= IFCCARTESIANPOINT((-9750.,4725.,0.));
#7904= IFCCARTESIANPOINT((-9750.,5575.,0.));
#7905= IFCCLOSEDSHELL((#7908,#7911,#7914,#7917,#7920,#7923,#7926,#7929,#7932,#7935,#7938,#7941,#7944,#7947,#7950,#7953,#7956,#7959,#7962,#7965,#7968,#7971,#7974,#7977));
#7906= IFCPOLYLOOP((#7873,#7874,#7875,#7876));
#7907= IFCFACEOUTERBOUND(#7906,.T.);
#7908= IFCFACE((#7907));
#7909= IFCPOLYLOOP((#7877,#7878,#7879,#7880));
#7910= IFCFACEOUTERBOUND(#7909,.T.);
#7911= IFCFACE((#7910));
#7912= IFCPOLYLOOP((#7873,#7874,#7878,#7877));
#7913= IFCFACEOUTERBOUND(#7912,.T.);
#7914= IFCFACE((#7913));
#7915= IFCPOLYLOOP((#7874,#7875,#7879,#7878));
#7916= IFCFACEOUTERBOUND(#7915,.T.);
#7917= IFCFACE((#7916));
#7918= IFCPOLYLOOP((#7875,#7876,#7880,#7879));
#7919= IFCFACEOUTERBOUND(#7918,.T.);
#7920= IFCFACE((#7919));
#7921= IFCPOLYLOOP((#7876,#7873,#7877,#7880));
#7922= IFCFACEOUTERBOUND(#7921,.T.);
#7923= IFCFACE((#7922));
#7924= IFCPOLYLOOP((#7881,#7882,#7883,#7884));
#7925= IFCFACEOUTERBOUND(#7924,.T.);
#7926= IFCFACE((#7925));
#7927= IFCPOLYLOOP((#7885,#7886,#7887,#7888));
#7928= IFCFACEOUTERBOUND(#7927,.T.);
#7929= IFCFACE((#7928));
#7930= IFCPOLYLOOP((#7881,#7882,#7886,#7885));
#7931= IFCFACEOUTERBOUND(#7930,.T.);
#7932= IFCFACE((#7931));
#7933= IFCPOLYLOOP((#7882,#7883,#7887,#7886));
#7934= IFCFACEOUTERBOUND(#7933,.T.);
#7935= IFCFACE((#7934));
#7936= IFCPOLYLOOP((#7883,#7884,#7888,#7887));
#7937= IFCFACEOUTERBOUND(#7936,.T.);
#7938= IFCFACE((#7937));
#7939= IFCPOLYLOOP((#7884,#7881,#7885,#7888));
#7940= IFCFACEOUTERBOUND(#7939,.T.);
#7941= IFCFACE((#7940));
#7942= IFCPOLYLOOP((#7889,#7890,#7891,#7892));
#7943= IFCFACEOUTERBOUND(#7942,.T.);
#7944= IFCFACE((#7943));
#7945= IFCPOLYLOOP((#7893,#7894,#7895,#7896));
#7946= IFCFACEOUTERBOUND(#7945,.T.);
#7947= IFCFACE((#7946));
#7948= IFCPOLYLOOP((#7889,#7890,#7894,#7893));
#7949= IFCFACEOUTERBOUND(#7948,.T.);
#7950= IFCFACE((#7949));
#7951= IFCPOLYLOOP((#7890,#7891,#7895,#7894));
#7952= IFCFACEOUTERBOUND(#7951,.T.);
#7953= IFCFACE((#7952));
#7954= IFCPOLYLOOP((#7891,#7892,#7896,#7895));
#7955= IFCFACEOUTERBOUND(#7954,.T.);
#7956= IFCFACE((#7955));
#7957= IFCPOLYLOOP((#7892,#7889,#7893,#7896));
#7958= IFCFACEOUTERBOUND(#7957,.T.);
#7959= IFCFACE((#7958));
#7960= IFCPOLYLOOP((#7897,#7898,#7899,#7900));
#7961= IFCFACEOUTERBOUND(#7960,.T.);
#7962= IFCFACE((#7961));
#7963= IFCPOLYLOOP((#7901,#7902,#7903,#7904));
#7964= IFCFACEOUTERBOUND(#7963,.T.);
#7965= IFCFACE((#7964));
#7966= IFCPOLYLOOP((#7897,#7898,#7902,#7901));
#7967= IFCFACEOUTERBOUND(#7966,.T.);
#7968= IFCFACE((#7967));
#7969= IFCPOLYLOOP((#7898,#7899,#7903,#7902));
#7970= IFCFACEOUTERBOUND(#7969,.T.);
#7971= IFCFACE((#7970));
#7972= IFCPOLYLOOP((#7899,#7900,#7904,#7903));
#7973= IFCFACEOUTERBOUND(#7972,.T.);
#7974= IFCFACE((#7973));
#7975= IFCPOLYLOOP((#7900,#7897,#7901,#7904));
#7976= IFCFACEOUTERBOUND(#7975,.T.);
#7977= IFCFACE((#7976));
#7978= IFCFACETEDBREP(#7905);
#7979= IFCWALL('3gGwM2CvL1vAfEzb1j0ae2',#2,$,$,$,$,$,$);
#7980= IFCWINDOW('0JybLMPyb7PQUWFbDP5iWU',#2,$,$,$,$,#7981,$,200,85);
#7981= IFCPRODUCTDEFINITIONSHAPE($,$,(#7982));
#7982= IFCSHAPEREPRESENTATION(#11,'Body','Brep',(#8088));
#7983= IFCCARTESIANPOINT((-4090.,2695.,1900.));
#7984= IFCCARTESIANPOINT((-4090.,3545.,1900.));
#7985= IFCCARTESIANPOINT((-4090.,3545.,2000.));
#7986= IFCCARTESIANPOINT((-4090.,2695.,2000.));
#7987= IFCCARTESIANPOINT((-4070.,2695.,1900.));
#7988= IFCCARTESIANPOINT((-4070.,3545.,1900.));
#7989= IFCCARTESIANPOINT((-4070.,3545.,2000.));
#7990= IFCCARTESIANPOINT((-4070.,2695.,2000.));
#7991= IFCCARTESIANPOINT((-4090.,2695.,101.));
#7992= IFCCARTESIANPOINT((-4090.,2795.,101.));
#7993= IFCCARTESIANPOINT((-4090.,2795.,1899.));
#7994= IFCCARTESIANPOINT((-4090.,2695.,1899.));
#7995= IFCCARTESIANPOINT((-4070.,2695.,101.));
#7996= IFCCARTESIANPOINT((-4070.,2795.,101.));
#7997= IFCCARTESIANPOINT((-4070.,2795.,1899.));
#7998= IFCCARTESIANPOINT((-4070.,2695.,1899.));
#7999= IFCCARTESIANPOINT((-4090.,3445.,101.));
#8000= IFCCARTESIANPOINT((-4090.,3545.,101.));
#8001= IFCCARTESIANPOINT((-4090.,3545.,1899.));
#8002= IFCCARTESIANPOINT((-4090.,3445.,1899.));
#8003= IFCCARTESIANPOINT((-4070.,3445.,101.));
#8004= IFCCARTESIANPOINT((-4070.,3545.,101.));
#8005= IFCCARTESIANPOINT((-4070.,3545.,1899.));
#8006= IFCCARTESIANPOINT((-4070.,3445.,1899.));
#8007= IFCCARTESIANPOINT((-4090.,2695.,100.));
#8008= IFCCARTESIANPOINT((-4090.,3545.,100.));
#8009= IFCCARTESIANPOINT((-4090.,3545.,0.));
#8010= IFCCARTESIANPOINT((-4090.,2695.,0.));
#8011= IFCCARTESIANPOINT((-4070.,2695.,100.));
#8012= IFCCARTESIANPOINT((-4070.,3545.,100.));
#8013= IFCCARTESIANPOINT((-4070.,3545.,0.));
#8014= IFCCARTESIANPOINT((-4070.,2695.,0.));
#8015= IFCCLOSEDSHELL((#8018,#8021,#8024,#8027,#8030,#8033,#8036,#8039,#8042,#8045,#8048,#8051,#8054,#8057,#8060,#8063,#8066,#8069,#8072,#8075,#8078,#8081,#8084,#8087));
#8016= IFCPOLYLOOP((#7983,#7984,#7985,#7986));
#8017= IFCFACEOUTERBOUND(#8016,.T.);
#8018= IFCFACE((#8017));
#8019= IFCPOLYLOOP((#7987,#7988,#7989,#7990));
#8020= IFCFACEOUTERBOUND(#8019,.T.);
#8021= IFCFACE((#8020));
#8022= IFCPOLYLOOP((#7983,#7984,#7988,#7987));
#8023= IFCFACEOUTERBOUND(#8022,.T.);
#8024= IFCFACE((#8023));
#8025= IFCPOLYLOOP((#7984,#7985,#7989,#7988));
#8026= IFCFACEOUTERBOUND(#8025,.T.);
#8027= IFCFACE((#8026));
#8028= IFCPOLYLOOP((#7985,#7986,#7990,#7989));
#8029= IFCFACEOUTERBOUND(#8028,.T.);
#8030= IFCFACE((#8029));
#8031= IFCPOLYLOOP((#7986,#7983,#7987,#7990));
#8032= IFCFACEOUTERBOUND(#8031,.T.);
#8033= IFCFACE((#8032));
#8034= IFCPOLYLOOP((#7991,#7992,#7993,#7994));
#8035= IFCFACEOUTERBOUND(#8034,.T.);
#8036= IFCFACE((#8035));
#8037= IFCPOLYLOOP((#7995,#7996,#7997,#7998));
#8038= IFCFACEOUTERBOUND(#8037,.T.);
#8039= IFCFACE((#8038));
#8040= IFCPOLYLOOP((#7991,#7992,#7996,#7995));
#8041= IFCFACEOUTERBOUND(#8040,.T.);
#8042= IFCFACE((#8041));
#8043= IFCPOLYLOOP((#7992,#7993,#7997,#7996));
#8044= IFCFACEOUTERBOUND(#8043,.T.);
#8045= IFCFACE((#8044));
#8046= IFCPOLYLOOP((#7993,#7994,#7998,#7997));
#8047= IFCFACEOUTERBOUND(#8046,.T.);
#8048= IFCFACE((#8047));
#8049= IFCPOLYLOOP((#7994,#7991,#7995,#7998));
#8050= IFCFACEOUTERBOUND(#8049,.T.);
#8051= IFCFACE((#8050));
#8052= IFCPOLYLOOP((#7999,#8000,#8001,#8002));
#8053= IFCFACEOUTERBOUND(#8052,.T.);
#8054= IFCFACE((#8053));
#8055= IFCPOLYLOOP((#8003,#8004,#8005,#8006));
#8056= IFCFACEOUTERBOUND(#8055,.T.);
#8057= IFCFACE((#8056));
#8058= IFCPOLYLOOP((#7999,#8000,#8004,#8003));
#8059= IFCFACEOUTERBOUND(#8058,.T.);
#8060= IFCFACE((#8059));
#8061= IFCPOLYLOOP((#8000,#8001,#8005,#8004));
#8062= IFCFACEOUTERBOUND(#8061,.T.);
#8063= IFCFACE((#8062));
#8064= IFCPOLYLOOP((#8001,#8002,#8006,#8005));
#8065= IFCFACEOUTERBOUND(#8064,.T.);
#8066= IFCFACE((#8065));
#8067= IFCPOLYLOOP((#8002,#7999,#8003,#8006));
#8068= IFCFACEOUTERBOUND(#8067,.T.);
#8069= IFCFACE((#8068));
#8070= IFCPOLYLOOP((#8007,#8008,#8009,#8010));
#8071= IFCFACEOUTERBOUND(#8070,.T.);
#8072= IFCFACE((#8071));
#8073= IFCPOLYLOOP((#8011,#8012,#8013,#8014));
#8074= IFCFACEOUTERBOUND(#8073,.T.);
#8075= IFCFACE((#8074));
#8076= IFCPOLYLOOP((#8007,#8008,#8012,#8011));
#8077= IFCFACEOUTERBOUND(#8076,.T.);
#8078= IFCFACE((#8077));
#8079= IFCPOLYLOOP((#8008,#8009,#8013,#8012));
#8080= IFCFACEOUTERBOUND(#8079,.T.);
#8081= IFCFACE((#8080));
#8082= IFCPOLYLOOP((#8009,#8010,#8014,#8013));
#8083= IFCFACEOUTERBOUND(#8082,.T.);
#8084= IFCFACE((#8083));
#8085= IFCPOLYLOOP((#8010,#8007,#8011,#8014));
#8086= IFCFACEOUTERBOUND(#8085,.T.);
#8087= IFCFACE((#8086));
#8088= IFCFACETEDBREP(#8015);
#8089= IFCWALL('3x8sFgzZn1BhST8zUU05kW',#2,$,$,$,$,$,$);
#8090= IFCWINDOW('3EKVseSY9A89EhW3mrjN9I',#2,$,$,$,$,#8091,$,200,85);
#8091= IFCPRODUCTDEFINITIONSHAPE($,$,(#8092));
#8092= IFCSHAPEREPRESENTATION(#11,'Body','Brep',(#8198));
#8093= IFCCARTESIANPOINT((-4090.,7095.,1900.));
#8094= IFCCARTESIANPOINT((-4090.,7945.,1900.));
#8095= IFCCARTESIANPOINT((-4090.,7945.,2000.));
#8096= IFCCARTESIANPOINT((-4090.,7095.,2000.));
#8097= IFCCARTESIANPOINT((-4070.,7095.,1900.));
#8098= IFCCARTESIANPOINT((-4070.,7945.,1900.));
#8099= IFCCARTESIANPOINT((-4070.,7945.,2000.));
#8100= IFCCARTESIANPOINT((-4070.,7095.,2000.));
#8101= IFCCARTESIANPOINT((-4090.,7095.,101.));
#8102= IFCCARTESIANPOINT((-4090.,7195.,101.));
#8103= IFCCARTESIANPOINT((-4090.,7195.,1899.));
#8104= IFCCARTESIANPOINT((-4090.,7095.,1899.));
#8105= IFCCARTESIANPOINT((-4070.,7095.,101.));
#8106= IFCCARTESIANPOINT((-4070.,7195.,101.));
#8107= IFCCARTESIANPOINT((-4070.,7195.,1899.));
#8108= IFCCARTESIANPOINT((-4070.,7095.,1899.));
#8109= IFCCARTESIANPOINT((-4090.,7845.,101.));
#8110= IFCCARTESIANPOINT((-4090.,7945.,101.));
#8111= IFCCARTESIANPOINT((-4090.,7945.,1899.));
#8112= IFCCARTESIANPOINT((-4090.,7845.,1899.));
#8113= IFCCARTESIANPOINT((-4070.,7845.,101.));
#8114= IFCCARTESIANPOINT((-4070.,7945.,101.));
#8115= IFCCARTESIANPOINT((-4070.,7945.,1899.));
#8116= IFCCARTESIANPOINT((-4070.,7845.,1899.));
#8117= IFCCARTESIANPOINT((-4090.,7095.,100.));
#8118= IFCCARTESIANPOINT((-4090.,7945.,100.));
#8119= IFCCARTESIANPOINT((-4090.,7945.,0.));
#8120= IFCCARTESIANPOINT((-4090.,7095.,0.));
#8121= IFCCARTESIANPOINT((-4070.,7095.,100.));
#8122= IFCCARTESIANPOINT((-4070.,7945.,100.));
#8123= IFCCARTESIANPOINT((-4070.,7945.,0.));
#8124= IFCCARTESIANPOINT((-4070.,7095.,0.));
#8125= IFCCLOSEDSHELL((#8128,#8131,#8134,#8137,#8140,#8143,#8146,#8149,#8152,#8155,#8158,#8161,#8164,#8167,#8170,#8173,#8176,#8179,#8182,#8185,#8188,#8191,#8194,#8197));
#8126= IFCPOLYLOOP((#8093,#8094,#8095,#8096));
#8127= IFCFACEOUTERBOUND(#8126,.T.);
#8128= IFCFACE((#8127));
#8129= IFCPOLYLOOP((#8097,#8098,#8099,#8100));
#8130= IFCFACEOUTERBOUND(#8129,.T.);
#8131= IFCFACE((#8130));
#8132= IFCPOLYLOOP((#8093,#8094,#8098,#8097));
#8133= IFCFACEOUTERBOUND(#8132,.T.);
#8134= IFCFACE((#8133));
#8135= IFCPOLYLOOP((#8094,#8095,#8099,#8098));
#8136= IFCFACEOUTERBOUND(#8135,.T.);
#8137= IFCFACE((#8136));
#8138= IFCPOLYLOOP((#8095,#8096,#8100,#8099));
#8139= IFCFACEOUTERBOUND(#8138,.T.);
#8140= IFCFACE((#8139));
#8141= IFCPOLYLOOP((#8096,#8093,#8097,#8100));
#8142= IFCFACEOUTERBOUND(#8141,.T.);
#8143= IFCFACE((#8142));
#8144= IFCPOLYLOOP((#8101,#8102,#8103,#8104));
#8145= IFCFACEOUTERBOUND(#8144,.T.);
#8146= IFCFACE((#8145));
#8147= IFCPOLYLOOP((#8105,#8106,#8107,#8108));
#8148= IFCFACEOUTERBOUND(#8147,.T.);
#8149= IFCFACE((#8148));
#8150= IFCPOLYLOOP((#8101,#8102,#8106,#8105));
#8151= IFCFACEOUTERBOUND(#8150,.T.);
#8152= IFCFACE((#8151));
#8153= IFCPOLYLOOP((#8102,#8103,#8107,#8106));
#8154= IFCFACEOUTERBOUND(#8153,.T.);
#8155= IFCFACE((#8154));
#8156= IFCPOLYLOOP((#8103,#8104,#8108,#8107));
#8157= IFCFACEOUTERBOUND(#8156,.T.);
#8158= IFCFACE((#8157));
#8159= IFCPOLYLOOP((#8104,#8101,#8105,#8108));
#8160= IFCFACEOUTERBOUND(#8159,.T.);
#8161= IFCFACE((#8160));
#8162= IFCPOLYLOOP((#8109,#8110,#8111,#8112));
#8163= IFCFACEOUTERBOUND(#8162,.T.);
#8164= IFCFACE((#8163));
#8165= IFCPOLYLOOP((#8113,#8114,#8115,#8116));
#8166= IFCFACEOUTERBOUND(#8165,.T.);
#8167= IFCFACE((#8166));
#8168= IFCPOLYLOOP((#8109,#8110,#8114,#8113));
#8169= IFCFACEOUTERBOUND(#8168,.T.);
#8170= IFCFACE((#8169));
#8171= IFCPOLYLOOP((#8110,#8111,#8115,#8114));
#8172= IFCFACEOUTERBOUND(#8171,.T.);
#8173= IFCFACE((#8172));
#8174= IFCPOLYLOOP((#8111,#8112,#8116,#8115));
#8175= IFCFACEOUTERBOUND(#8174,.T.);
#8176= IFCFACE((#8175));
#8177= IFCPOLYLOOP((#8112,#8109,#8113,#8116));
#8178= IFCFACEOUTERBOUND(#8177,.T.);
#8179= IFCFACE((#8178));
#8180= IFCPOLYLOOP((#8117,#8118,#8119,#8120));
#8181= IFCFACEOUTERBOUND(#8180,.T.);
#8182= IFCFACE((#8181));
#8183= IFCPOLYLOOP((#8121,#8122,#8123,#8124));
#8184= IFCFACEOUTERBOUND(#8183,.T.);
#8185= IFCFACE((#8184));
#8186= IFCPOLYLOOP((#8117,#8118,#8122,#8121));
#8187= IFCFACEOUTERBOUND(#8186,.T.);
#8188= IFCFACE((#8187));
#8189= IFCPOLYLOOP((#8118,#8119,#8123,#8122));
#8190= IFCFACEOUTERBOUND(#8189,.T.);
#8191= IFCFACE((#8190));
#8192= IFCPOLYLOOP((#8119,#8120,#8124,#8123));
#8193= IFCFACEOUTERBOUND(#8192,.T.);
#8194= IFCFACE((#8193));
#8195= IFCPOLYLOOP((#8120,#8117,#8121,#8124));
#8196= IFCFACEOUTERBOUND(#8195,.T.);
#8197= IFCFACE((#8196));
#8198= IFCFACETEDBREP(#8125);
#8199= IFCWALL('1$SWzdNQD52vw9$DsUIPhw',#2,$,$,$,$,$,$);
#8200= IFCDOOR('2$uC3DgoD09OGYKfgqsJqj',#2,$,$,$,$,#8201,$,200,85);
#8201= IFCPRODUCTDEFINITIONSHAPE($,$,(#8202));
#8202= IFCSHAPEREPRESENTATION(#11,'Body','Brep',(#8360));
#8203= IFCCARTESIANPOINT((-7695.,2550.,1800.));
#8204= IFCCARTESIANPOINT((-6845.,2550.,1800.));
#8205= IFCCARTESIANPOINT((-6845.,2550.,2000.));
#8206= IFCCARTESIANPOINT((-7695.,2550.,2000.));
#8207= IFCCARTESIANPOINT((-7695.,2530.,1800.));
#8208= IFCCARTESIANPOINT((-6845.,2530.,1800.));
#8209= IFCCARTESIANPOINT((-6845.,2530.,2000.));
#8210= IFCCARTESIANPOINT((-7695.,2530.,2000.));
#8211= IFCCARTESIANPOINT((-7695.,2550.,201.));
#8212= IFCCARTESIANPOINT((-7495.,2550.,201.));
#8213= IFCCARTESIANPOINT((-7495.,2550.,1799.));
#8214= IFCCARTESIANPOINT((-7695.,2550.,1799.));
#8215= IFCCARTESIANPOINT((-7695.,2530.,201.));
#8216= IFCCARTESIANPOINT((-7495.,2530.,201.));
#8217= IFCCARTESIANPOINT((-7495.,2530.,1799.));
#8218= IFCCARTESIANPOINT((-7695.,2530.,1799.));
#8219= IFCCARTESIANPOINT((-7494.,2540.,201.));
#8220= IFCCARTESIANPOINT((-7046.,2540.,201.));
#8221= IFCCARTESIANPOINT((-7046.,2540.,1799.));
#8222= IFCCARTESIANPOINT((-7494.,2540.,1799.));
#8223= IFCCARTESIANPOINT((-7494.,2530.,201.));
#8224= IFCCARTESIANPOINT((-7046.,2530.,201.));
#8225= IFCCARTESIANPOINT((-7046.,2530.,1799.));
#8226= IFCCARTESIANPOINT((-7494.,2530.,1799.));
#8227= IFCCARTESIANPOINT((-7045.,2550.,201.));
#8228= IFCCARTESIANPOINT((-6845.,2550.,201.));
#8229= IFCCARTESIANPOINT((-6845.,2550.,1799.));
#8230= IFCCARTESIANPOINT((-7045.,2550.,1799.));
#8231= IFCCARTESIANPOINT((-7045.,2530.,201.));
#8232= IFCCARTESIANPOINT((-6845.,2530.,201.));
#8233= IFCCARTESIANPOINT((-6845.,2530.,1799.));
#8234= IFCCARTESIANPOINT((-7045.,2530.,1799.));
#8235= IFCCARTESIANPOINT((-7695.,2550.,200.));
#8236= IFCCARTESIANPOINT((-6845.,2550.,200.));
#8237= IFCCARTESIANPOINT((-6845.,2550.,0.));
#8238= IFCCARTESIANPOINT((-7695.,2550.,0.));
#8239= IFCCARTESIANPOINT((-7695.,2530.,200.));
#8240= IFCCARTESIANPOINT((-6845.,2530.,200.));
#8241= IFCCARTESIANPOINT((-6845.,2530.,0.));
#8242= IFCCARTESIANPOINT((-7695.,2530.,0.));
#8243= IFCCARTESIANPOINT((-7625.,2580.,1030.));
#8244= IFCCARTESIANPOINT((-7565.,2580.,1030.));
#8245= IFCCARTESIANPOINT((-7565.,2580.,970.));
#8246= IFCCARTESIANPOINT((-7625.,2580.,970.));
#8247= IFCCARTESIANPOINT((-7625.,2480.,1030.));
#8248= IFCCARTESIANPOINT((-7565.,2480.,1030.));
#8249= IFCCARTESIANPOINT((-7565.,2480.,970.));
#8250= IFCCARTESIANPOINT((-7625.,2480.,970.));
#8251= IFCCLOSEDSHELL((#8254,#8257,#8260,#8263,#8266,#8269,#8272,#8275,#8278,#8281,#8284,#8287,#8290,#8293,#8296,#8299,#8302,#8305,#8308,#8311,#8314,#8317,#8320,#8323,#8326,#8329,#8332,#8335,#8338,#8341,#8344,#8347,#8350,#8353,#8356,#8359));
#8252= IFCPOLYLOOP((#8203,#8204,#8205,#8206));
#8253= IFCFACEOUTERBOUND(#8252,.T.);
#8254= IFCFACE((#8253));
#8255= IFCPOLYLOOP((#8207,#8208,#8209,#8210));
#8256= IFCFACEOUTERBOUND(#8255,.T.);
#8257= IFCFACE((#8256));
#8258= IFCPOLYLOOP((#8203,#8204,#8208,#8207));
#8259= IFCFACEOUTERBOUND(#8258,.T.);
#8260= IFCFACE((#8259));
#8261= IFCPOLYLOOP((#8204,#8205,#8209,#8208));
#8262= IFCFACEOUTERBOUND(#8261,.T.);
#8263= IFCFACE((#8262));
#8264= IFCPOLYLOOP((#8205,#8206,#8210,#8209));
#8265= IFCFACEOUTERBOUND(#8264,.T.);
#8266= IFCFACE((#8265));
#8267= IFCPOLYLOOP((#8206,#8203,#8207,#8210));
#8268= IFCFACEOUTERBOUND(#8267,.T.);
#8269= IFCFACE((#8268));
#8270= IFCPOLYLOOP((#8211,#8212,#8213,#8214));
#8271= IFCFACEOUTERBOUND(#8270,.T.);
#8272= IFCFACE((#8271));
#8273= IFCPOLYLOOP((#8215,#8216,#8217,#8218));
#8274= IFCFACEOUTERBOUND(#8273,.T.);
#8275= IFCFACE((#8274));
#8276= IFCPOLYLOOP((#8211,#8212,#8216,#8215));
#8277= IFCFACEOUTERBOUND(#8276,.T.);
#8278= IFCFACE((#8277));
#8279= IFCPOLYLOOP((#8212,#8213,#8217,#8216));
#8280= IFCFACEOUTERBOUND(#8279,.T.);
#8281= IFCFACE((#8280));
#8282= IFCPOLYLOOP((#8213,#8214,#8218,#8217));
#8283= IFCFACEOUTERBOUND(#8282,.T.);
#8284= IFCFACE((#8283));
#8285= IFCPOLYLOOP((#8214,#8211,#8215,#8218));
#8286= IFCFACEOUTERBOUND(#8285,.T.);
#8287= IFCFACE((#8286));
#8288= IFCPOLYLOOP((#8219,#8220,#8221,#8222));
#8289= IFCFACEOUTERBOUND(#8288,.T.);
#8290= IFCFACE((#8289));
#8291= IFCPOLYLOOP((#8223,#8224,#8225,#8226));
#8292= IFCFACEOUTERBOUND(#8291,.T.);
#8293= IFCFACE((#8292));
#8294= IFCPOLYLOOP((#8219,#8220,#8224,#8223));
#8295= IFCFACEOUTERBOUND(#8294,.T.);
#8296= IFCFACE((#8295));
#8297= IFCPOLYLOOP((#8220,#8221,#8225,#8224));
#8298= IFCFACEOUTERBOUND(#8297,.T.);
#8299= IFCFACE((#8298));
#8300= IFCPOLYLOOP((#8221,#8222,#8226,#8225));
#8301= IFCFACEOUTERBOUND(#8300,.T.);
#8302= IFCFACE((#8301));
#8303= IFCPOLYLOOP((#8222,#8219,#8223,#8226));
#8304= IFCFACEOUTERBOUND(#8303,.T.);
#8305= IFCFACE((#8304));
#8306= IFCPOLYLOOP((#8227,#8228,#8229,#8230));
#8307= IFCFACEOUTERBOUND(#8306,.T.);
#8308= IFCFACE((#8307));
#8309= IFCPOLYLOOP((#8231,#8232,#8233,#8234));
#8310= IFCFACEOUTERBOUND(#8309,.T.);
#8311= IFCFACE((#8310));
#8312= IFCPOLYLOOP((#8227,#8228,#8232,#8231));
#8313= IFCFACEOUTERBOUND(#8312,.T.);
#8314= IFCFACE((#8313));
#8315= IFCPOLYLOOP((#8228,#8229,#8233,#8232));
#8316= IFCFACEOUTERBOUND(#8315,.T.);
#8317= IFCFACE((#8316));
#8318= IFCPOLYLOOP((#8229,#8230,#8234,#8233));
#8319= IFCFACEOUTERBOUND(#8318,.T.);
#8320= IFCFACE((#8319));
#8321= IFCPOLYLOOP((#8230,#8227,#8231,#8234));
#8322= IFCFACEOUTERBOUND(#8321,.T.);
#8323= IFCFACE((#8322));
#8324= IFCPOLYLOOP((#8235,#8236,#8237,#8238));
#8325= IFCFACEOUTERBOUND(#8324,.T.);
#8326= IFCFACE((#8325));
#8327= IFCPOLYLOOP((#8239,#8240,#8241,#8242));
#8328= IFCFACEOUTERBOUND(#8327,.T.);
#8329= IFCFACE((#8328));
#8330= IFCPOLYLOOP((#8235,#8236,#8240,#8239));
#8331= IFCFACEOUTERBOUND(#8330,.T.);
#8332= IFCFACE((#8331));
#8333= IFCPOLYLOOP((#8236,#8237,#8241,#8240));
#8334= IFCFACEOUTERBOUND(#8333,.T.);
#8335= IFCFACE((#8334));
#8336= IFCPOLYLOOP((#8237,#8238,#8242,#8241));
#8337= IFCFACEOUTERBOUND(#8336,.T.);
#8338= IFCFACE((#8337));
#8339= IFCPOLYLOOP((#8238,#8235,#8239,#8242));
#8340= IFCFACEOUTERBOUND(#8339,.T.);
#8341= IFCFACE((#8340));
#8342= IFCPOLYLOOP((#8243,#8244,#8245,#8246));
#8343= IFCFACEOUTERBOUND(#8342,.T.);
#8344= IFCFACE((#8343));
#8345= IFCPOLYLOOP((#8247,#8248,#8249,#8250));
#8346= IFCFACEOUTERBOUND(#8345,.T.);
#8347= IFCFACE((#8346));
#8348= IFCPOLYLOOP((#8243,#8244,#8248,#8247));
#8349= IFCFACEOUTERBOUND(#8348,.T.);
#8350= IFCFACE((#8349));
#8351= IFCPOLYLOOP((#8244,#8245,#8249,#8248));
#8352= IFCFACEOUTERBOUND(#8351,.T.);
#8353= IFCFACE((#8352));
#8354= IFCPOLYLOOP((#8245,#8246,#8250,#8249));
#8355= IFCFACEOUTERBOUND(#8354,.T.);
#8356= IFCFACE((#8355));
#8357= IFCPOLYLOOP((#8246,#8243,#8247,#8250));
#8358= IFCFACEOUTERBOUND(#8357,.T.);
#8359= IFCFACE((#8358));
#8360= IFCFACETEDBREP(#8251);
#8361= IFCWALL('2Td2kkLUHFDxKcL1L3HrWS',#2,$,$,$,$,$,$);
#8362= IFCDOOR('3SXdgdk0j4URPCNMPkjnsw',#2,$,$,$,$,#8363,$,200,85);
#8363= IFCPRODUCTDEFINITIONSHAPE($,$,(#8364));
#8364= IFCSHAPEREPRESENTATION(#11,'Body','Brep',(#8522));
#8365= IFCCARTESIANPOINT((-8825.,2550.,1800.));
#8366= IFCCARTESIANPOINT((-7975.,2550.,1800.));
#8367= IFCCARTESIANPOINT((-7975.,2550.,2000.));
#8368= IFCCARTESIANPOINT((-8825.,2550.,2000.));
#8369= IFCCARTESIANPOINT((-8825.,2530.,1800.));
#8370= IFCCARTESIANPOINT((-7975.,2530.,1800.));
#8371= IFCCARTESIANPOINT((-7975.,2530.,2000.));
#8372= IFCCARTESIANPOINT((-8825.,2530.,2000.));
#8373= IFCCARTESIANPOINT((-8825.,2550.,201.));
#8374= IFCCARTESIANPOINT((-8625.,2550.,201.));
#8375= IFCCARTESIANPOINT((-8625.,2550.,1799.));
#8376= IFCCARTESIANPOINT((-8825.,2550.,1799.));
#8377= IFCCARTESIANPOINT((-8825.,2530.,201.));
#8378= IFCCARTESIANPOINT((-8625.,2530.,201.));
#8379= IFCCARTESIANPOINT((-8625.,2530.,1799.));
#8380= IFCCARTESIANPOINT((-8825.,2530.,1799.));
#8381= IFCCARTESIANPOINT((-8624.,2540.,201.));
#8382= IFCCARTESIANPOINT((-8176.,2540.,201.));
#8383= IFCCARTESIANPOINT((-8176.,2540.,1799.));
#8384= IFCCARTESIANPOINT((-8624.,2540.,1799.));
#8385= IFCCARTESIANPOINT((-8624.,2530.,201.));
#8386= IFCCARTESIANPOINT((-8176.,2530.,201.));
#8387= IFCCARTESIANPOINT((-8176.,2530.,1799.));
#8388= IFCCARTESIANPOINT((-8624.,2530.,1799.));
#8389= IFCCARTESIANPOINT((-8175.,2550.,201.));
#8390= IFCCARTESIANPOINT((-7975.,2550.,201.));
#8391= IFCCARTESIANPOINT((-7975.,2550.,1799.));
#8392= IFCCARTESIANPOINT((-8175.,2550.,1799.));
#8393= IFCCARTESIANPOINT((-8175.,2530.,201.));
#8394= IFCCARTESIANPOINT((-7975.,2530.,201.));
#8395= IFCCARTESIANPOINT((-7975.,2530.,1799.));
#8396= IFCCARTESIANPOINT((-8175.,2530.,1799.));
#8397= IFCCARTESIANPOINT((-8825.,2550.,200.));
#8398= IFCCARTESIANPOINT((-7975.,2550.,200.));
#8399= IFCCARTESIANPOINT((-7975.,2550.,0.));
#8400= IFCCARTESIANPOINT((-8825.,2550.,0.));
#8401= IFCCARTESIANPOINT((-8825.,2530.,200.));
#8402= IFCCARTESIANPOINT((-7975.,2530.,200.));
#8403= IFCCARTESIANPOINT((-7975.,2530.,0.));
#8404= IFCCARTESIANPOINT((-8825.,2530.,0.));
#8405= IFCCARTESIANPOINT((-8755.,2580.,1030.));
#8406= IFCCARTESIANPOINT((-8695.,2580.,1030.));
#8407= IFCCARTESIANPOINT((-8695.,2580.,970.));
#8408= IFCCARTESIANPOINT((-8755.,2580.,970.));
#8409= IFCCARTESIANPOINT((-8755.,2480.,1030.));
#8410= IFCCARTESIANPOINT((-8695.,2480.,1030.));
#8411= IFCCARTESIANPOINT((-8695.,2480.,970.));
#8412= IFCCARTESIANPOINT((-8755.,2480.,970.));
#8413= IFCCLOSEDSHELL((#8416,#8419,#8422,#8425,#8428,#8431,#8434,#8437,#8440,#8443,#8446,#8449,#8452,#8455,#8458,#8461,#8464,#8467,#8470,#8473,#8476,#8479,#8482,#8485,#8488,#8491,#8494,#8497,#8500,#8503,#8506,#8509,#8512,#8515,#8518,#8521));
#8414= IFCPOLYLOOP((#8365,#8366,#8367,#8368));
#8415= IFCFACEOUTERBOUND(#8414,.T.);
#8416= IFCFACE((#8415));
#8417= IFCPOLYLOOP((#8369,#8370,#8371,#8372));
#8418= IFCFACEOUTERBOUND(#8417,.T.);
#8419= IFCFACE((#8418));
#8420= IFCPOLYLOOP((#8365,#8366,#8370,#8369));
#8421= IFCFACEOUTERBOUND(#8420,.T.);
#8422= IFCFACE((#8421));
#8423= IFCPOLYLOOP((#8366,#8367,#8371,#8370));
#8424= IFCFACEOUTERBOUND(#8423,.T.);
#8425= IFCFACE((#8424));
#8426= IFCPOLYLOOP((#8367,#8368,#8372,#8371));
#8427= IFCFACEOUTERBOUND(#8426,.T.);
#8428= IFCFACE((#8427));
#8429= IFCPOLYLOOP((#8368,#8365,#8369,#8372));
#8430= IFCFACEOUTERBOUND(#8429,.T.);
#8431= IFCFACE((#8430));
#8432= IFCPOLYLOOP((#8373,#8374,#8375,#8376));
#8433= IFCFACEOUTERBOUND(#8432,.T.);
#8434= IFCFACE((#8433));
#8435= IFCPOLYLOOP((#8377,#8378,#8379,#8380));
#8436= IFCFACEOUTERBOUND(#8435,.T.);
#8437= IFCFACE((#8436));
#8438= IFCPOLYLOOP((#8373,#8374,#8378,#8377));
#8439= IFCFACEOUTERBOUND(#8438,.T.);
#8440= IFCFACE((#8439));
#8441= IFCPOLYLOOP((#8374,#8375,#8379,#8378));
#8442= IFCFACEOUTERBOUND(#8441,.T.);
#8443= IFCFACE((#8442));
#8444= IFCPOLYLOOP((#8375,#8376,#8380,#8379));
#8445= IFCFACEOUTERBOUND(#8444,.T.);
#8446= IFCFACE((#8445));
#8447= IFCPOLYLOOP((#8376,#8373,#8377,#8380));
#8448= IFCFACEOUTERBOUND(#8447,.T.);
#8449= IFCFACE((#8448));
#8450= IFCPOLYLOOP((#8381,#8382,#8383,#8384));
#8451= IFCFACEOUTERBOUND(#8450,.T.);
#8452= IFCFACE((#8451));
#8453= IFCPOLYLOOP((#8385,#8386,#8387,#8388));
#8454= IFCFACEOUTERBOUND(#8453,.T.);
#8455= IFCFACE((#8454));
#8456= IFCPOLYLOOP((#8381,#8382,#8386,#8385));
#8457= IFCFACEOUTERBOUND(#8456,.T.);
#8458= IFCFACE((#8457));
#8459= IFCPOLYLOOP((#8382,#8383,#8387,#8386));
#8460= IFCFACEOUTERBOUND(#8459,.T.);
#8461= IFCFACE((#8460));
#8462= IFCPOLYLOOP((#8383,#8384,#8388,#8387));
#8463= IFCFACEOUTERBOUND(#8462,.T.);
#8464= IFCFACE((#8463));
#8465= IFCPOLYLOOP((#8384,#8381,#8385,#8388));
#8466= IFCFACEOUTERBOUND(#8465,.T.);
#8467= IFCFACE((#8466));
#8468= IFCPOLYLOOP((#8389,#8390,#8391,#8392));
#8469= IFCFACEOUTERBOUND(#8468,.T.);
#8470= IFCFACE((#8469));
#8471= IFCPOLYLOOP((#8393,#8394,#8395,#8396));
#8472= IFCFACEOUTERBOUND(#8471,.T.);
#8473= IFCFACE((#8472));
#8474= IFCPOLYLOOP((#8389,#8390,#8394,#8393));
#8475= IFCFACEOUTERBOUND(#8474,.T.);
#8476= IFCFACE((#8475));
#8477= IFCPOLYLOOP((#8390,#8391,#8395,#8394));
#8478= IFCFACEOUTERBOUND(#8477,.T.);
#8479= IFCFACE((#8478));
#8480= IFCPOLYLOOP((#8391,#8392,#8396,#8395));
#8481= IFCFACEOUTERBOUND(#8480,.T.);
#8482= IFCFACE((#8481));
#8483= IFCPOLYLOOP((#8392,#8389,#8393,#8396));
#8484= IFCFACEOUTERBOUND(#8483,.T.);
#8485= IFCFACE((#8484));
#8486= IFCPOLYLOOP((#8397,#8398,#8399,#8400));
#8487= IFCFACEOUTERBOUND(#8486,.T.);
#8488= IFCFACE((#8487));
#8489= IFCPOLYLOOP((#8401,#8402,#8403,#8404));
#8490= IFCFACEOUTERBOUND(#8489,.T.);
#8491= IFCFACE((#8490));
#8492= IFCPOLYLOOP((#8397,#8398,#8402,#8401));
#8493= IFCFACEOUTERBOUND(#8492,.T.);
#8494= IFCFACE((#8493));
#8495= IFCPOLYLOOP((#8398,#8399,#8403,#8402));
#8496= IFCFACEOUTERBOUND(#8495,.T.);
#8497= IFCFACE((#8496));
#8498= IFCPOLYLOOP((#8399,#8400,#8404,#8403));
#8499= IFCFACEOUTERBOUND(#8498,.T.);
#8500= IFCFACE((#8499));
#8501= IFCPOLYLOOP((#8400,#8397,#8401,#8404));
#8502= IFCFACEOUTERBOUND(#8501,.T.);
#8503= IFCFACE((#8502));
#8504= IFCPOLYLOOP((#8405,#8406,#8407,#8408));
#8505= IFCFACEOUTERBOUND(#8504,.T.);
#8506= IFCFACE((#8505));
#8507= IFCPOLYLOOP((#8409,#8410,#8411,#8412));
#8508= IFCFACEOUTERBOUND(#8507,.T.);
#8509= IFCFACE((#8508));
#8510= IFCPOLYLOOP((#8405,#8406,#8410,#8409));
#8511= IFCFACEOUTERBOUND(#8510,.T.);
#8512= IFCFACE((#8511));
#8513= IFCPOLYLOOP((#8406,#8407,#8411,#8410));
#8514= IFCFACEOUTERBOUND(#8513,.T.);
#8515= IFCFACE((#8514));
#8516= IFCPOLYLOOP((#8407,#8408,#8412,#8411));
#8517= IFCFACEOUTERBOUND(#8516,.T.);
#8518= IFCFACE((#8517));
#8519= IFCPOLYLOOP((#8408,#8405,#8409,#8412));
#8520= IFCFACEOUTERBOUND(#8519,.T.);
#8521= IFCFACE((#8520));
#8522= IFCFACETEDBREP(#8413);
#8523= IFCWALL('3jv0J16WL2hvusvVVuvfAA',#2,$,$,$,$,$,$);
#8524= IFCDOOR('20AjEz0Ir8Q949q5CSwHvJ',#2,$,$,$,$,#8525,$,200,85);
#8525= IFCPRODUCTDEFINITIONSHAPE($,$,(#8526));
#8526= IFCSHAPEREPRESENTATION(#11,'Body','Brep',(#8684));
#8527= IFCCARTESIANPOINT((-6675.,8240.,1800.));
#8528= IFCCARTESIANPOINT((-5825.,8240.,1800.));
#8529= IFCCARTESIANPOINT((-5825.,8240.,2000.));
#8530= IFCCARTESIANPOINT((-6675.,8240.,2000.));
#8531= IFCCARTESIANPOINT((-6675.,8220.,1800.));
#8532= IFCCARTESIANPOINT((-5825.,8220.,1800.));
#8533= IFCCARTESIANPOINT((-5825.,8220.,2000.));
#8534= IFCCARTESIANPOINT((-6675.,8220.,2000.));
#8535= IFCCARTESIANPOINT((-6675.,8240.,201.));
#8536= IFCCARTESIANPOINT((-6475.,8240.,201.));
#8537= IFCCARTESIANPOINT((-6475.,8240.,1799.));
#8538= IFCCARTESIANPOINT((-6675.,8240.,1799.));
#8539= IFCCARTESIANPOINT((-6675.,8220.,201.));
#8540= IFCCARTESIANPOINT((-6475.,8220.,201.));
#8541= IFCCARTESIANPOINT((-6475.,8220.,1799.));
#8542= IFCCARTESIANPOINT((-6675.,8220.,1799.));
#8543= IFCCARTESIANPOINT((-6474.,8230.,201.));
#8544= IFCCARTESIANPOINT((-6026.,8230.,201.));
#8545= IFCCARTESIANPOINT((-6026.,8230.,1799.));
#8546= IFCCARTESIANPOINT((-6474.,8230.,1799.));
#8547= IFCCARTESIANPOINT((-6474.,8220.,201.));
#8548= IFCCARTESIANPOINT((-6026.,8220.,201.));
#8549= IFCCARTESIANPOINT((-6026.,8220.,1799.));
#8550= IFCCARTESIANPOINT((-6474.,8220.,1799.));
#8551= IFCCARTESIANPOINT((-6025.,8240.,201.));
#8552= IFCCARTESIANPOINT((-5825.,8240.,201.));
#8553= IFCCARTESIANPOINT((-5825.,8240.,1799.));
#8554= IFCCARTESIANPOINT((-6025.,8240.,1799.));
#8555= IFCCARTESIANPOINT((-6025.,8220.,201.));
#8556= IFCCARTESIANPOINT((-5825.,8220.,201.));
#8557= IFCCARTESIANPOINT((-5825.,8220.,1799.));
#8558= IFCCARTESIANPOINT((-6025.,8220.,1799.));
#8559= IFCCARTESIANPOINT((-6675.,8240.,200.));
#8560= IFCCARTESIANPOINT((-5825.,8240.,200.));
#8561= IFCCARTESIANPOINT((-5825.,8240.,0.));
#8562= IFCCARTESIANPOINT((-6675.,8240.,0.));
#8563= IFCCARTESIANPOINT((-6675.,8220.,200.));
#8564= IFCCARTESIANPOINT((-5825.,8220.,200.));
#8565= IFCCARTESIANPOINT((-5825.,8220.,0.));
#8566= IFCCARTESIANPOINT((-6675.,8220.,0.));
#8567= IFCCARTESIANPOINT((-6605.,8270.,1030.));
#8568= IFCCARTESIANPOINT((-6545.,8270.,1030.));
#8569= IFCCARTESIANPOINT((-6545.,8270.,970.));
#8570= IFCCARTESIANPOINT((-6605.,8270.,970.));
#8571= IFCCARTESIANPOINT((-6605.,8170.,1030.));
#8572= IFCCARTESIANPOINT((-6545.,8170.,1030.));
#8573= IFCCARTESIANPOINT((-6545.,8170.,970.));
#8574= IFCCARTESIANPOINT((-6605.,8170.,970.));
#8575= IFCCLOSEDSHELL((#8578,#8581,#8584,#8587,#8590,#8593,#8596,#8599,#8602,#8605,#8608,#8611,#8614,#8617,#8620,#8623,#8626,#8629,#8632,#8635,#8638,#8641,#8644,#8647,#8650,#8653,#8656,#8659,#8662,#8665,#8668,#8671,#8674,#8677,#8680,#8683));
#8576= IFCPOLYLOOP((#8527,#8528,#8529,#8530));
#8577= IFCFACEOUTERBOUND(#8576,.T.);
#8578= IFCFACE((#8577));
#8579= IFCPOLYLOOP((#8531,#8532,#8533,#8534));
#8580= IFCFACEOUTERBOUND(#8579,.T.);
#8581= IFCFACE((#8580));
#8582= IFCPOLYLOOP((#8527,#8528,#8532,#8531));
#8583= IFCFACEOUTERBOUND(#8582,.T.);
#8584= IFCFACE((#8583));
#8585= IFCPOLYLOOP((#8528,#8529,#8533,#8532));
#8586= IFCFACEOUTERBOUND(#8585,.T.);
#8587= IFCFACE((#8586));
#8588= IFCPOLYLOOP((#8529,#8530,#8534,#8533));
#8589= IFCFACEOUTERBOUND(#8588,.T.);
#8590= IFCFACE((#8589));
#8591= IFCPOLYLOOP((#8530,#8527,#8531,#8534));
#8592= IFCFACEOUTERBOUND(#8591,.T.);
#8593= IFCFACE((#8592));
#8594= IFCPOLYLOOP((#8535,#8536,#8537,#8538));
#8595= IFCFACEOUTERBOUND(#8594,.T.);
#8596= IFCFACE((#8595));
#8597= IFCPOLYLOOP((#8539,#8540,#8541,#8542));
#8598= IFCFACEOUTERBOUND(#8597,.T.);
#8599= IFCFACE((#8598));
#8600= IFCPOLYLOOP((#8535,#8536,#8540,#8539));
#8601= IFCFACEOUTERBOUND(#8600,.T.);
#8602= IFCFACE((#8601));
#8603= IFCPOLYLOOP((#8536,#8537,#8541,#8540));
#8604= IFCFACEOUTERBOUND(#8603,.T.);
#8605= IFCFACE((#8604));
#8606= IFCPOLYLOOP((#8537,#8538,#8542,#8541));
#8607= IFCFACEOUTERBOUND(#8606,.T.);
#8608= IFCFACE((#8607));
#8609= IFCPOLYLOOP((#8538,#8535,#8539,#8542));
#8610= IFCFACEOUTERBOUND(#8609,.T.);
#8611= IFCFACE((#8610));
#8612= IFCPOLYLOOP((#8543,#8544,#8545,#8546));
#8613= IFCFACEOUTERBOUND(#8612,.T.);
#8614= IFCFACE((#8613));
#8615= IFCPOLYLOOP((#8547,#8548,#8549,#8550));
#8616= IFCFACEOUTERBOUND(#8615,.T.);
#8617= IFCFACE((#8616));
#8618= IFCPOLYLOOP((#8543,#8544,#8548,#8547));
#8619= IFCFACEOUTERBOUND(#8618,.T.);
#8620= IFCFACE((#8619));
#8621= IFCPOLYLOOP((#8544,#8545,#8549,#8548));
#8622= IFCFACEOUTERBOUND(#8621,.T.);
#8623= IFCFACE((#8622));
#8624= IFCPOLYLOOP((#8545,#8546,#8550,#8549));
#8625= IFCFACEOUTERBOUND(#8624,.T.);
#8626= IFCFACE((#8625));
#8627= IFCPOLYLOOP((#8546,#8543,#8547,#8550));
#8628= IFCFACEOUTERBOUND(#8627,.T.);
#8629= IFCFACE((#8628));
#8630= IFCPOLYLOOP((#8551,#8552,#8553,#8554));
#8631= IFCFACEOUTERBOUND(#8630,.T.);
#8632= IFCFACE((#8631));
#8633= IFCPOLYLOOP((#8555,#8556,#8557,#8558));
#8634= IFCFACEOUTERBOUND(#8633,.T.);
#8635= IFCFACE((#8634));
#8636= IFCPOLYLOOP((#8551,#8552,#8556,#8555));
#8637= IFCFACEOUTERBOUND(#8636,.T.);
#8638= IFCFACE((#8637));
#8639= IFCPOLYLOOP((#8552,#8553,#8557,#8556));
#8640= IFCFACEOUTERBOUND(#8639,.T.);
#8641= IFCFACE((#8640));
#8642= IFCPOLYLOOP((#8553,#8554,#8558,#8557));
#8643= IFCFACEOUTERBOUND(#8642,.T.);
#8644= IFCFACE((#8643));
#8645= IFCPOLYLOOP((#8554,#8551,#8555,#8558));
#8646= IFCFACEOUTERBOUND(#8645,.T.);
#8647= IFCFACE((#8646));
#8648= IFCPOLYLOOP((#8559,#8560,#8561,#8562));
#8649= IFCFACEOUTERBOUND(#8648,.T.);
#8650= IFCFACE((#8649));
#8651= IFCPOLYLOOP((#8563,#8564,#8565,#8566));
#8652= IFCFACEOUTERBOUND(#8651,.T.);
#8653= IFCFACE((#8652));
#8654= IFCPOLYLOOP((#8559,#8560,#8564,#8563));
#8655= IFCFACEOUTERBOUND(#8654,.T.);
#8656= IFCFACE((#8655));
#8657= IFCPOLYLOOP((#8560,#8561,#8565,#8564));
#8658= IFCFACEOUTERBOUND(#8657,.T.);
#8659= IFCFACE((#8658));
#8660= IFCPOLYLOOP((#8561,#8562,#8566,#8565));
#8661= IFCFACEOUTERBOUND(#8660,.T.);
#8662= IFCFACE((#8661));
#8663= IFCPOLYLOOP((#8562,#8559,#8563,#8566));
#8664= IFCFACEOUTERBOUND(#8663,.T.);
#8665= IFCFACE((#8664));
#8666= IFCPOLYLOOP((#8567,#8568,#8569,#8570));
#8667= IFCFACEOUTERBOUND(#8666,.T.);
#8668= IFCFACE((#8667));
#8669= IFCPOLYLOOP((#8571,#8572,#8573,#8574));
#8670= IFCFACEOUTERBOUND(#8669,.T.);
#8671= IFCFACE((#8670));
#8672= IFCPOLYLOOP((#8567,#8568,#8572,#8571));
#8673= IFCFACEOUTERBOUND(#8672,.T.);
#8674= IFCFACE((#8673));
#8675= IFCPOLYLOOP((#8568,#8569,#8573,#8572));
#8676= IFCFACEOUTERBOUND(#8675,.T.);
#8677= IFCFACE((#8676));
#8678= IFCPOLYLOOP((#8569,#8570,#8574,#8573));
#8679= IFCFACEOUTERBOUND(#8678,.T.);
#8680= IFCFACE((#8679));
#8681= IFCPOLYLOOP((#8570,#8567,#8571,#8574));
#8682= IFCFACEOUTERBOUND(#8681,.T.);
#8683= IFCFACE((#8682));
#8684= IFCFACETEDBREP(#8575);
#8685= IFCWALL('20x1que5HFnA5$bwV$CRSO',#2,$,$,$,$,$,$);
#8686= IFCDOOR('1j06OdG910rQ02$3XOkFOt',#2,$,$,$,$,#8687,$,200,85);
#8687= IFCPRODUCTDEFINITIONSHAPE($,$,(#8688));
#8688= IFCSHAPEREPRESENTATION(#11,'Body','Brep',(#8820));
#8689= IFCCARTESIANPOINT((-8900.,3785.,1800.));
#8690= IFCCARTESIANPOINT((-8900.,2935.,1800.));
#8691= IFCCARTESIANPOINT((-8900.,2935.,2000.));
#8692= IFCCARTESIANPOINT((-8900.,3785.,2000.));
#8693= IFCCARTESIANPOINT((-8920.,3785.,1800.));
#8694= IFCCARTESIANPOINT((-8920.,2935.,1800.));
#8695= IFCCARTESIANPOINT((-8920.,2935.,2000.));
#8696= IFCCARTESIANPOINT((-8920.,3785.,2000.));
#8697= IFCCARTESIANPOINT((-8900.,3785.,201.));
#8698= IFCCARTESIANPOINT((-8900.,3585.,201.));
#8699= IFCCARTESIANPOINT((-8900.,3585.,1799.));
#8700= IFCCARTESIANPOINT((-8900.,3785.,1799.));
#8701= IFCCARTESIANPOINT((-8920.,3785.,201.));
#8702= IFCCARTESIANPOINT((-8920.,3585.,201.));
#8703= IFCCARTESIANPOINT((-8920.,3585.,1799.));
#8704= IFCCARTESIANPOINT((-8920.,3785.,1799.));
#8705= IFCCARTESIANPOINT((-8900.,3135.,201.));
#8706= IFCCARTESIANPOINT((-8900.,2935.,201.));
#8707= IFCCARTESIANPOINT((-8900.,2935.,1799.));
#8708= IFCCARTESIANPOINT((-8900.,3135.,1799.));
#8709= IFCCARTESIANPOINT((-8920.,3135.,201.));
#8710= IFCCARTESIANPOINT((-8920.,2935.,201.));
#8711= IFCCARTESIANPOINT((-8920.,2935.,1799.));
#8712= IFCCARTESIANPOINT((-8920.,3135.,1799.));
#8713= IFCCARTESIANPOINT((-8900.,3785.,200.));
#8714= IFCCARTESIANPOINT((-8900.,2935.,200.));
#8715= IFCCARTESIANPOINT((-8900.,2935.,0.));
#8716= IFCCARTESIANPOINT((-8900.,3785.,0.));
#8717= IFCCARTESIANPOINT((-8920.,3785.,200.));
#8718= IFCCARTESIANPOINT((-8920.,2935.,200.));
#8719= IFCCARTESIANPOINT((-8920.,2935.,0.));
#8720= IFCCARTESIANPOINT((-8920.,3785.,0.));
#8721= IFCCARTESIANPOINT((-8870.,3715.,1030.));
#8722= IFCCARTESIANPOINT((-8870.,3655.,1030.));
#8723= IFCCARTESIANPOINT((-8870.,3655.,970.));
#8724= IFCCARTESIANPOINT((-8870.,3715.,970.));
#8725= IFCCARTESIANPOINT((-8970.,3715.,1030.));
#8726= IFCCARTESIANPOINT((-8970.,3655.,1030.));
#8727= IFCCARTESIANPOINT((-8970.,3655.,970.));
#8728= IFCCARTESIANPOINT((-8970.,3715.,970.));
#8729= IFCCLOSEDSHELL((#8732,#8735,#8738,#8741,#8744,#8747,#8750,#8753,#8756,#8759,#8762,#8765,#8768,#8771,#8774,#8777,#8780,#8783,#8786,#8789,#8792,#8795,#8798,#8801,#8804,#8807,#8810,#8813,#8816,#8819));
#8730= IFCPOLYLOOP((#8689,#8690,#8691,#8692));
#8731= IFCFACEOUTERBOUND(#8730,.T.);
#8732= IFCFACE((#8731));
#8733= IFCPOLYLOOP((#8693,#8694,#8695,#8696));
#8734= IFCFACEOUTERBOUND(#8733,.T.);
#8735= IFCFACE((#8734));
#8736= IFCPOLYLOOP((#8689,#8690,#8694,#8693));
#8737= IFCFACEOUTERBOUND(#8736,.T.);
#8738= IFCFACE((#8737));
#8739= IFCPOLYLOOP((#8690,#8691,#8695,#8694));
#8740= IFCFACEOUTERBOUND(#8739,.T.);
#8741= IFCFACE((#8740));
#8742= IFCPOLYLOOP((#8691,#8692,#8696,#8695));
#8743= IFCFACEOUTERBOUND(#8742,.T.);
#8744= IFCFACE((#8743));
#8745= IFCPOLYLOOP((#8692,#8689,#8693,#8696));
#8746= IFCFACEOUTERBOUND(#8745,.T.);
#8747= IFCFACE((#8746));
#8748= IFCPOLYLOOP((#8697,#8698,#8699,#8700));
#8749= IFCFACEOUTERBOUND(#8748,.T.);
#8750= IFCFACE((#8749));
#8751= IFCPOLYLOOP((#8701,#8702,#8703,#8704));
#8752= IFCFACEOUTERBOUND(#8751,.T.);
#8753= IFCFACE((#8752));
#8754= IFCPOLYLOOP((#8697,#8698,#8702,#8701));
#8755= IFCFACEOUTERBOUND(#8754,.T.);
#8756= IFCFACE((#8755));
#8757= IFCPOLYLOOP((#8698,#8699,#8703,#8702));
#8758= IFCFACEOUTERBOUND(#8757,.T.);
#8759= IFCFACE((#8758));
#8760= IFCPOLYLOOP((#8699,#8700,#8704,#8703));
#8761= IFCFACEOUTERBOUND(#8760,.T.);
#8762= IFCFACE((#8761));
#8763= IFCPOLYLOOP((#8700,#8697,#8701,#8704));
#8764= IFCFACEOUTERBOUND(#8763,.T.);
#8765= IFCFACE((#8764));
#8766= IFCPOLYLOOP((#8705,#8706,#8707,#8708));
#8767= IFCFACEOUTERBOUND(#8766,.T.);
#8768= IFCFACE((#8767));
#8769= IFCPOLYLOOP((#8709,#8710,#8711,#8712));
#8770= IFCFACEOUTERBOUND(#8769,.T.);
#8771= IFCFACE((#8770));
#8772= IFCPOLYLOOP((#8705,#8706,#8710,#8709));
#8773= IFCFACEOUTERBOUND(#8772,.T.);
#8774= IFCFACE((#8773));
#8775= IFCPOLYLOOP((#8706,#8707,#8711,#8710));
#8776= IFCFACEOUTERBOUND(#8775,.T.);
#8777= IFCFACE((#8776));
#8778= IFCPOLYLOOP((#8707,#8708,#8712,#8711));
#8779= IFCFACEOUTERBOUND(#8778,.T.);
#8780= IFCFACE((#8779));
#8781= IFCPOLYLOOP((#8708,#8705,#8709,#8712));
#8782= IFCFACEOUTERBOUND(#8781,.T.);
#8783= IFCFACE((#8782));
#8784= IFCPOLYLOOP((#8713,#8714,#8715,#8716));
#8785= IFCFACEOUTERBOUND(#8784,.T.);
#8786= IFCFACE((#8785));
#8787= IFCPOLYLOOP((#8717,#8718,#8719,#8720));
#8788= IFCFACEOUTERBOUND(#8787,.T.);
#8789= IFCFACE((#8788));
#8790= IFCPOLYLOOP((#8713,#8714,#8718,#8717));
#8791= IFCFACEOUTERBOUND(#8790,.T.);
#8792= IFCFACE((#8791));
#8793= IFCPOLYLOOP((#8714,#8715,#8719,#8718));
#8794= IFCFACEOUTERBOUND(#8793,.T.);
#8795= IFCFACE((#8794));
#8796= IFCPOLYLOOP((#8715,#8716,#8720,#8719));
#8797= IFCFACEOUTERBOUND(#8796,.T.);
#8798= IFCFACE((#8797));
#8799= IFCPOLYLOOP((#8716,#8713,#8717,#8720));
#8800= IFCFACEOUTERBOUND(#8799,.T.);
#8801= IFCFACE((#8800));
#8802= IFCPOLYLOOP((#8721,#8722,#8723,#8724));
#8803= IFCFACEOUTERBOUND(#8802,.T.);
#8804= IFCFACE((#8803));
#8805= IFCPOLYLOOP((#8725,#8726,#8727,#8728));
#8806= IFCFACEOUTERBOUND(#8805,.T.);
#8807= IFCFACE((#8806));
#8808= IFCPOLYLOOP((#8721,#8722,#8726,#8725));
#8809= IFCFACEOUTERBOUND(#8808,.T.);
#8810= IFCFACE((#8809));
#8811= IFCPOLYLOOP((#8722,#8723,#8727,#8726));
#8812= IFCFACEOUTERBOUND(#8811,.T.);
#8813= IFCFACE((#8812));
#8814= IFCPOLYLOOP((#8723,#8724,#8728,#8727));
#8815= IFCFACEOUTERBOUND(#8814,.T.);
#8816= IFCFACE((#8815));
#8817= IFCPOLYLOOP((#8724,#8721,#8725,#8728));
#8818= IFCFACEOUTERBOUND(#8817,.T.);
#8819= IFCFACE((#8818));
#8820= IFCFACETEDBREP(#8729);
#8821= IFCWALL('00gMqOd8nFmR_vHhEHLuSA',#2,$,$,$,$,$,$);
#8822= IFCDOOR('3kwCwcaAPAlRoSY6qoYUMo',#2,$,$,$,$,#8823,$,200,85);
#8823= IFCPRODUCTDEFINITIONSHAPE($,$,(#8824));
#8824= IFCSHAPEREPRESENTATION(#11,'Body','Brep',(#8982));
#8825= IFCCARTESIANPOINT((-5335.,2550.,1800.));
#8826= IFCCARTESIANPOINT((-4485.,2550.,1800.));
#8827= IFCCARTESIANPOINT((-4485.,2550.,2000.));
#8828= IFCCARTESIANPOINT((-5335.,2550.,2000.));
#8829= IFCCARTESIANPOINT((-5335.,2530.,1800.));
#8830= IFCCARTESIANPOINT((-4485.,2530.,1800.));
#8831= IFCCARTESIANPOINT((-4485.,2530.,2000.));
#8832= IFCCARTESIANPOINT((-5335.,2530.,2000.));
#8833= IFCCARTESIANPOINT((-5335.,2550.,201.));
#8834= IFCCARTESIANPOINT((-5135.,2550.,201.));
#8835= IFCCARTESIANPOINT((-5135.,2550.,1799.));
#8836= IFCCARTESIANPOINT((-5335.,2550.,1799.));
#8837= IFCCARTESIANPOINT((-5335.,2530.,201.));
#8838= IFCCARTESIANPOINT((-5135.,2530.,201.));
#8839= IFCCARTESIANPOINT((-5135.,2530.,1799.));
#8840= IFCCARTESIANPOINT((-5335.,2530.,1799.));
#8841= IFCCARTESIANPOINT((-5134.,2540.,201.));
#8842= IFCCARTESIANPOINT((-4686.,2540.,201.));
#8843= IFCCARTESIANPOINT((-4686.,2540.,1799.));
#8844= IFCCARTESIANPOINT((-5134.,2540.,1799.));
#8845= IFCCARTESIANPOINT((-5134.,2530.,201.));
#8846= IFCCARTESIANPOINT((-4686.,2530.,201.));
#8847= IFCCARTESIANPOINT((-4686.,2530.,1799.));
#8848= IFCCARTESIANPOINT((-5134.,2530.,1799.));
#8849= IFCCARTESIANPOINT((-4685.,2550.,201.));
#8850= IFCCARTESIANPOINT((-4485.,2550.,201.));
#8851= IFCCARTESIANPOINT((-4485.,2550.,1799.));
#8852= IFCCARTESIANPOINT((-4685.,2550.,1799.));
#8853= IFCCARTESIANPOINT((-4685.,2530.,201.));
#8854= IFCCARTESIANPOINT((-4485.,2530.,201.));
#8855= IFCCARTESIANPOINT((-4485.,2530.,1799.));
#8856= IFCCARTESIANPOINT((-4685.,2530.,1799.));
#8857= IFCCARTESIANPOINT((-5335.,2550.,200.));
#8858= IFCCARTESIANPOINT((-4485.,2550.,200.));
#8859= IFCCARTESIANPOINT((-4485.,2550.,0.));
#8860= IFCCARTESIANPOINT((-5335.,2550.,0.));
#8861= IFCCARTESIANPOINT((-5335.,2530.,200.));
#8862= IFCCARTESIANPOINT((-4485.,2530.,200.));
#8863= IFCCARTESIANPOINT((-4485.,2530.,0.));
#8864= IFCCARTESIANPOINT((-5335.,2530.,0.));
#8865= IFCCARTESIANPOINT((-5265.,2580.,1030.));
#8866= IFCCARTESIANPOINT((-5205.,2580.,1030.));
#8867= IFCCARTESIANPOINT((-5205.,2580.,970.));
#8868= IFCCARTESIANPOINT((-5265.,2580.,970.));
#8869= IFCCARTESIANPOINT((-5265.,2480.,1030.));
#8870= IFCCARTESIANPOINT((-5205.,2480.,1030.));
#8871= IFCCARTESIANPOINT((-5205.,2480.,970.));
#8872= IFCCARTESIANPOINT((-5265.,2480.,970.));
#8873= IFCCLOSEDSHELL((#8876,#8879,#8882,#8885,#8888,#8891,#8894,#8897,#8900,#8903,#8906,#8909,#8912,#8915,#8918,#8921,#8924,#8927,#8930,#8933,#8936,#8939,#8942,#8945,#8948,#8951,#8954,#8957,#8960,#8963,#8966,#8969,#8972,#8975,#8978,#8981));
#8874= IFCPOLYLOOP((#8825,#8826,#8827,#8828));
#8875= IFCFACEOUTERBOUND(#8874,.T.);
#8876= IFCFACE((#8875));
#8877= IFCPOLYLOOP((#8829,#8830,#8831,#8832));
#8878= IFCFACEOUTERBOUND(#8877,.T.);
#8879= IFCFACE((#8878));
#8880= IFCPOLYLOOP((#8825,#8826,#8830,#8829));
#8881= IFCFACEOUTERBOUND(#8880,.T.);
#8882= IFCFACE((#8881));
#8883= IFCPOLYLOOP((#8826,#8827,#8831,#8830));
#8884= IFCFACEOUTERBOUND(#8883,.T.);
#8885= IFCFACE((#8884));
#8886= IFCPOLYLOOP((#8827,#8828,#8832,#8831));
#8887= IFCFACEOUTERBOUND(#8886,.T.);
#8888= IFCFACE((#8887));
#8889= IFCPOLYLOOP((#8828,#8825,#8829,#8832));
#8890= IFCFACEOUTERBOUND(#8889,.T.);
#8891= IFCFACE((#8890));
#8892= IFCPOLYLOOP((#8833,#8834,#8835,#8836));
#8893= IFCFACEOUTERBOUND(#8892,.T.);
#8894= IFCFACE((#8893));
#8895= IFCPOLYLOOP((#8837,#8838,#8839,#8840));
#8896= IFCFACEOUTERBOUND(#8895,.T.);
#8897= IFCFACE((#8896));
#8898= IFCPOLYLOOP((#8833,#8834,#8838,#8837));
#8899= IFCFACEOUTERBOUND(#8898,.T.);
#8900= IFCFACE((#8899));
#8901= IFCPOLYLOOP((#8834,#8835,#8839,#8838));
#8902= IFCFACEOUTERBOUND(#8901,.T.);
#8903= IFCFACE((#8902));
#8904= IFCPOLYLOOP((#8835,#8836,#8840,#8839));
#8905= IFCFACEOUTERBOUND(#8904,.T.);
#8906= IFCFACE((#8905));
#8907= IFCPOLYLOOP((#8836,#8833,#8837,#8840));
#8908= IFCFACEOUTERBOUND(#8907,.T.);
#8909= IFCFACE((#8908));
#8910= IFCPOLYLOOP((#8841,#8842,#8843,#8844));
#8911= IFCFACEOUTERBOUND(#8910,.T.);
#8912= IFCFACE((#8911));
#8913= IFCPOLYLOOP((#8845,#8846,#8847,#8848));
#8914= IFCFACEOUTERBOUND(#8913,.T.);
#8915= IFCFACE((#8914));
#8916= IFCPOLYLOOP((#8841,#8842,#8846,#8845));
#8917= IFCFACEOUTERBOUND(#8916,.T.);
#8918= IFCFACE((#8917));
#8919= IFCPOLYLOOP((#8842,#8843,#8847,#8846));
#8920= IFCFACEOUTERBOUND(#8919,.T.);
#8921= IFCFACE((#8920));
#8922= IFCPOLYLOOP((#8843,#8844,#8848,#8847));
#8923= IFCFACEOUTERBOUND(#8922,.T.);
#8924= IFCFACE((#8923));
#8925= IFCPOLYLOOP((#8844,#8841,#8845,#8848));
#8926= IFCFACEOUTERBOUND(#8925,.T.);
#8927= IFCFACE((#8926));
#8928= IFCPOLYLOOP((#8849,#8850,#8851,#8852));
#8929= IFCFACEOUTERBOUND(#8928,.T.);
#8930= IFCFACE((#8929));
#8931= IFCPOLYLOOP((#8853,#8854,#8855,#8856));
#8932= IFCFACEOUTERBOUND(#8931,.T.);
#8933= IFCFACE((#8932));
#8934= IFCPOLYLOOP((#8849,#8850,#8854,#8853));
#8935= IFCFACEOUTERBOUND(#8934,.T.);
#8936= IFCFACE((#8935));
#8937= IFCPOLYLOOP((#8850,#8851,#8855,#8854));
#8938= IFCFACEOUTERBOUND(#8937,.T.);
#8939= IFCFACE((#8938));
#8940= IFCPOLYLOOP((#8851,#8852,#8856,#8855));
#8941= IFCFACEOUTERBOUND(#8940,.T.);
#8942= IFCFACE((#8941));
#8943= IFCPOLYLOOP((#8852,#8849,#8853,#8856));
#8944= IFCFACEOUTERBOUND(#8943,.T.);
#8945= IFCFACE((#8944));
#8946= IFCPOLYLOOP((#8857,#8858,#8859,#8860));
#8947= IFCFACEOUTERBOUND(#8946,.T.);
#8948= IFCFACE((#8947));
#8949= IFCPOLYLOOP((#8861,#8862,#8863,#8864));
#8950= IFCFACEOUTERBOUND(#8949,.T.);
#8951= IFCFACE((#8950));
#8952= IFCPOLYLOOP((#8857,#8858,#8862,#8861));
#8953= IFCFACEOUTERBOUND(#8952,.T.);
#8954= IFCFACE((#8953));
#8955= IFCPOLYLOOP((#8858,#8859,#8863,#8862));
#8956= IFCFACEOUTERBOUND(#8955,.T.);
#8957= IFCFACE((#8956));
#8958= IFCPOLYLOOP((#8859,#8860,#8864,#8863));
#8959= IFCFACEOUTERBOUND(#8958,.T.);
#8960= IFCFACE((#8959));
#8961= IFCPOLYLOOP((#8860,#8857,#8861,#8864));
#8962= IFCFACEOUTERBOUND(#8961,.T.);
#8963= IFCFACE((#8962));
#8964= IFCPOLYLOOP((#8865,#8866,#8867,#8868));
#8965= IFCFACEOUTERBOUND(#8964,.T.);
#8966= IFCFACE((#8965));
#8967= IFCPOLYLOOP((#8869,#8870,#8871,#8872));
#8968= IFCFACEOUTERBOUND(#8967,.T.);
#8969= IFCFACE((#8968));
#8970= IFCPOLYLOOP((#8865,#8866,#8870,#8869));
#8971= IFCFACEOUTERBOUND(#8970,.T.);
#8972= IFCFACE((#8971));
#8973= IFCPOLYLOOP((#8866,#8867,#8871,#8870));
#8974= IFCFACEOUTERBOUND(#8973,.T.);
#8975= IFCFACE((#8974));
#8976= IFCPOLYLOOP((#8867,#8868,#8872,#8871));
#8977= IFCFACEOUTERBOUND(#8976,.T.);
#8978= IFCFACE((#8977));
#8979= IFCPOLYLOOP((#8868,#8865,#8869,#8872));
#8980= IFCFACEOUTERBOUND(#8979,.T.);
#8981= IFCFACE((#8980));
#8982= IFCFACETEDBREP(#8873);
#8983= IFCWALL('3FSclBLE93DBAO2H7cNZmN',#2,$,$,$,$,$,$);
#8984= IFCDOOR('3OYbU7MI54_PqNV6IKVNp5',#2,$,$,$,$,#8985,$,200,300);
#8985= IFCPRODUCTDEFINITIONSHAPE($,$,(#8986));
#8986= IFCSHAPEREPRESENTATION(#11,'Body','Brep',(#9430));
#8987= IFCCARTESIANPOINT((-4090.,3840.,1800.));
#8988= IFCCARTESIANPOINT((-4090.,4590.,1800.));
#8989= IFCCARTESIANPOINT((-4090.,4590.,2000.));
#8990= IFCCARTESIANPOINT((-4090.,3840.,2000.));
#8991= IFCCARTESIANPOINT((-4070.,3840.,1800.));
#8992= IFCCARTESIANPOINT((-4070.,4590.,1800.));
#8993= IFCCARTESIANPOINT((-4070.,4590.,2000.));
#8994= IFCCARTESIANPOINT((-4070.,3840.,2000.));
#8995= IFCCARTESIANPOINT((-4090.,3840.,201.));
#8996= IFCCARTESIANPOINT((-4090.,4040.,201.));
#8997= IFCCARTESIANPOINT((-4090.,4040.,1799.));
#8998= IFCCARTESIANPOINT((-4090.,3840.,1799.));
#8999= IFCCARTESIANPOINT((-4070.,3840.,201.));
#9000= IFCCARTESIANPOINT((-4070.,4040.,201.));
#9001= IFCCARTESIANPOINT((-4070.,4040.,1799.));
#9002= IFCCARTESIANPOINT((-4070.,3840.,1799.));
#9003= IFCCARTESIANPOINT((-4090.,4390.,201.));
#9004= IFCCARTESIANPOINT((-4090.,4590.,201.));
#9005= IFCCARTESIANPOINT((-4090.,4590.,1799.));
#9006= IFCCARTESIANPOINT((-4090.,4390.,1799.));
#9007= IFCCARTESIANPOINT((-4070.,4390.,201.));
#9008= IFCCARTESIANPOINT((-4070.,4590.,201.));
#9009= IFCCARTESIANPOINT((-4070.,4590.,1799.));
#9010= IFCCARTESIANPOINT((-4070.,4390.,1799.));
#9011= IFCCARTESIANPOINT((-4090.,3840.,200.));
#9012= IFCCARTESIANPOINT((-4090.,4590.,200.));
#9013= IFCCARTESIANPOINT((-4090.,4590.,0.));
#9014= IFCCARTESIANPOINT((-4090.,3840.,0.));
#9015= IFCCARTESIANPOINT((-4070.,3840.,200.));
#9016= IFCCARTESIANPOINT((-4070.,4590.,200.));
#9017= IFCCARTESIANPOINT((-4070.,4590.,0.));
#9018= IFCCARTESIANPOINT((-4070.,3840.,0.));
#9019= IFCCARTESIANPOINT((-4090.,4590.,1800.));
#9020= IFCCARTESIANPOINT((-4090.,5340.,1800.));
#9021= IFCCARTESIANPOINT((-4090.,5340.,2000.));
#9022= IFCCARTESIANPOINT((-4090.,4590.,2000.));
#9023= IFCCARTESIANPOINT((-4070.,4590.,1800.));
#9024= IFCCARTESIANPOINT((-4070.,5340.,1800.));
#9025= IFCCARTESIANPOINT((-4070.,5340.,2000.));
#9026= IFCCARTESIANPOINT((-4070.,4590.,2000.));
#9027= IFCCARTESIANPOINT((-4090.,4590.,201.));
#9028= IFCCARTESIANPOINT((-4090.,4790.,201.));
#9029= IFCCARTESIANPOINT((-4090.,4790.,1799.));
#9030= IFCCARTESIANPOINT((-4090.,4590.,1799.));
#9031= IFCCARTESIANPOINT((-4070.,4590.,201.));
#9032= IFCCARTESIANPOINT((-4070.,4790.,201.));
#9033= IFCCARTESIANPOINT((-4070.,4790.,1799.));
#9034= IFCCARTESIANPOINT((-4070.,4590.,1799.));
#9035= IFCCARTESIANPOINT((-4090.,5140.,201.));
#9036= IFCCARTESIANPOINT((-4090.,5340.,201.));
#9037= IFCCARTESIANPOINT((-4090.,5340.,1799.));
#9038= IFCCARTESIANPOINT((-4090.,5140.,1799.));
#9039= IFCCARTESIANPOINT((-4070.,5140.,201.));
#9040= IFCCARTESIANPOINT((-4070.,5340.,201.));
#9041= IFCCARTESIANPOINT((-4070.,5340.,1799.));
#9042= IFCCARTESIANPOINT((-4070.,5140.,1799.));
#9043= IFCCARTESIANPOINT((-4090.,4590.,200.));
#9044= IFCCARTESIANPOINT((-4090.,5340.,200.));
#9045= IFCCARTESIANPOINT((-4090.,5340.,0.));
#9046= IFCCARTESIANPOINT((-4090.,4590.,0.));
#9047= IFCCARTESIANPOINT((-4070.,4590.,200.));
#9048= IFCCARTESIANPOINT((-4070.,5340.,200.));
#9049= IFCCARTESIANPOINT((-4070.,5340.,0.));
#9050= IFCCARTESIANPOINT((-4070.,4590.,0.));
#9051= IFCCARTESIANPOINT((-4090.,6090.,1800.));
#9052= IFCCARTESIANPOINT((-4090.,6840.,1800.));
#9053= IFCCARTESIANPOINT((-4090.,6840.,2000.));
#9054= IFCCARTESIANPOINT((-4090.,6090.,2000.));
#9055= IFCCARTESIANPOINT((-4070.,6090.,1800.));
#9056= IFCCARTESIANPOINT((-4070.,6840.,1800.));
#9057= IFCCARTESIANPOINT((-4070.,6840.,2000.));
#9058= IFCCARTESIANPOINT((-4070.,6090.,2000.));
#9059= IFCCARTESIANPOINT((-4090.,6090.,201.));
#9060= IFCCARTESIANPOINT((-4090.,6290.,201.));
#9061= IFCCARTESIANPOINT((-4090.,6290.,1799.));
#9062= IFCCARTESIANPOINT((-4090.,6090.,1799.));
#9063= IFCCARTESIANPOINT((-4070.,6090.,201.));
#9064= IFCCARTESIANPOINT((-4070.,6290.,201.));
#9065= IFCCARTESIANPOINT((-4070.,6290.,1799.));
#9066= IFCCARTESIANPOINT((-4070.,6090.,1799.));
#9067= IFCCARTESIANPOINT((-4090.,6640.,201.));
#9068= IFCCARTESIANPOINT((-4090.,6840.,201.));
#9069= IFCCARTESIANPOINT((-4090.,6840.,1799.));
#9070= IFCCARTESIANPOINT((-4090.,6640.,1799.));
#9071= IFCCARTESIANPOINT((-4070.,6640.,201.));
#9072= IFCCARTESIANPOINT((-4070.,6840.,201.));
#9073= IFCCARTESIANPOINT((-4070.,6840.,1799.));
#9074= IFCCARTESIANPOINT((-4070.,6640.,1799.));
#9075= IFCCARTESIANPOINT((-4090.,6090.,200.));
#9076= IFCCARTESIANPOINT((-4090.,6840.,200.));
#9077= IFCCARTESIANPOINT((-4090.,6840.,0.));
#9078= IFCCARTESIANPOINT((-4090.,6090.,0.));
#9079= IFCCARTESIANPOINT((-4070.,6090.,200.));
#9080= IFCCARTESIANPOINT((-4070.,6840.,200.));
#9081= IFCCARTESIANPOINT((-4070.,6840.,0.));
#9082= IFCCARTESIANPOINT((-4070.,6090.,0.));
#9083= IFCCARTESIANPOINT((-4090.,5340.,1800.));
#9084= IFCCARTESIANPOINT((-4090.,6090.,1800.));
#9085= IFCCARTESIANPOINT((-4090.,6090.,2000.));
#9086= IFCCARTESIANPOINT((-4090.,5340.,2000.));
#9087= IFCCARTESIANPOINT((-4070.,5340.,1800.));
#9088= IFCCARTESIANPOINT((-4070.,6090.,1800.));
#9089= IFCCARTESIANPOINT((-4070.,6090.,2000.));
#9090= IFCCARTESIANPOINT((-4070.,5340.,2000.));
#9091= IFCCARTESIANPOINT((-4090.,5340.,201.));
#9092= IFCCARTESIANPOINT((-4090.,5540.,201.));
#9093= IFCCARTESIANPOINT((-4090.,5540.,1799.));
#9094= IFCCARTESIANPOINT((-4090.,5340.,1799.));
#9095= IFCCARTESIANPOINT((-4070.,5340.,201.));
#9096= IFCCARTESIANPOINT((-4070.,5540.,201.));
#9097= IFCCARTESIANPOINT((-4070.,5540.,1799.));
#9098= IFCCARTESIANPOINT((-4070.,5340.,1799.));
#9099= IFCCARTESIANPOINT((-4090.,5890.,201.));
#9100= IFCCARTESIANPOINT((-4090.,6090.,201.));
#9101= IFCCARTESIANPOINT((-4090.,6090.,1799.));
#9102= IFCCARTESIANPOINT((-4090.,5890.,1799.));
#9103= IFCCARTESIANPOINT((-4070.,5890.,201.));
#9104= IFCCARTESIANPOINT((-4070.,6090.,201.));
#9105= IFCCARTESIANPOINT((-4070.,6090.,1799.));
#9106= IFCCARTESIANPOINT((-4070.,5890.,1799.));
#9107= IFCCARTESIANPOINT((-4090.,5340.,200.));
#9108= IFCCARTESIANPOINT((-4090.,6090.,200.));
#9109= IFCCARTESIANPOINT((-4090.,6090.,0.));
#9110= IFCCARTESIANPOINT((-4090.,5340.,0.));
#9111= IFCCARTESIANPOINT((-4070.,5340.,200.));
#9112= IFCCARTESIANPOINT((-4070.,6090.,200.));
#9113= IFCCARTESIANPOINT((-4070.,6090.,0.));
#9114= IFCCARTESIANPOINT((-4070.,5340.,0.));
#9115= IFCCARTESIANPOINT((-4120.,5410.,1030.));
#9116= IFCCARTESIANPOINT((-4120.,5470.,1030.));
#9117= IFCCARTESIANPOINT((-4120.,5470.,970.));
#9118= IFCCARTESIANPOINT((-4120.,5410.,970.));
#9119= IFCCARTESIANPOINT((-4020.,5410.,1030.));
#9120= IFCCARTESIANPOINT((-4020.,5470.,1030.));
#9121= IFCCARTESIANPOINT((-4020.,5470.,970.));
#9122= IFCCARTESIANPOINT((-4020.,5410.,970.));
#9123= IFCCLOSEDSHELL((#9126,#9129,#9132,#9135,#9138,#9141,#9144,#9147,#9150,#9153,#9156,#9159,#9162,#9165,#9168,#9171,#9174,#9177,#9180,#9183,#9186,#9189,#9192,#9195,#9198,#9201,#9204,#9207,#9210,#9213,#9216,#9219,#9222,#9225,#9228,#9231,#9234,#9237,#9240,#9243,#9246,#9249,#9252,#9255,#9258,#9261,#9264,#9267,#9270,#9273,#9276,#9279,#9282,#9285,#9288,#9291,#9294,#9297,#9300,#9303,#9306,#9309,#9312,#9315,#9318,#9321,#9324,#9327,#9330,#9333,#9336,#9339,#9342,#9345,#9348,#9351,#9354,#9357,#9360,#9363,#9366,#9369,#9372,#9375,#9378,#9381,#9384,#9387,#9390,#9393,#9396,#9399,#9402,#9405,#9408,#9411,#9414,#9417,#9420,#9423,#9426,#9429));
#9124= IFCPOLYLOOP((#8987,#8988,#8989,#8990));
#9125= IFCFACEOUTERBOUND(#9124,.T.);
#9126= IFCFACE((#9125));
#9127= IFCPOLYLOOP((#8991,#8992,#8993,#8994));
#9128= IFCFACEOUTERBOUND(#9127,.T.);
#9129= IFCFACE((#9128));
#9130= IFCPOLYLOOP((#8987,#8988,#8992,#8991));
#9131= IFCFACEOUTERBOUND(#9130,.T.);
#9132= IFCFACE((#9131));
#9133= IFCPOLYLOOP((#8988,#8989,#8993,#8992));
#9134= IFCFACEOUTERBOUND(#9133,.T.);
#9135= IFCFACE((#9134));
#9136= IFCPOLYLOOP((#8989,#8990,#8994,#8993));
#9137= IFCFACEOUTERBOUND(#9136,.T.);
#9138= IFCFACE((#9137));
#9139= IFCPOLYLOOP((#8990,#8987,#8991,#8994));
#9140= IFCFACEOUTERBOUND(#9139,.T.);
#9141= IFCFACE((#9140));
#9142= IFCPOLYLOOP((#8995,#8996,#8997,#8998));
#9143= IFCFACEOUTERBOUND(#9142,.T.);
#9144= IFCFACE((#9143));
#9145= IFCPOLYLOOP((#8999,#9000,#9001,#9002));
#9146= IFCFACEOUTERBOUND(#9145,.T.);
#9147= IFCFACE((#9146));
#9148= IFCPOLYLOOP((#8995,#8996,#9000,#8999));
#9149= IFCFACEOUTERBOUND(#9148,.T.);
#9150= IFCFACE((#9149));
#9151= IFCPOLYLOOP((#8996,#8997,#9001,#9000));
#9152= IFCFACEOUTERBOUND(#9151,.T.);
#9153= IFCFACE((#9152));
#9154= IFCPOLYLOOP((#8997,#8998,#9002,#9001));
#9155= IFCFACEOUTERBOUND(#9154,.T.);
#9156= IFCFACE((#9155));
#9157= IFCPOLYLOOP((#8998,#8995,#8999,#9002));
#9158= IFCFACEOUTERBOUND(#9157,.T.);
#9159= IFCFACE((#9158));
#9160= IFCPOLYLOOP((#9003,#9004,#9005,#9006));
#9161= IFCFACEOUTERBOUND(#9160,.T.);
#9162= IFCFACE((#9161));
#9163= IFCPOLYLOOP((#9007,#9008,#9009,#9010));
#9164= IFCFACEOUTERBOUND(#9163,.T.);
#9165= IFCFACE((#9164));
#9166= IFCPOLYLOOP((#9003,#9004,#9008,#9007));
#9167= IFCFACEOUTERBOUND(#9166,.T.);
#9168= IFCFACE((#9167));
#9169= IFCPOLYLOOP((#9004,#9005,#9009,#9008));
#9170= IFCFACEOUTERBOUND(#9169,.T.);
#9171= IFCFACE((#9170));
#9172= IFCPOLYLOOP((#9005,#9006,#9010,#9009));
#9173= IFCFACEOUTERBOUND(#9172,.T.);
#9174= IFCFACE((#9173));
#9175= IFCPOLYLOOP((#9006,#9003,#9007,#9010));
#9176= IFCFACEOUTERBOUND(#9175,.T.);
#9177= IFCFACE((#9176));
#9178= IFCPOLYLOOP((#9011,#9012,#9013,#9014));
#9179= IFCFACEOUTERBOUND(#9178,.T.);
#9180= IFCFACE((#9179));
#9181= IFCPOLYLOOP((#9015,#9016,#9017,#9018));
#9182= IFCFACEOUTERBOUND(#9181,.T.);
#9183= IFCFACE((#9182));
#9184= IFCPOLYLOOP((#9011,#9012,#9016,#9015));
#9185= IFCFACEOUTERBOUND(#9184,.T.);
#9186= IFCFACE((#9185));
#9187= IFCPOLYLOOP((#9012,#9013,#9017,#9016));
#9188= IFCFACEOUTERBOUND(#9187,.T.);
#9189= IFCFACE((#9188));
#9190= IFCPOLYLOOP((#9013,#9014,#9018,#9017));
#9191= IFCFACEOUTERBOUND(#9190,.T.);
#9192= IFCFACE((#9191));
#9193= IFCPOLYLOOP((#9014,#9011,#9015,#9018));
#9194= IFCFACEOUTERBOUND(#9193,.T.);
#9195= IFCFACE((#9194));
#9196= IFCPOLYLOOP((#9019,#9020,#9021,#9022));
#9197= IFCFACEOUTERBOUND(#9196,.T.);
#9198= IFCFACE((#9197));
#9199= IFCPOLYLOOP((#9023,#9024,#9025,#9026));
#9200= IFCFACEOUTERBOUND(#9199,.T.);
#9201= IFCFACE((#9200));
#9202= IFCPOLYLOOP((#9019,#9020,#9024,#9023));
#9203= IFCFACEOUTERBOUND(#9202,.T.);
#9204= IFCFACE((#9203));
#9205= IFCPOLYLOOP((#9020,#9021,#9025,#9024));
#9206= IFCFACEOUTERBOUND(#9205,.T.);
#9207= IFCFACE((#9206));
#9208= IFCPOLYLOOP((#9021,#9022,#9026,#9025));
#9209= IFCFACEOUTERBOUND(#9208,.T.);
#9210= IFCFACE((#9209));
#9211= IFCPOLYLOOP((#9022,#9019,#9023,#9026));
#9212= IFCFACEOUTERBOUND(#9211,.T.);
#9213= IFCFACE((#9212));
#9214= IFCPOLYLOOP((#9027,#9028,#9029,#9030));
#9215= IFCFACEOUTERBOUND(#9214,.T.);
#9216= IFCFACE((#9215));
#9217= IFCPOLYLOOP((#9031,#9032,#9033,#9034));
#9218= IFCFACEOUTERBOUND(#9217,.T.);
#9219= IFCFACE((#9218));
#9220= IFCPOLYLOOP((#9027,#9028,#9032,#9031));
#9221= IFCFACEOUTERBOUND(#9220,.T.);
#9222= IFCFACE((#9221));
#9223= IFCPOLYLOOP((#9028,#9029,#9033,#9032));
#9224= IFCFACEOUTERBOUND(#9223,.T.);
#9225= IFCFACE((#9224));
#9226= IFCPOLYLOOP((#9029,#9030,#9034,#9033));
#9227= IFCFACEOUTERBOUND(#9226,.T.);
#9228= IFCFACE((#9227));
#9229= IFCPOLYLOOP((#9030,#9027,#9031,#9034));
#9230= IFCFACEOUTERBOUND(#9229,.T.);
#9231= IFCFACE((#9230));
#9232= IFCPOLYLOOP((#9035,#9036,#9037,#9038));
#9233= IFCFACEOUTERBOUND(#9232,.T.);
#9234= IFCFACE((#9233));
#9235= IFCPOLYLOOP((#9039,#9040,#9041,#9042));
#9236= IFCFACEOUTERBOUND(#9235,.T.);
#9237= IFCFACE((#9236));
#9238= IFCPOLYLOOP((#9035,#9036,#9040,#9039));
#9239= IFCFACEOUTERBOUND(#9238,.T.);
#9240= IFCFACE((#9239));
#9241= IFCPOLYLOOP((#9036,#9037,#9041,#9040));
#9242= IFCFACEOUTERBOUND(#9241,.T.);
#9243= IFCFACE((#9242));
#9244= IFCPOLYLOOP((#9037,#9038,#9042,#9041));
#9245= IFCFACEOUTERBOUND(#9244,.T.);
#9246= IFCFACE((#9245));
#9247= IFCPOLYLOOP((#9038,#9035,#9039,#9042));
#9248= IFCFACEOUTERBOUND(#9247,.T.);
#9249= IFCFACE((#9248));
#9250= IFCPOLYLOOP((#9043,#9044,#9045,#9046));
#9251= IFCFACEOUTERBOUND(#9250,.T.);
#9252= IFCFACE((#9251));
#9253= IFCPOLYLOOP((#9047,#9048,#9049,#9050));
#9254= IFCFACEOUTERBOUND(#9253,.T.);
#9255= IFCFACE((#9254));
#9256= IFCPOLYLOOP((#9043,#9044,#9048,#9047));
#9257= IFCFACEOUTERBOUND(#9256,.T.);
#9258= IFCFACE((#9257));
#9259= IFCPOLYLOOP((#9044,#9045,#9049,#9048));
#9260= IFCFACEOUTERBOUND(#9259,.T.);
#9261= IFCFACE((#9260));
#9262= IFCPOLYLOOP((#9045,#9046,#9050,#9049));
#9263= IFCFACEOUTERBOUND(#9262,.T.);
#9264= IFCFACE((#9263));
#9265= IFCPOLYLOOP((#9046,#9043,#9047,#9050));
#9266= IFCFACEOUTERBOUND(#9265,.T.);
#9267= IFCFACE((#9266));
#9268= IFCPOLYLOOP((#9051,#9052,#9053,#9054));
#9269= IFCFACEOUTERBOUND(#9268,.T.);
#9270= IFCFACE((#9269));
#9271= IFCPOLYLOOP((#9055,#9056,#9057,#9058));
#9272= IFCFACEOUTERBOUND(#9271,.T.);
#9273= IFCFACE((#9272));
#9274= IFCPOLYLOOP((#9051,#9052,#9056,#9055));
#9275= IFCFACEOUTERBOUND(#9274,.T.);
#9276= IFCFACE((#9275));
#9277= IFCPOLYLOOP((#9052,#9053,#9057,#9056));
#9278= IFCFACEOUTERBOUND(#9277,.T.);
#9279= IFCFACE((#9278));
#9280= IFCPOLYLOOP((#9053,#9054,#9058,#9057));
#9281= IFCFACEOUTERBOUND(#9280,.T.);
#9282= IFCFACE((#9281));
#9283= IFCPOLYLOOP((#9054,#9051,#9055,#9058));
#9284= IFCFACEOUTERBOUND(#9283,.T.);
#9285= IFCFACE((#9284));
#9286= IFCPOLYLOOP((#9059,#9060,#9061,#9062));
#9287= IFCFACEOUTERBOUND(#9286,.T.);
#9288= IFCFACE((#9287));
#9289= IFCPOLYLOOP((#9063,#9064,#9065,#9066));
#9290= IFCFACEOUTERBOUND(#9289,.T.);
#9291= IFCFACE((#9290));
#9292= IFCPOLYLOOP((#9059,#9060,#9064,#9063));
#9293= IFCFACEOUTERBOUND(#9292,.T.);
#9294= IFCFACE((#9293));
#9295= IFCPOLYLOOP((#9060,#9061,#9065,#9064));
#9296= IFCFACEOUTERBOUND(#9295,.T.);
#9297= IFCFACE((#9296));
#9298= IFCPOLYLOOP((#9061,#9062,#9066,#9065));
#9299= IFCFACEOUTERBOUND(#9298,.T.);
#9300= IFCFACE((#9299));
#9301= IFCPOLYLOOP((#9062,#9059,#9063,#9066));
#9302= IFCFACEOUTERBOUND(#9301,.T.);
#9303= IFCFACE((#9302));
#9304= IFCPOLYLOOP((#9067,#9068,#9069,#9070));
#9305= IFCFACEOUTERBOUND(#9304,.T.);
#9306= IFCFACE((#9305));
#9307= IFCPOLYLOOP((#9071,#9072,#9073,#9074));
#9308= IFCFACEOUTERBOUND(#9307,.T.);
#9309= IFCFACE((#9308));
#9310= IFCPOLYLOOP((#9067,#9068,#9072,#9071));
#9311= IFCFACEOUTERBOUND(#9310,.T.);
#9312= IFCFACE((#9311));
#9313= IFCPOLYLOOP((#9068,#9069,#9073,#9072));
#9314= IFCFACEOUTERBOUND(#9313,.T.);
#9315= IFCFACE((#9314));
#9316= IFCPOLYLOOP((#9069,#9070,#9074,#9073));
#9317= IFCFACEOUTERBOUND(#9316,.T.);
#9318= IFCFACE((#9317));
#9319= IFCPOLYLOOP((#9070,#9067,#9071,#9074));
#9320= IFCFACEOUTERBOUND(#9319,.T.);
#9321= IFCFACE((#9320));
#9322= IFCPOLYLOOP((#9075,#9076,#9077,#9078));
#9323= IFCFACEOUTERBOUND(#9322,.T.);
#9324= IFCFACE((#9323));
#9325= IFCPOLYLOOP((#9079,#9080,#9081,#9082));
#9326= IFCFACEOUTERBOUND(#9325,.T.);
#9327= IFCFACE((#9326));
#9328= IFCPOLYLOOP((#9075,#9076,#9080,#9079));
#9329= IFCFACEOUTERBOUND(#9328,.T.);
#9330= IFCFACE((#9329));
#9331= IFCPOLYLOOP((#9076,#9077,#9081,#9080));
#9332= IFCFACEOUTERBOUND(#9331,.T.);
#9333= IFCFACE((#9332));
#9334= IFCPOLYLOOP((#9077,#9078,#9082,#9081));
#9335= IFCFACEOUTERBOUND(#9334,.T.);
#9336= IFCFACE((#9335));
#9337= IFCPOLYLOOP((#9078,#9075,#9079,#9082));
#9338= IFCFACEOUTERBOUND(#9337,.T.);
#9339= IFCFACE((#9338));
#9340= IFCPOLYLOOP((#9083,#9084,#9085,#9086));
#9341= IFCFACEOUTERBOUND(#9340,.T.);
#9342= IFCFACE((#9341));
#9343= IFCPOLYLOOP((#9087,#9088,#9089,#9090));
#9344= IFCFACEOUTERBOUND(#9343,.T.);
#9345= IFCFACE((#9344));
#9346= IFCPOLYLOOP((#9083,#9084,#9088,#9087));
#9347= IFCFACEOUTERBOUND(#9346,.T.);
#9348= IFCFACE((#9347));
#9349= IFCPOLYLOOP((#9084,#9085,#9089,#9088));
#9350= IFCFACEOUTERBOUND(#9349,.T.);
#9351= IFCFACE((#9350));
#9352= IFCPOLYLOOP((#9085,#9086,#9090,#9089));
#9353= IFCFACEOUTERBOUND(#9352,.T.);
#9354= IFCFACE((#9353));
#9355= IFCPOLYLOOP((#9086,#9083,#9087,#9090));
#9356= IFCFACEOUTERBOUND(#9355,.T.);
#9357= IFCFACE((#9356));
#9358= IFCPOLYLOOP((#9091,#9092,#9093,#9094));
#9359= IFCFACEOUTERBOUND(#9358,.T.);
#9360= IFCFACE((#9359));
#9361= IFCPOLYLOOP((#9095,#9096,#9097,#9098));
#9362= IFCFACEOUTERBOUND(#9361,.T.);
#9363= IFCFACE((#9362));
#9364= IFCPOLYLOOP((#9091,#9092,#9096,#9095));
#9365= IFCFACEOUTERBOUND(#9364,.T.);
#9366= IFCFACE((#9365));
#9367= IFCPOLYLOOP((#9092,#9093,#9097,#9096));
#9368= IFCFACEOUTERBOUND(#9367,.T.);
#9369= IFCFACE((#9368));
#9370= IFCPOLYLOOP((#9093,#9094,#9098,#9097));
#9371= IFCFACEOUTERBOUND(#9370,.T.);
#9372= IFCFACE((#9371));
#9373= IFCPOLYLOOP((#9094,#9091,#9095,#9098));
#9374= IFCFACEOUTERBOUND(#9373,.T.);
#9375= IFCFACE((#9374));
#9376= IFCPOLYLOOP((#9099,#9100,#9101,#9102));
#9377= IFCFACEOUTERBOUND(#9376,.T.);
#9378= IFCFACE((#9377));
#9379= IFCPOLYLOOP((#9103,#9104,#9105,#9106));
#9380= IFCFACEOUTERBOUND(#9379,.T.);
#9381= IFCFACE((#9380));
#9382= IFCPOLYLOOP((#9099,#9100,#9104,#9103));
#9383= IFCFACEOUTERBOUND(#9382,.T.);
#9384= IFCFACE((#9383));
#9385= IFCPOLYLOOP((#9100,#9101,#9105,#9104));
#9386= IFCFACEOUTERBOUND(#9385,.T.);
#9387= IFCFACE((#9386));
#9388= IFCPOLYLOOP((#9101,#9102,#9106,#9105));
#9389= IFCFACEOUTERBOUND(#9388,.T.);
#9390= IFCFACE((#9389));
#9391= IFCPOLYLOOP((#9102,#9099,#9103,#9106));
#9392= IFCFACEOUTERBOUND(#9391,.T.);
#9393= IFCFACE((#9392));
#9394= IFCPOLYLOOP((#9107,#9108,#9109,#9110));
#9395= IFCFACEOUTERBOUND(#9394,.T.);
#9396= IFCFACE((#9395));
#9397= IFCPOLYLOOP((#9111,#9112,#9113,#9114));
#9398= IFCFACEOUTERBOUND(#9397,.T.);
#9399= IFCFACE((#9398));
#9400= IFCPOLYLOOP((#9107,#9108,#9112,#9111));
#9401= IFCFACEOUTERBOUND(#9400,.T.);
#9402= IFCFACE((#9401));
#9403= IFCPOLYLOOP((#9108,#9109,#9113,#9112));
#9404= IFCFACEOUTERBOUND(#9403,.T.);
#9405= IFCFACE((#9404));
#9406= IFCPOLYLOOP((#9109,#9110,#9114,#9113));
#9407= IFCFACEOUTERBOUND(#9406,.T.);
#9408= IFCFACE((#9407));
#9409= IFCPOLYLOOP((#9110,#9107,#9111,#9114));
#9410= IFCFACEOUTERBOUND(#9409,.T.);
#9411= IFCFACE((#9410));
#9412= IFCPOLYLOOP((#9115,#9116,#9117,#9118));
#9413= IFCFACEOUTERBOUND(#9412,.T.);
#9414= IFCFACE((#9413));
#9415= IFCPOLYLOOP((#9119,#9120,#9121,#9122));
#9416= IFCFACEOUTERBOUND(#9415,.T.);
#9417= IFCFACE((#9416));
#9418= IFCPOLYLOOP((#9115,#9116,#9120,#9119));
#9419= IFCFACEOUTERBOUND(#9418,.T.);
#9420= IFCFACE((#9419));
#9421= IFCPOLYLOOP((#9116,#9117,#9121,#9120));
#9422= IFCFACEOUTERBOUND(#9421,.T.);
#9423= IFCFACE((#9422));
#9424= IFCPOLYLOOP((#9117,#9118,#9122,#9121));
#9425= IFCFACEOUTERBOUND(#9424,.T.);
#9426= IFCFACE((#9425));
#9427= IFCPOLYLOOP((#9118,#9115,#9119,#9122));
#9428= IFCFACEOUTERBOUND(#9427,.T.);
#9429= IFCFACE((#9428));
#9430= IFCFACETEDBREP(#9123);
#9431= IFCWALL('0V5ARsZLPBARFubV5q5VVb',#2,$,$,$,$,$,$);
#9432= IFCDOOR('0gZXPiTQPBj9mCaluDXVIs',#2,$,$,$,$,#9433,$,200,85);
#9433= IFCPRODUCTDEFINITIONSHAPE($,$,(#9434));
#9434= IFCSHAPEREPRESENTATION(#11,'Body','Brep',(#9592));
#9435= IFCCARTESIANPOINT((-5485.,8240.,1800.));
#9436= IFCCARTESIANPOINT((-4635.,8240.,1800.));
#9437= IFCCARTESIANPOINT((-4635.,8240.,2000.));
#9438= IFCCARTESIANPOINT((-5485.,8240.,2000.));
#9439= IFCCARTESIANPOINT((-5485.,8220.,1800.));
#9440= IFCCARTESIANPOINT((-4635.,8220.,1800.));
#9441= IFCCARTESIANPOINT((-4635.,8220.,2000.));
#9442= IFCCARTESIANPOINT((-5485.,8220.,2000.));
#9443= IFCCARTESIANPOINT((-5485.,8240.,201.));
#9444= IFCCARTESIANPOINT((-5285.,8240.,201.));
#9445= IFCCARTESIANPOINT((-5285.,8240.,1799.));
#9446= IFCCARTESIANPOINT((-5485.,8240.,1799.));
#9447= IFCCARTESIANPOINT((-5485.,8220.,201.));
#9448= IFCCARTESIANPOINT((-5285.,8220.,201.));
#9449= IFCCARTESIANPOINT((-5285.,8220.,1799.));
#9450= IFCCARTESIANPOINT((-5485.,8220.,1799.));
#9451= IFCCARTESIANPOINT((-5284.,8230.,201.));
#9452= IFCCARTESIANPOINT((-4836.,8230.,201.));
#9453= IFCCARTESIANPOINT((-4836.,8230.,1799.));
#9454= IFCCARTESIANPOINT((-5284.,8230.,1799.));
#9455= IFCCARTESIANPOINT((-5284.,8220.,201.));
#9456= IFCCARTESIANPOINT((-4836.,8220.,201.));
#9457= IFCCARTESIANPOINT((-4836.,8220.,1799.));
#9458= IFCCARTESIANPOINT((-5284.,8220.,1799.));
#9459= IFCCARTESIANPOINT((-4835.,8240.,201.));
#9460= IFCCARTESIANPOINT((-4635.,8240.,201.));
#9461= IFCCARTESIANPOINT((-4635.,8240.,1799.));
#9462= IFCCARTESIANPOINT((-4835.,8240.,1799.));
#9463= IFCCARTESIANPOINT((-4835.,8220.,201.));
#9464= IFCCARTESIANPOINT((-4635.,8220.,201.));
#9465= IFCCARTESIANPOINT((-4635.,8220.,1799.));
#9466= IFCCARTESIANPOINT((-4835.,8220.,1799.));
#9467= IFCCARTESIANPOINT((-5485.,8240.,200.));
#9468= IFCCARTESIANPOINT((-4635.,8240.,200.));
#9469= IFCCARTESIANPOINT((-4635.,8240.,0.));
#9470= IFCCARTESIANPOINT((-5485.,8240.,0.));
#9471= IFCCARTESIANPOINT((-5485.,8220.,200.));
#9472= IFCCARTESIANPOINT((-4635.,8220.,200.));
#9473= IFCCARTESIANPOINT((-4635.,8220.,0.));
#9474= IFCCARTESIANPOINT((-5485.,8220.,0.));
#9475= IFCCARTESIANPOINT((-5415.,8270.,1030.));
#9476= IFCCARTESIANPOINT((-5355.,8270.,1030.));
#9477= IFCCARTESIANPOINT((-5355.,8270.,970.));
#9478= IFCCARTESIANPOINT((-5415.,8270.,970.));
#9479= IFCCARTESIANPOINT((-5415.,8170.,1030.));
#9480= IFCCARTESIANPOINT((-5355.,8170.,1030.));
#9481= IFCCARTESIANPOINT((-5355.,8170.,970.));
#9482= IFCCARTESIANPOINT((-5415.,8170.,970.));
#9483= IFCCLOSEDSHELL((#9486,#9489,#9492,#9495,#9498,#9501,#9504,#9507,#9510,#9513,#9516,#9519,#9522,#9525,#9528,#9531,#9534,#9537,#9540,#9543,#9546,#9549,#9552,#9555,#9558,#9561,#9564,#9567,#9570,#9573,#9576,#9579,#9582,#9585,#9588,#9591));
#9484= IFCPOLYLOOP((#9435,#9436,#9437,#9438));
#9485= IFCFACEOUTERBOUND(#9484,.T.);
#9486= IFCFACE((#9485));
#9487= IFCPOLYLOOP((#9439,#9440,#9441,#9442));
#9488= IFCFACEOUTERBOUND(#9487,.T.);
#9489= IFCFACE((#9488));
#9490= IFCPOLYLOOP((#9435,#9436,#9440,#9439));
#9491= IFCFACEOUTERBOUND(#9490,.T.);
#9492= IFCFACE((#9491));
#9493= IFCPOLYLOOP((#9436,#9437,#9441,#9440));
#9494= IFCFACEOUTERBOUND(#9493,.T.);
#9495= IFCFACE((#9494));
#9496= IFCPOLYLOOP((#9437,#9438,#9442,#9441));
#9497= IFCFACEOUTERBOUND(#9496,.T.);
#9498= IFCFACE((#9497));
#9499= IFCPOLYLOOP((#9438,#9435,#9439,#9442));
#9500= IFCFACEOUTERBOUND(#9499,.T.);
#9501= IFCFACE((#9500));
#9502= IFCPOLYLOOP((#9443,#9444,#9445,#9446));
#9503= IFCFACEOUTERBOUND(#9502,.T.);
#9504= IFCFACE((#9503));
#9505= IFCPOLYLOOP((#9447,#9448,#9449,#9450));
#9506= IFCFACEOUTERBOUND(#9505,.T.);
#9507= IFCFACE((#9506));
#9508= IFCPOLYLOOP((#9443,#9444,#9448,#9447));
#9509= IFCFACEOUTERBOUND(#9508,.T.);
#9510= IFCFACE((#9509));
#9511= IFCPOLYLOOP((#9444,#9445,#9449,#9448));
#9512= IFCFACEOUTERBOUND(#9511,.T.);
#9513= IFCFACE((#9512));
#9514= IFCPOLYLOOP((#9445,#9446,#9450,#9449));
#9515= IFCFACEOUTERBOUND(#9514,.T.);
#9516= IFCFACE((#9515));
#9517= IFCPOLYLOOP((#9446,#9443,#9447,#9450));
#9518= IFCFACEOUTERBOUND(#9517,.T.);
#9519= IFCFACE((#9518));
#9520= IFCPOLYLOOP((#9451,#9452,#9453,#9454));
#9521= IFCFACEOUTERBOUND(#9520,.T.);
#9522= IFCFACE((#9521));
#9523= IFCPOLYLOOP((#9455,#9456,#9457,#9458));
#9524= IFCFACEOUTERBOUND(#9523,.T.);
#9525= IFCFACE((#9524));
#9526= IFCPOLYLOOP((#9451,#9452,#9456,#9455));
#9527= IFCFACEOUTERBOUND(#9526,.T.);
#9528= IFCFACE((#9527));
#9529= IFCPOLYLOOP((#9452,#9453,#9457,#9456));
#9530= IFCFACEOUTERBOUND(#9529,.T.);
#9531= IFCFACE((#9530));
#9532= IFCPOLYLOOP((#9453,#9454,#9458,#9457));
#9533= IFCFACEOUTERBOUND(#9532,.T.);
#9534= IFCFACE((#9533));
#9535= IFCPOLYLOOP((#9454,#9451,#9455,#9458));
#9536= IFCFACEOUTERBOUND(#9535,.T.);
#9537= IFCFACE((#9536));
#9538= IFCPOLYLOOP((#9459,#9460,#9461,#9462));
#9539= IFCFACEOUTERBOUND(#9538,.T.);
#9540= IFCFACE((#9539));
#9541= IFCPOLYLOOP((#9463,#9464,#9465,#9466));
#9542= IFCFACEOUTERBOUND(#9541,.T.);
#9543= IFCFACE((#9542));
#9544= IFCPOLYLOOP((#9459,#9460,#9464,#9463));
#9545= IFCFACEOUTERBOUND(#9544,.T.);
#9546= IFCFACE((#9545));
#9547= IFCPOLYLOOP((#9460,#9461,#9465,#9464));
#9548= IFCFACEOUTERBOUND(#9547,.T.);
#9549= IFCFACE((#9548));
#9550= IFCPOLYLOOP((#9461,#9462,#9466,#9465));
#9551= IFCFACEOUTERBOUND(#9550,.T.);
#9552= IFCFACE((#9551));
#9553= IFCPOLYLOOP((#9462,#9459,#9463,#9466));
#9554= IFCFACEOUTERBOUND(#9553,.T.);
#9555= IFCFACE((#9554));
#9556= IFCPOLYLOOP((#9467,#9468,#9469,#9470));
#9557= IFCFACEOUTERBOUND(#9556,.T.);
#9558= IFCFACE((#9557));
#9559= IFCPOLYLOOP((#9471,#9472,#9473,#9474));
#9560= IFCFACEOUTERBOUND(#9559,.T.);
#9561= IFCFACE((#9560));
#9562= IFCPOLYLOOP((#9467,#9468,#9472,#9471));
#9563= IFCFACEOUTERBOUND(#9562,.T.);
#9564= IFCFACE((#9563));
#9565= IFCPOLYLOOP((#9468,#9469,#9473,#9472));
#9566= IFCFACEOUTERBOUND(#9565,.T.);
#9567= IFCFACE((#9566));
#9568= IFCPOLYLOOP((#9469,#9470,#9474,#9473));
#9569= IFCFACEOUTERBOUND(#9568,.T.);
#9570= IFCFACE((#9569));
#9571= IFCPOLYLOOP((#9470,#9467,#9471,#9474));
#9572= IFCFACEOUTERBOUND(#9571,.T.);
#9573= IFCFACE((#9572));
#9574= IFCPOLYLOOP((#9475,#9476,#9477,#9478));
#9575= IFCFACEOUTERBOUND(#9574,.T.);
#9576= IFCFACE((#9575));
#9577= IFCPOLYLOOP((#9479,#9480,#9481,#9482));
#9578= IFCFACEOUTERBOUND(#9577,.T.);
#9579= IFCFACE((#9578));
#9580= IFCPOLYLOOP((#9475,#9476,#9480,#9479));
#9581= IFCFACEOUTERBOUND(#9580,.T.);
#9582= IFCFACE((#9581));
#9583= IFCPOLYLOOP((#9476,#9477,#9481,#9480));
#9584= IFCFACEOUTERBOUND(#9583,.T.);
#9585= IFCFACE((#9584));
#9586= IFCPOLYLOOP((#9477,#9478,#9482,#9481));
#9587= IFCFACEOUTERBOUND(#9586,.T.);
#9588= IFCFACE((#9587));
#9589= IFCPOLYLOOP((#9478,#9475,#9479,#9482));
#9590= IFCFACEOUTERBOUND(#9589,.T.);
#9591= IFCFACE((#9590));
#9592= IFCFACETEDBREP(#9483);
#9593= IFCPRESENTATIONLAYERASSIGNMENT('stairs layer',$,(),$);
ENDSEC;
END-ISO-10303-21;
